<?xml version="1.0" encoding="UTF-8"?>
<!DOCTYPE X3D PUBLIC "ISO//Web3D//DTD X3D 3.1//EN" "http://www.web3d.org/specifications/x3d-3.1.dtd">
<X3D xsd:noNamespaceSchemaLocation="http://www.web3d.org/specifications/x3d-3.1.xsd" profile="Immersive" version="3.1" xmlns:xsd="http://www.w3.org/2001/XMLSchema-instance">
 <head>
  <meta content="Modelo 3D_AliciaSalvador_M2_T5.x3d" name="title"/>
  <meta content="Generated from Meshlab X3D Exported" name="description"/>
  <meta content="13 enero 2025" name="created"/>
  <meta content="Meshlab X3D Exported, http://www.meshlab.net" name="generator"/>
 </head>
 <Scene>
  <Shape>
   <Appearance>
    <ImageTexture url="&quot;mummy mask simplificada AliciaSalvador_tex.png&quot;"/>
   </Appearance>
   <IndexedFaceSet texCoordIndex="0 1 2 -1 3 4 5 -1 1 6 2 -1 3 2 7 -1 7 4 3 -1 8 2 6 -1 7 2 8 -1 4 9 5 -1 10 4 7 -1 0 2 3 -1 11 1 0 -1 5 9 12 -1 12 13 5 -1 14 15 16 -1 4 10 17 -1 18 15 19 -1 1 20 21 -1 3 5 22 -1 19 15 23 -1 6 24 8 -1 15 18 16 -1 25 3 22 -1 9 26 12 -1 6 1 21 -1 9 4 17 -1 19 12 18 -1 13 22 5 -1 12 19 13 -1 11 20 1 -1 26 18 12 -1 11 0 27 -1 27 0 25 -1 3 25 0 -1 28 18 26 -1 29 23 15 -1 30 19 23 -1 13 31 22 -1 7 8 10 -1 32 33 14 -1 14 29 15 -1 26 9 17 -1 13 19 30 -1 14 33 29 -1 23 29 34 -1 22 31 35 -1 34 36 23 -1 29 33 37 -1 14 16 38 -1 35 39 22 -1 18 28 16 -1 25 22 39 -1 30 23 36 -1 13 30 31 -1 26 17 40 -1 28 26 40 -1 41 11 27 -1 31 30 36 -1 6 21 24 -1 32 14 38 -1 34 29 42 -1 31 36 43 -1 27 25 44 -1 25 39 44 -1 45 21 20 -1 43 35 31 -1 41 20 11 -1 28 38 16 -1 29 37 42 -1 44 46 27 -1 47 48 49 -1 50 21 45 -1 32 38 51 -1 24 21 52 -1 32 47 49 -1 24 53 8 -1 33 32 49 -1 49 54 33 -1 55 43 36 -1 54 49 48 -1 10 8 53 -1 20 41 56 -1 36 34 55 -1 54 37 33 -1 41 27 46 -1 35 43 57 -1 39 35 58 -1 55 34 59 -1 45 20 56 -1 47 32 51 -1 60 61 62 -1 63 61 60 -1 55 64 43 -1 37 54 65 -1 58 35 57 -1 44 39 66 -1 37 67 42 -1 54 48 60 -1 10 68 17 -1 65 67 37 -1 58 66 39 -1 52 21 50 -1 63 48 47 -1 60 48 63 -1 69 70 71 -1 41 46 72 -1 50 45 73 -1 65 54 74 -1 54 60 74 -1 44 75 46 -1 10 53 68 -1 64 57 43 -1 76 63 47 -1 59 34 42 -1 70 69 61 -1 66 75 44 -1 77 28 40 -1 56 73 45 -1 58 78 66 -1 64 55 79 -1 76 80 63 -1 81 71 82 -1 57 83 58 -1 60 62 74 -1 61 63 80 -1 70 61 80 -1 74 62 84 -1 84 61 69 -1 62 61 84 -1 85 70 86 -1 71 70 85 -1 71 81 69 -1 81 82 87 -1 88 73 56 -1 57 64 89 -1 90 69 81 -1 75 66 78 -1 83 78 58 -1 76 47 51 -1 40 17 68 -1 38 91 51 -1 92 67 65 -1 84 93 74 -1 56 41 88 -1 94 24 52 -1 80 86 70 -1 72 46 95 -1 84 69 90 -1 87 82 96 -1 67 97 42 -1 53 24 94 -1 42 97 59 -1 82 71 85 -1 98 84 90 -1 79 89 64 -1 41 72 88 -1 75 95 46 -1 97 55 59 -1 65 74 99 -1 38 28 77 -1 100 68 53 -1 97 67 92 -1 89 83 57 -1 91 38 101 -1 74 93 99 -1 90 102 98 -1 99 92 65 -1 103 82 85 -1 96 82 103 -1 97 79 55 -1 91 76 51 -1 93 84 104 -1 50 94 52 -1 80 76 105 -1 97 92 106 -1 77 101 38 -1 94 100 53 -1 103 85 107 -1 108 75 78 -1 98 102 109 -1 83 89 110 -1 111 108 78 -1 73 88 112 -1 92 99 113 -1 77 40 114 -1 84 98 115 -1 115 104 84 -1 109 102 116 -1 113 93 104 -1 99 93 113 -1 68 114 40 -1 76 91 105 -1 85 86 117 -1 107 85 117 -1 78 83 111 -1 88 72 118 -1 86 80 117 -1 101 119 91 -1 95 75 108 -1 107 120 103 -1 113 104 121 -1 115 98 122 -1 98 109 122 -1 114 123 124 -1 114 68 123 -1 110 89 125 -1 89 79 126 -1 94 50 127 -1 128 77 114 -1 123 68 100 -1 106 92 129 -1 130 100 94 -1 79 97 131 -1 112 88 118 -1 118 132 112 -1 105 117 80 -1 110 111 83 -1 128 133 77 -1 104 115 134 -1 77 133 101 -1 113 129 92 -1 135 91 119 -1 105 91 135 -1 131 126 79 -1 136 94 127 -1 126 137 89 -1 117 105 138 -1 50 139 127 -1 107 117 140 -1 139 50 73 -1 110 125 141 -1 72 95 118 -1 106 131 97 -1 135 138 105 -1 125 89 137 -1 119 101 133 -1 121 104 134 -1 128 114 142 -1 140 117 138 -1 143 106 129 -1 144 129 113 -1 124 142 114 -1 139 73 112 -1 137 126 131 -1 115 122 145 -1 146 145 122 -1 132 118 147 -1 107 140 148 -1 142 149 128 -1 118 95 147 -1 122 109 146 -1 120 107 150 -1 133 128 151 -1 138 135 152 -1 139 112 153 -1 138 152 140 -1 123 100 130 -1 154 112 132 -1 111 110 155 -1 144 113 121 -1 130 94 136 -1 156 140 152 -1 157 140 156 -1 130 158 123 -1 129 144 143 -1 151 128 149 -1 148 159 150 -1 150 107 148 -1 152 135 160 -1 134 115 145 -1 158 124 123 -1 95 108 147 -1 119 133 151 -1 161 142 124 -1 157 148 140 -1 154 132 162 -1 162 132 147 -1 163 111 155 -1 164 135 119 -1 144 165 143 -1 125 137 166 -1 108 111 163 -1 121 134 167 -1 152 168 156 -1 160 168 152 -1 131 169 137 -1 159 148 157 -1 127 139 170 -1 167 144 121 -1 169 131 106 -1 108 171 147 -1 171 108 163 -1 164 119 151 -1 166 141 125 -1 157 156 172 -1 146 173 145 -1 135 164 174 -1 110 141 155 -1 165 144 175 -1 176 160 135 -1 142 177 149 -1 178 127 170 -1 130 136 179 -1 176 180 160 -1 173 146 181 -1 177 182 149 -1 178 136 127 -1 153 112 154 -1 175 144 167 -1 166 183 141 -1 147 171 184 -1 145 185 134 -1 171 163 186 -1 172 156 168 -1 142 161 177 -1 130 187 158 -1 141 188 155 -1 185 167 134 -1 151 149 182 -1 174 176 135 -1 186 184 171 -1 189 186 163 -1 137 190 166 -1 124 158 191 -1 191 161 124 -1 178 179 136 -1 192 139 153 -1 187 193 158 -1 169 190 137 -1 155 194 163 -1 168 160 180 -1 106 143 195 -1 170 139 192 -1 164 151 182 -1 191 158 193 -1 183 166 190 -1 185 145 173 -1 178 170 192 -1 187 130 179 -1 196 154 162 -1 162 147 184 -1 195 169 106 -1 194 189 163 -1 185 197 167 -1 183 188 141 -1 155 188 194 -1 175 197 198 -1 199 193 187 -1 175 167 197 -1 143 165 200 -1 191 201 161 -1 201 202 161 -1 169 203 190 -1 204 203 169 -1 188 183 194 -1 172 168 205 -1 174 164 206 -1 168 180 205 -1 161 202 177 -1 187 179 199 -1 195 143 200 -1 207 200 165 -1 207 165 175 -1 192 153 208 -1 154 196 209 -1 162 184 196 -1 186 210 184 -1 211 157 172 -1 190 212 183 -1 190 203 212 -1 207 175 198 -1 153 154 213 -1 197 185 214 -1 164 182 206 -1 183 215 194 -1 196 184 216 -1 210 186 189 -1 191 217 201 -1 177 206 182 -1 215 218 194 -1 169 195 204 -1 154 209 213 -1 209 196 216 -1 193 217 191 -1 211 172 205 -1 180 176 219 -1 220 199 179 -1 198 197 214 -1 200 207 221 -1 207 198 222 -1 185 173 223 -1 195 200 224 -1 225 178 192 -1 223 173 226 -1 193 199 227 -1 224 200 221 -1 204 228 203 -1 208 153 213 -1 221 207 222 -1 174 219 176 -1 174 206 229 -1 230 180 219 -1 180 231 205 -1 230 231 180 -1 216 184 210 -1 212 215 183 -1 214 185 223 -1 225 192 208 -1 222 198 232 -1 199 220 227 -1 204 233 228 -1 212 234 215 -1 205 231 235 -1 202 201 236 -1 179 178 220 -1 237 193 227 -1 238 203 228 -1 218 215 234 -1 195 233 204 -1 212 203 234 -1 174 229 219 -1 195 224 239 -1 198 214 232 -1 210 189 240 -1 211 205 235 -1 201 217 236 -1 236 241 202 -1 202 206 177 -1 239 224 221 -1 242 221 222 -1 218 243 194 -1 239 233 195 -1 237 217 193 -1 210 244 216 -1 240 244 210 -1 238 245 203 -1 208 213 246 -1 246 213 247 -1 220 178 225 -1 240 189 248 -1 213 209 247 -1 189 194 243 -1 214 223 249 -1 250 216 244 -1 206 251 229 -1 231 230 252 -1 236 217 237 -1 228 233 238 -1 222 232 253 -1 254 222 253 -1 241 255 206 -1 237 227 256 -1 232 214 249 -1 242 222 254 -1 257 241 236 -1 248 189 258 -1 209 216 250 -1 203 245 234 -1 202 241 206 -1 227 220 259 -1 232 249 253 -1 251 206 255 -1 234 260 218 -1 248 244 240 -1 234 245 260 -1 256 257 237 -1 236 237 257 -1 243 258 189 -1 261 218 260 -1 220 225 262 -1 263 219 229 -1 257 264 241 -1 219 263 230 -1 241 264 255 -1 250 244 265 -1 253 249 266 -1 233 267 238 -1 268 249 223 -1 220 262 269 -1 258 243 270 -1 243 218 261 -1 244 248 271 -1 239 221 272 -1 259 256 227 -1 251 273 229 -1 266 249 268 -1 267 274 238 -1 263 229 273 -1 265 244 271 -1 275 264 257 -1 262 225 276 -1 272 221 242 -1 260 245 274 -1 209 250 247 -1 242 254 277 -1 245 238 274 -1 243 261 270 -1 260 278 261 -1 267 233 239 -1 257 256 279 -1 230 263 280 -1 254 253 281 -1 239 272 282 -1 264 283 255 -1 252 284 231 -1 235 231 284 -1 274 285 260 -1 271 248 258 -1 269 259 220 -1 279 275 257 -1 267 239 286 -1 273 280 263 -1 276 208 246 -1 287 276 246 -1 239 282 286 -1 247 288 246 -1 252 230 280 -1 225 208 276 -1 284 252 289 -1 277 272 242 -1 270 278 290 -1 278 270 261 -1 285 278 260 -1 259 291 256 -1 266 281 253 -1 291 279 256 -1 275 292 264 -1 289 252 280 -1 287 246 288 -1 293 284 289 -1 277 282 272 -1 266 268 294 -1 295 262 296 -1 262 276 296 -1 284 297 235 -1 288 247 250 -1 250 298 288 -1 269 262 295 -1 265 271 299 -1 300 271 258 -1 258 270 300 -1 301 273 251 -1 254 281 277 -1 281 266 294 -1 283 264 292 -1 251 255 301 -1 265 298 250 -1 290 278 302 -1 285 302 278 -1 303 289 280 -1 270 290 300 -1 292 275 304 -1 283 292 305 -1 306 285 274 -1 291 259 307 -1 273 308 280 -1 267 306 274 -1 307 279 291 -1 301 255 283 -1 296 276 287 -1 309 286 282 -1 298 265 310 -1 285 306 311 -1 267 286 311 -1 294 312 281 -1 286 309 313 -1 297 284 293 -1 277 281 282 -1 271 300 314 -1 315 312 294 -1 311 306 267 -1 316 290 302 -1 281 317 282 -1 312 317 281 -1 269 318 259 -1 299 271 314 -1 314 290 319 -1 285 320 302 -1 287 288 321 -1 288 298 321 -1 290 314 300 -1 297 293 322 -1 293 289 303 -1 313 311 286 -1 309 282 317 -1 298 310 323 -1 310 265 299 -1 324 312 315 -1 321 325 287 -1 273 301 308 -1 283 305 301 -1 326 301 305 -1 307 259 318 -1 327 299 314 -1 317 312 328 -1 292 329 305 -1 330 312 324 -1 316 319 290 -1 296 287 325 -1 316 331 319 -1 332 297 322 -1 313 309 333 -1 307 304 279 -1 279 304 275 -1 317 333 309 -1 326 334 301 -1 308 301 334 -1 304 329 292 -1 335 336 320 -1 330 328 312 -1 320 285 335 -1 307 318 337 -1 311 335 285 -1 307 337 304 -1 280 308 303 -1 295 296 338 -1 339 295 338 -1 340 325 321 -1 320 316 302 -1 336 341 320 -1 310 299 342 -1 327 342 299 -1 343 319 331 -1 327 319 343 -1 314 319 327 -1 313 344 311 -1 330 324 345 -1 335 311 346 -1 333 317 347 -1 321 298 323 -1 348 347 317 -1 293 303 349 -1 316 320 341 -1 323 310 350 -1 337 351 304 -1 332 322 352 -1 329 353 305 -1 318 269 354 -1 331 316 341 -1 303 308 334 -1 295 354 269 -1 348 317 355 -1 318 356 357 -1 337 318 357 -1 358 293 349 -1 330 345 359 -1 293 358 352 -1 344 360 311 -1 322 293 352 -1 333 344 313 -1 318 354 356 -1 355 317 328 -1 349 303 334 -1 328 330 355 -1 343 331 361 -1 344 333 347 -1 296 325 338 -1 339 354 295 -1 355 330 359 -1 339 338 362 -1 363 304 351 -1 364 304 363 -1 340 321 365 -1 321 323 365 -1 346 311 360 -1 310 342 350 -1 366 326 305 -1 341 336 367 -1 337 357 368 -1 335 346 336 -1 327 343 361 -1 336 346 369 -1 360 344 370 -1 334 326 371 -1 353 366 305 -1 358 372 352 -1 364 329 304 -1 338 325 340 -1 373 327 361 -1 338 374 362 -1 348 355 375 -1 370 344 376 -1 344 347 376 -1 349 334 371 -1 375 355 359 -1 377 346 360 -1 331 378 379 -1 331 341 378 -1 374 338 340 -1 366 371 326 -1 339 380 354 -1 360 370 377 -1 350 365 323 -1 367 336 369 -1 342 327 373 -1 329 381 353 -1 382 337 368 -1 381 383 366 -1 353 381 366 -1 349 372 358 -1 351 337 382 -1 378 341 367 -1 384 368 357 -1 371 385 349 -1 380 339 362 -1 361 331 379 -1 386 356 380 -1 356 354 380 -1 357 356 386 -1 386 384 357 -1 351 387 363 -1 388 342 373 -1 371 366 389 -1 375 390 348 -1 391 349 385 -1 382 368 384 -1 390 375 392 -1 389 366 383 -1 369 346 393 -1 376 347 390 -1 372 349 391 -1 387 351 382 -1 394 375 359 -1 347 348 390 -1 374 340 365 -1 365 350 395 -1 364 363 396 -1 397 329 364 -1 381 329 397 -1 381 398 383 -1 397 398 381 -1 386 380 399 -1 376 400 370 -1 399 384 386 -1 401 385 371 -1 380 362 402 -1 380 402 399 -1 392 375 394 -1 393 346 377 -1 373 361 403 -1 404 369 393 -1 404 405 369 -1 376 390 406 -1 392 406 390 -1 401 371 389 -1 342 388 350 -1 393 377 370 -1 388 373 403 -1 379 378 407 -1 382 384 408 -1 409 363 387 -1 365 395 410 -1 370 400 411 -1 379 403 361 -1 367 407 378 -1 376 406 400 -1 401 412 385 -1 387 382 408 -1 374 365 410 -1 396 397 364 -1 398 413 383 -1 384 399 408 -1 413 414 383 -1 367 369 405 -1 383 414 389 -1 415 389 414 -1 363 409 396 -1 409 387 416 -1 404 393 417 -1 418 392 394 -1 393 370 411 -1 403 379 419 -1 405 420 367 -1 389 415 401 -1 400 406 421 -1 421 406 422 -1 410 395 423 -1 395 350 424 -1 406 392 422 -1 424 350 388 -1 393 411 425 -1 426 399 402 -1 407 419 379 -1 427 397 396 -1 398 397 427 -1 407 367 420 -1 428 391 429 -1 391 428 372 -1 374 410 430 -1 430 410 423 -1 385 412 429 -1 391 385 429 -1 417 393 431 -1 425 431 393 -1 422 392 418 -1 405 404 432 -1 432 404 417 -1 415 412 401 -1 433 409 416 -1 434 362 374 -1 396 409 433 -1 419 435 403 -1 408 399 426 -1 436 416 387 -1 427 413 398 -1 395 424 423 -1 403 424 388 -1 421 411 400 -1 421 422 437 -1 438 402 362 -1 436 387 408 -1 437 422 439 -1 440 425 411 -1 432 417 441 -1 408 426 436 -1 441 417 431 -1 434 374 430 -1 418 439 422 -1 427 396 442 -1 419 407 443 -1 405 432 444 -1 445 431 425 -1 440 445 425 -1 411 421 440 -1 424 403 446 -1 420 405 444 -1 403 435 446 -1 414 413 447 -1 415 414 447 -1 433 442 396 -1 446 435 448 -1 449 437 439 -1 450 415 447 -1 451 431 445 -1 439 452 449 -1 439 418 452 -1 451 441 431 -1 420 444 453 -1 435 419 448 -1 454 402 438 -1 445 440 455 -1 413 427 456 -1 362 434 438 -1 456 457 413 -1 416 436 458 -1 413 457 447 -1 424 446 459 -1 449 460 437 -1 407 420 453 -1 448 419 443 -1 444 432 441 -1 446 448 461 -1 412 415 450 -1 462 447 457 -1 402 454 426 -1 450 447 462 -1 421 437 460 -1 433 416 458 -1 453 444 463 -1 453 443 407 -1 430 464 434 -1 441 465 444 -1 466 412 450 -1 462 466 450 -1 429 412 467 -1 455 468 445 -1 459 446 461 -1 434 464 469 -1 449 452 470 -1 451 465 441 -1 455 440 460 -1 427 442 471 -1 445 468 451 -1 440 421 460 -1 423 424 459 -1 430 423 472 -1 433 458 473 -1 455 460 474 -1 456 427 471 -1 438 434 469 -1 436 475 458 -1 423 459 472 -1 449 470 476 -1 430 472 464 -1 465 463 444 -1 466 467 412 -1 465 451 477 -1 458 475 478 -1 479 459 461 -1 459 479 472 -1 442 433 473 -1 453 463 480 -1 451 468 477 -1 448 443 481 -1 436 426 482 -1 443 453 480 -1 483 464 484 -1 472 484 464 -1 471 442 485 -1 486 448 481 -1 457 456 487 -1 482 426 454 -1 438 469 488 -1 465 489 463 -1 481 443 490 -1 443 480 490 -1 469 464 483 -1 484 472 491 -1 463 489 492 -1 485 442 473 -1 454 438 488 -1 477 489 465 -1 477 468 493 -1 474 468 455 -1 462 457 494 -1 467 466 495 -1 491 472 479 -1 469 496 488 -1 469 483 496 -1 486 481 497 -1 487 494 457 -1 490 497 481 -1 498 473 458 -1 499 463 492 -1 485 473 500 -1 456 471 487 -1 493 468 474 -1 480 501 490 -1 480 463 499 -1 461 448 486 -1 492 489 502 -1 471 485 503 -1 504 454 488 -1 486 497 505 -1 466 462 494 -1 497 490 501 -1 506 499 492 -1 461 486 507 -1 475 436 482 -1 507 486 505 -1 501 480 499 -1 492 502 506 -1 458 478 498 -1 505 497 508 -1 498 500 473 -1 500 503 485 -1 475 509 478 -1 466 494 510 -1 503 487 471 -1 488 496 511 -1 508 497 512 -1 501 512 497 -1 482 454 513 -1 512 501 514 -1 501 499 514 -1 461 507 479 -1 509 475 482 -1 495 466 510 -1 494 487 515 -1 516 483 484 -1 499 506 514 -1 507 517 479 -1 487 503 518 -1 488 511 504 -1 519 496 483 -1 505 520 507 -1 500 518 503 -1 513 454 504 -1 518 521 487 -1 511 496 519 -1 515 487 521 -1 516 519 483 -1 484 522 516 -1 491 522 484 -1 491 479 517 -1 494 515 510 -1 520 505 508 -1 504 523 513 -1 491 517 522 -1 482 513 509 -1 517 507 524 -1 478 509 525 -1 504 511 526 -1 523 504 526 -1 527 528 515 -1 510 515 528 -1 522 517 529 -1 530 518 500 -1 498 478 531 -1 528 527 532 -1 516 533 519 -1 521 518 534 -1 524 507 535 -1 507 520 535 -1 536 500 498 -1 524 529 517 -1 531 478 525 -1 511 537 526 -1 519 537 511 -1 498 531 536 -1 530 500 538 -1 530 534 518 -1 500 536 538 -1 509 513 525 -1 521 527 515 -1 520 508 539 -1 516 540 533 -1 516 522 540 -1 541 528 532 -1 531 525 542 -1 522 529 540 -1 529 524 535 -1 534 530 543 -1 520 539 535 -1 532 527 544 -1 527 521 545 -1 525 513 546 -1 536 531 538 -1 537 519 547 -1 533 547 519 -1 540 529 548 -1 525 546 542 -1 549 535 539 -1 535 548 529 -1 550 526 537 -1 535 549 548 -1 532 544 551 -1 533 540 552 -1 521 534 545 -1 545 544 527 -1 541 532 551 -1 540 548 553 -1 523 526 550 -1 554 513 523 -1 513 554 546 -1 547 533 555 -1 556 534 543 -1 557 530 538 -1 530 557 543 -1 549 558 553 -1 548 549 553 -1 559 537 547 -1 533 552 555 -1 552 540 553 -1 560 523 550 -1 561 557 538 -1 531 542 562 -1 557 556 543 -1 562 538 531 -1 552 553 563 -1 554 523 560 -1 542 546 564 -1 564 562 542 -1 556 557 561 -1 562 561 538 -1 564 546 554 -1 562 565 561 -1 562 564 565 -1 564 566 565 -1 567 568 569 -1 567 569 570 -1 571 570 572 -1 567 570 571 -1 573 568 567 -1 572 570 574 -1 569 574 570 -1 574 575 572 -1 576 573 567 -1 574 569 577 -1 576 567 578 -1 579 580 581 -1 575 574 582 -1 583 579 581 -1 567 571 578 -1 584 581 580 -1 581 584 583 -1 574 577 582 -1 580 572 575 -1 572 579 571 -1 579 572 580 -1 585 582 577 -1 586 587 588 -1 589 590 582 -1 591 592 593 -1 594 592 591 -1 587 595 584 -1 575 582 590 -1 578 571 596 -1 571 597 596 -1 595 587 598 -1 586 598 587 -1 582 585 589 -1 580 575 599 -1 597 571 600 -1 571 579 600 -1 583 584 595 -1 576 578 601 -1 602 586 592 -1 601 578 596 -1 592 594 602 -1 603 594 591 -1 586 588 593 -1 592 586 593 -1 598 586 602 -1 575 590 604 -1 605 583 595 -1 606 589 585 -1 599 575 604 -1 584 588 587 -1 602 594 607 -1 579 583 605 -1 584 580 599 -1 588 584 608 -1 608 593 588 -1 609 601 596 -1 610 595 598 -1 594 611 607 -1 579 605 600 -1 599 608 584 -1 608 612 593 -1 591 593 612 -1 613 601 609 -1 594 603 611 -1 596 597 614 -1 614 609 596 -1 598 602 610 -1 605 595 610 -1 615 603 616 -1 602 607 617 -1 597 600 618 -1 611 603 615 -1 619 617 607 -1 600 605 620 -1 620 605 610 -1 607 611 621 -1 610 602 622 -1 621 611 615 -1 602 617 622 -1 623 618 600 -1 599 624 608 -1 612 608 624 -1 616 591 625 -1 591 616 603 -1 591 612 625 -1 614 597 618 -1 616 626 615 -1 623 600 620 -1 627 620 610 -1 622 627 610 -1 613 609 628 -1 622 617 629 -1 618 623 630 -1 631 615 626 -1 632 615 631 -1 624 633 612 -1 615 632 621 -1 634 621 632 -1 599 635 624 -1 625 612 633 -1 621 634 636 -1 634 632 637 -1 607 621 638 -1 624 635 639 -1 599 604 635 -1 624 639 633 -1 628 609 640 -1 641 623 620 -1 640 609 614 -1 614 618 642 -1 607 638 619 -1 590 643 604 -1 638 621 636 -1 635 604 643 -1 642 618 630 -1 589 606 644 -1 645 589 644 -1 626 616 646 -1 590 589 647 -1 629 617 648 -1 633 649 625 -1 631 650 632 -1 631 626 646 -1 632 650 637 -1 648 617 619 -1 651 645 644 -1 639 635 643 -1 645 647 589 -1 637 652 634 -1 640 614 653 -1 642 653 614 -1 643 647 654 -1 590 647 643 -1 620 627 641 -1 629 648 655 -1 631 646 656 -1 642 630 657 -1 650 631 656 -1 646 616 625 -1 638 636 658 -1 630 623 641 -1 637 650 659 -1 636 634 652 -1 633 639 660 -1 628 640 661 -1 652 637 659 -1 633 660 662 -1 649 633 662 -1 660 639 663 -1 627 622 664 -1 653 642 657 -1 630 641 665 -1 658 636 666 -1 639 643 663 -1 636 652 666 -1 622 629 655 -1 619 667 668 -1 619 638 667 -1 669 656 646 -1 654 663 643 -1 664 622 655 -1 652 659 666 -1 665 657 630 -1 666 659 670 -1 641 627 671 -1 640 672 661 -1 671 627 673 -1 650 674 659 -1 653 675 640 -1 645 651 647 -1 663 676 660 -1 625 669 646 -1 619 677 648 -1 677 619 668 -1 665 641 671 -1 664 673 627 -1 650 656 674 -1 672 640 675 -1 676 662 660 -1 638 658 667 -1 669 625 649 -1 654 647 678 -1 657 665 679 -1 644 680 681 -1 672 682 661 -1 683 663 654 -1 677 655 648 -1 665 671 684 -1 647 651 678 -1 665 684 679 -1 685 686 680 -1 687 680 686 -1 651 644 681 -1 657 679 653 -1 675 653 688 -1 689 655 677 -1 690 667 658 -1 658 666 690 -1 691 690 666 -1 666 670 691 -1 692 649 662 -1 693 661 682 -1 673 684 671 -1 683 676 663 -1 687 681 680 -1 676 694 662 -1 672 675 695 -1 695 675 688 -1 688 653 679 -1 696 677 668 -1 678 651 681 -1 674 670 659 -1 668 667 690 -1 697 682 672 -1 697 672 695 -1 656 669 698 -1 674 656 698 -1 685 699 686 -1 655 700 701 -1 689 700 655 -1 681 702 678 -1 695 688 703 -1 676 683 694 -1 684 704 679 -1 669 649 692 -1 705 669 692 -1 696 689 677 -1 697 706 682 -1 654 678 707 -1 687 708 681 -1 692 662 709 -1 702 681 708 -1 684 673 710 -1 673 701 710 -1 701 673 664 -1 701 664 655 -1 711 668 690 -1 708 687 686 -1 678 702 707 -1 662 694 709 -1 712 688 679 -1 698 669 705 -1 703 688 713 -1 713 688 712 -1 702 708 714 -1 710 704 684 -1 693 682 715 -1 689 696 700 -1 711 696 668 -1 654 707 683 -1 670 674 716 -1 716 691 670 -1 699 708 686 -1 695 703 697 -1 715 682 706 -1 700 696 717 -1 709 694 718 -1 719 707 702 -1 704 712 679 -1 697 703 720 -1 721 693 715 -1 701 722 710 -1 723 698 724 -1 698 723 674 -1 716 674 723 -1 691 716 725 -1 711 690 726 -1 694 683 727 -1 690 691 726 -1 683 728 727 -1 729 696 711 -1 727 718 694 -1 692 709 730 -1 711 726 731 -1 717 696 729 -1 722 701 732 -1 726 691 725 -1 700 733 732 -1 701 700 732 -1 728 683 707 -1 719 714 734 -1 702 714 719 -1 710 722 735 -1 733 700 717 -1 736 726 725 -1 720 737 697 -1 708 699 738 -1 709 718 739 -1 710 740 704 -1 740 710 735 -1 708 741 714 -1 734 742 719 -1 730 705 692 -1 731 726 736 -1 721 715 743 -1 706 743 715 -1 722 732 744 -1 707 719 742 -1 729 711 745 -1 711 731 745 -1 706 697 737 -1 736 725 746 -1 742 728 707 -1 718 747 739 -1 725 716 746 -1 720 703 713 -1 739 730 709 -1 717 729 745 -1 714 748 734 -1 734 748 749 -1 742 734 749 -1 705 724 698 -1 750 721 743 -1 704 751 712 -1 752 728 742 -1 727 728 753 -1 720 754 737 -1 744 732 733 -1 716 723 755 -1 746 716 756 -1 738 699 757 -1 713 712 758 -1 720 713 758 -1 708 738 741 -1 753 747 727 -1 718 727 747 -1 704 740 751 -1 735 722 744 -1 755 756 716 -1 759 733 717 -1 759 717 745 -1 754 720 760 -1 750 743 761 -1 751 758 712 -1 720 758 760 -1 723 724 762 -1 752 742 749 -1 728 752 753 -1 724 705 763 -1 744 733 764 -1 759 764 733 -1 741 748 714 -1 706 737 765 -1 730 766 705 -1 745 731 767 -1 754 765 737 -1 767 731 768 -1 762 755 723 -1 724 763 762 -1 731 736 768 -1 743 706 765 -1 736 746 768 -1 756 768 746 -1 739 747 769 -1 745 770 759 -1 745 767 770 -1 705 766 763 -1 771 761 743 -1 755 772 756 -1 749 748 773 -1 774 760 758 -1 739 766 730 -1 767 768 775 -1 751 776 758 -1 744 777 735 -1 747 753 769 -1 772 755 778 -1 768 756 772 -1 779 761 771 -1 754 760 774 -1 765 771 743 -1 777 744 764 -1 738 780 741 -1 769 781 739 -1 753 752 782 -1 770 767 783 -1 784 751 740 -1 785 784 740 -1 735 785 740 -1 739 781 766 -1 738 757 786 -1 774 758 787 -1 758 776 787 -1 776 751 788 -1 777 764 789 -1 752 749 790 -1 762 763 791 -1 773 790 749 -1 769 753 782 -1 771 792 779 -1 793 735 777 -1 772 778 768 -1 788 751 784 -1 774 794 795 -1 765 754 796 -1 763 797 791 -1 755 762 791 -1 782 752 798 -1 757 799 786 -1 795 796 754 -1 759 770 800 -1 754 774 795 -1 748 741 801 -1 735 793 785 -1 787 776 788 -1 771 765 802 -1 764 759 800 -1 778 775 768 -1 763 766 803 -1 803 797 763 -1 794 787 804 -1 798 752 790 -1 796 805 765 -1 787 794 774 -1 785 793 806 -1 755 791 807 -1 770 783 800 -1 808 766 781 -1 793 777 809 -1 777 789 809 -1 784 810 788 -1 795 794 811 -1 766 808 803 -1 748 801 773 -1 775 778 812 -1 813 791 797 -1 813 807 791 -1 789 764 800 -1 767 775 814 -1 785 810 784 -1 806 810 785 -1 801 741 780 -1 812 778 807 -1 778 755 807 -1 796 815 805 -1 796 795 815 -1 782 816 769 -1 805 802 765 -1 817 782 798 -1 786 780 738 -1 767 814 783 -1 787 788 818 -1 819 792 771 -1 802 819 771 -1 781 769 816 -1 811 815 795 -1 814 775 812 -1 811 794 804 -1 819 820 792 -1 810 806 821 -1 818 804 787 -1 815 811 822 -1 816 782 817 -1 823 783 814 -1 812 823 814 -1 798 790 824 -1 799 825 786 -1 781 816 826 -1 819 827 820 -1 809 789 828 -1 805 819 802 -1 773 829 790 -1 789 800 830 -1 801 831 773 -1 806 793 809 -1 821 832 810 -1 816 817 833 -1 811 834 822 -1 797 803 835 -1 836 837 786 -1 804 818 838 -1 780 786 837 -1 808 781 826 -1 818 788 832 -1 801 780 839 -1 828 789 830 -1 788 810 832 -1 812 807 840 -1 808 841 803 -1 842 843 816 -1 829 773 831 -1 826 816 843 -1 836 786 825 -1 811 804 834 -1 780 837 839 -1 815 822 805 -1 800 844 830 -1 844 800 783 -1 844 783 845 -1 790 829 824 -1 846 820 827 -1 797 835 847 -1 817 798 833 -1 807 813 848 -1 821 806 849 -1 840 823 812 -1 839 831 801 -1 826 843 850 -1 826 850 808 -1 851 803 841 -1 851 835 803 -1 838 852 804 -1 783 823 853 -1 838 818 854 -1 818 832 855 -1 813 797 847 -1 856 813 847 -1 806 809 849 -1 819 805 827 -1 830 857 828 -1 855 832 821 -1 848 840 807 -1 857 830 858 -1 816 833 842 -1 841 808 850 -1 835 851 847 -1 783 853 845 -1 852 834 804 -1 831 839 859 -1 830 844 858 -1 858 844 845 -1 848 813 856 -1 818 855 854 -1 809 828 849 -1 850 843 860 -1 822 834 861 -1 851 862 847 -1 829 831 863 -1 864 829 863 -1 824 829 864 -1 824 833 798 -1 849 828 865 -1 866 837 836 -1 867 821 849 -1 852 838 854 -1 846 827 868 -1 823 840 853 -1 863 831 869 -1 828 857 865 -1 870 827 805 -1 871 846 868 -1 825 872 873 -1 840 848 853 -1 867 849 874 -1 825 873 875 -1 869 831 859 -1 849 865 874 -1 876 870 805 -1 822 876 805 -1 843 842 860 -1 836 825 877 -1 821 867 855 -1 845 853 878 -1 879 861 834 -1 873 872 880 -1 834 852 879 -1 854 881 852 -1 882 839 837 -1 841 850 883 -1 854 884 881 -1 842 833 885 -1 877 825 875 -1 851 841 886 -1 862 851 886 -1 822 861 887 -1 882 837 866 -1 833 864 885 -1 848 878 853 -1 855 884 854 -1 858 845 878 -1 876 822 887 -1 857 858 888 -1 856 847 889 -1 883 850 860 -1 881 890 852 -1 848 856 891 -1 833 824 864 -1 890 879 852 -1 892 879 890 -1 893 875 873 -1 890 881 884 -1 868 827 894 -1 885 895 842 -1 836 877 866 -1 878 888 858 -1 867 874 896 -1 878 848 891 -1 894 827 870 -1 897 879 892 -1 880 893 873 -1 898 883 860 -1 893 899 875 -1 884 900 890 -1 877 875 899 -1 886 841 883 -1 900 884 855 -1 894 901 868 -1 855 867 902 -1 874 903 896 -1 889 847 862 -1 878 891 904 -1 891 856 889 -1 865 857 905 -1 871 868 901 -1 906 863 907 -1 863 906 864 -1 905 857 888 -1 861 879 897 -1 901 894 908 -1 888 878 909 -1 905 874 865 -1 870 876 910 -1 907 863 869 -1 891 889 911 -1 900 892 890 -1 859 839 882 -1 912 900 902 -1 900 855 902 -1 905 903 874 -1 860 842 895 -1 866 877 913 -1 894 870 910 -1 914 910 876 -1 866 915 882 -1 892 900 916 -1 912 916 900 -1 917 864 906 -1 886 883 918 -1 910 908 894 -1 862 886 919 -1 920 871 901 -1 901 921 920 -1 887 861 897 -1 922 869 859 -1 923 888 924 -1 888 909 924 -1 878 904 909 -1 891 911 904 -1 913 877 899 -1 864 917 885 -1 925 885 917 -1 896 902 867 -1 889 862 919 -1 926 922 859 -1 887 914 876 -1 888 923 905 -1 927 902 896 -1 889 919 928 -1 928 911 889 -1 895 885 925 -1 905 929 903 -1 908 921 901 -1 893 880 930 -1 929 905 923 -1 909 904 911 -1 926 859 882 -1 886 918 919 -1 860 895 931 -1 908 910 932 -1 932 910 933 -1 927 896 903 -1 920 921 934 -1 921 908 935 -1 917 906 936 -1 913 915 866 -1 869 922 907 -1 914 887 937 -1 938 927 903 -1 912 902 939 -1 940 912 939 -1 907 941 906 -1 914 933 910 -1 913 899 942 -1 895 925 931 -1 914 943 933 -1 914 937 943 -1 944 892 916 -1 897 945 887 -1 902 927 939 -1 946 945 897 -1 947 882 915 -1 893 942 899 -1 883 898 918 -1 941 907 922 -1 935 908 932 -1 946 897 944 -1 897 892 944 -1 919 918 948 -1 887 945 937 -1 903 929 949 -1 928 909 911 -1 925 917 950 -1 893 930 951 -1 952 951 930 -1 938 953 927 -1 898 860 954 -1 919 948 928 -1 940 916 912 -1 928 924 909 -1 955 956 922 -1 941 922 956 -1 923 957 929 -1 950 917 936 -1 898 954 958 -1 959 948 918 -1 945 943 937 -1 953 939 927 -1 960 924 928 -1 921 935 934 -1 938 903 949 -1 922 926 955 -1 913 942 961 -1 915 913 961 -1 962 915 961 -1 962 947 915 -1 963 932 933 -1 963 933 943 -1 936 906 941 -1 893 951 942 -1 947 955 926 -1 918 898 958 -1 926 882 947 -1 959 918 958 -1 963 943 964 -1 965 934 935 -1 963 966 932 -1 967 924 960 -1 923 924 967 -1 943 945 964 -1 928 948 960 -1 916 940 968 -1 969 949 929 -1 929 957 969 -1 962 961 970 -1 860 931 954 -1 944 916 968 -1 932 971 935 -1 932 966 971 -1 938 972 953 -1 931 925 950 -1 951 952 973 -1 945 946 974 -1 975 940 939 -1 938 949 972 -1 939 953 975 -1 975 953 972 -1 964 945 974 -1 976 947 962 -1 955 947 976 -1 977 936 978 -1 974 946 979 -1 957 923 967 -1 944 968 980 -1 968 940 981 -1 950 936 977 -1 982 978 941 -1 936 941 978 -1 963 964 983 -1 984 956 955 -1 985 983 964 -1 985 964 974 -1 965 935 986 -1 971 986 935 -1 946 944 980 -1 987 980 968 -1 961 951 988 -1 942 951 961 -1 989 969 957 -1 951 973 990 -1 946 980 979 -1 971 966 991 -1 992 981 940 -1 975 992 940 -1 988 951 990 -1 966 963 993 -1 994 975 972 -1 962 970 976 -1 972 949 969 -1 967 960 995 -1 960 948 995 -1 994 972 996 -1 997 931 950 -1 957 998 989 -1 979 980 999 -1 981 992 1000 -1 967 998 957 -1 1001 954 931 -1 968 981 987 -1 979 985 974 -1 994 992 975 -1 986 971 991 -1 995 948 1002 -1 948 959 1002 -1 998 967 995 -1 997 950 977 -1 976 1003 955 -1 956 982 941 -1 982 956 1004 -1 963 983 993 -1 987 999 980 -1 1001 931 1005 -1 983 985 1006 -1 979 1007 985 -1 987 981 1000 -1 991 966 1008 -1 995 1002 1009 -1 993 1008 966 -1 976 970 1010 -1 969 1011 972 -1 1005 931 997 -1 989 998 1012 -1 990 1013 988 -1 1000 992 1014 -1 1014 992 994 -1 1015 995 1009 -1 998 995 1016 -1 1016 995 1015 -1 1004 956 984 -1 993 1017 1008 -1 976 1010 1003 -1 969 989 1011 -1 1007 979 999 -1 983 1006 993 -1 1012 998 1016 -1 1007 1006 985 -1 994 996 1018 -1 982 1019 978 -1 1020 991 1008 -1 1021 958 954 -1 959 958 1021 -1 1022 1000 1014 -1 1011 989 1012 -1 1014 994 1023 -1 1023 994 1018 -1 972 1011 996 -1 990 973 1024 -1 1020 1008 1017 -1 993 1006 1017 -1 1007 999 1025 -1 955 1003 984 -1 1026 1002 959 -1 1021 954 1001 -1 1019 982 1004 -1 961 988 1013 -1 1013 1027 961 -1 990 1024 1013 -1 1010 970 1028 -1 1026 959 1021 -1 1011 1012 1029 -1 1014 1030 1022 -1 1031 1006 1007 -1 999 987 1032 -1 1023 1030 1014 -1 1000 1032 987 -1 961 1027 970 -1 1020 1017 1033 -1 1022 1032 1000 -1 1032 1022 1030 -1 1018 996 1034 -1 1006 1031 1017 -1 977 1035 997 -1 996 1011 1036 -1 970 1027 1037 -1 1035 977 978 -1 1038 1025 999 -1 1023 1018 1039 -1 1038 999 1040 -1 1026 1021 1041 -1 1036 1011 1029 -1 1012 1016 1029 -1 1007 1025 1031 -1 1031 1025 1038 -1 1034 996 1036 -1 1026 1009 1002 -1 1005 1042 1001 -1 1013 1024 1043 -1 1003 1044 984 -1 1004 984 1044 -1 1045 1033 1017 -1 1017 1031 1046 -1 1046 1045 1017 -1 1039 1018 1034 -1 1030 1047 1032 -1 1031 1038 1048 -1 1049 1041 1021 -1 999 1032 1040 -1 1047 1040 1032 -1 1005 997 1050 -1 1036 1029 1051 -1 1013 1043 1027 -1 1028 970 1037 -1 1021 1001 1052 -1 1030 1023 1053 -1 1048 1046 1031 -1 1052 1001 1042 -1 1050 997 1035 -1 1005 1050 1054 -1 1004 1044 1055 -1 1004 1055 1019 -1 1053 1023 1056 -1 1046 1048 1057 -1 1016 1015 1058 -1 1015 1009 1059 -1 1047 1030 1060 -1 1030 1053 1060 -1 1039 1056 1023 -1 1061 1046 1057 -1 1016 1058 1029 -1 1015 1059 1058 -1 1048 1038 1062 -1 1063 1064 1047 -1 1057 1048 1062 -1 1047 1060 1063 -1 1003 1010 1044 -1 1044 1065 1055 -1 1049 1021 1052 -1 1026 1041 1009 -1 1045 1066 1033 -1 1067 978 1019 -1 1061 1045 1046 -1 1068 1045 1061 -1 1005 1054 1042 -1 1062 1038 1064 -1 1038 1040 1064 -1 1064 1040 1047 -1 1043 1024 1069 -1 1043 1037 1027 -1 1060 1053 1070 -1 1071 1039 1072 -1 1072 1039 1034 -1 1053 1056 1073 -1 1034 1036 1074 -1 1029 1058 1051 -1 1069 1024 1075 -1 1066 1045 1068 -1 1054 1050 1076 -1 1069 1075 1077 -1 1063 1060 1078 -1 1060 1070 1078 -1 1039 1071 1056 -1 1010 1028 1079 -1 1009 1041 1080 -1 1036 1051 1074 -1 1061 1057 1081 -1 1078 1070 1082 -1 1083 1051 1058 -1 1067 1019 1084 -1 1056 1071 1073 -1 1035 978 1067 -1 1070 1053 1085 -1 1086 1079 1028 -1 1059 1009 1080 -1 1053 1073 1085 -1 1072 1034 1074 -1 1087 1064 1063 -1 1074 1051 1088 -1 1076 1050 1035 -1 1054 1089 1042 -1 1061 1081 1068 -1 1088 1051 1083 -1 1044 1010 1079 -1 1090 1054 1076 -1 1037 1043 1091 -1 1092 1052 1042 -1 1052 1092 1049 -1 1091 1043 1093 -1 1037 1091 1028 -1 1067 1094 1035 -1 1062 1064 1095 -1 1083 1058 1059 -1 1057 1062 1081 -1 1054 1090 1089 -1 1096 1087 1097 -1 1087 1063 1097 -1 1086 1044 1079 -1 1063 1078 1097 -1 1069 1077 1098 -1 1099 1019 1055 -1 1086 1028 1091 -1 1100 1070 1085 -1 1093 1043 1069 -1 1076 1035 1094 -1 1089 1090 1101 -1 1082 1097 1078 -1 1071 1102 1073 -1 1092 1042 1089 -1 1049 1092 1103 -1 1071 1072 1104 -1 1083 1059 1105 -1 1080 1105 1059 -1 1062 1095 1081 -1 1099 1055 1065 -1 1082 1070 1100 -1 1088 1083 1106 -1 1085 1073 1107 -1 1102 1071 1104 -1 1064 1087 1095 -1 1108 1104 1072 -1 1072 1074 1108 -1 1074 1088 1108 -1 1096 1095 1087 -1 1107 1073 1102 -1 1090 1076 1109 -1 1069 1098 1110 -1 1084 1019 1099 -1 1111 1102 1104 -1 1103 1092 1112 -1 1041 1103 1113 -1 1049 1103 1041 -1 1104 1108 1114 -1 1085 1107 1100 -1 1093 1069 1110 -1 1076 1094 1109 -1 1096 1097 1115 -1 1115 1097 1116 -1 1097 1082 1116 -1 1106 1083 1117 -1 1083 1105 1117 -1 1111 1104 1114 -1 1107 1118 1100 -1 1099 1119 1084 -1 1082 1100 1116 -1 1044 1086 1120 -1 1105 1080 1117 -1 1080 1041 1113 -1 1121 1102 1111 -1 1092 1089 1122 -1 1091 1123 1086 -1 1124 1088 1106 -1 1120 1086 1125 -1 1116 1100 1118 -1 1118 1107 1121 -1 1107 1102 1121 -1 1067 1084 1126 -1 1094 1067 1126 -1 1089 1101 1127 -1 1119 1099 1128 -1 1126 1084 1119 -1 1088 1124 1108 -1 1129 1115 1116 -1 1120 1130 1044 -1 1065 1044 1130 -1 1131 1111 1114 -1 1132 1096 1115 -1 1099 1065 1128 -1 1080 1113 1133 -1 1086 1123 1125 -1 1127 1122 1089 -1 1121 1111 1134 -1 1092 1122 1112 -1 1114 1108 1135 -1 1090 1109 1136 -1 1129 1116 1118 -1 1111 1131 1134 -1 1091 1093 1137 -1 1133 1117 1080 -1 1109 1094 1126 -1 1132 1115 1138 -1 1135 1108 1124 -1 1090 1136 1101 -1 1124 1106 1139 -1 1106 1117 1140 -1 1134 1141 1121 -1 1138 1115 1142 -1 1115 1129 1142 -1 1129 1118 1143 -1 1118 1141 1143 -1 1144 1103 1112 -1 1121 1141 1118 -1 1113 1103 1144 -1 1126 1119 1145 -1 1131 1114 1146 -1 1139 1106 1140 -1 1147 1143 1141 -1 1146 1114 1135 -1 1129 1148 1142 -1 1149 1146 1135 -1 1129 1143 1148 -1 1134 1131 1150 -1 1151 1135 1124 -1 1124 1139 1151 -1 1126 1152 1109 -1 1148 1153 1142 -1 1147 1153 1148 -1 1143 1147 1148 -1 1131 1146 1150 -1 1152 1136 1109 -1 1140 1117 1154 -1 1133 1113 1155 -1 1156 1112 1122 -1 1134 1157 1141 -1 1135 1151 1149 -1 1147 1141 1157 -1 1151 1139 1140 -1 1126 1158 1152 -1 1133 1154 1117 -1 1157 1134 1159 -1 1153 1147 1160 -1 1147 1157 1160 -1 1149 1150 1146 -1 1126 1145 1158 -1 1113 1144 1155 -1 1157 1159 1161 -1 1149 1151 1162 -1 1160 1157 1163 -1 1150 1159 1134 -1 1144 1112 1156 -1 1150 1149 1164 -1 1165 1166 1160 -1 1157 1161 1163 -1 1160 1163 1165 -1 1150 1167 1159 -1 1158 1168 1152 -1 1150 1164 1167 -1 1140 1154 1169 -1 1133 1155 1170 -1 1160 1166 1153 -1 1163 1161 1171 -1 1165 1163 1171 -1 1119 1172 1145 -1 1167 1161 1159 -1 1161 1167 1173 -1 1162 1151 1174 -1 1151 1140 1174 -1 1136 1152 1175 -1 1101 1136 1175 -1 1127 1101 1175 -1 1176 1164 1149 -1 1149 1162 1176 -1 1165 1177 1166 -1 1178 1171 1161 -1 1173 1178 1161 -1 1174 1179 1162 -1 1180 1174 1140 -1 1169 1180 1140 -1 1155 1144 1181 -1 1169 1154 1133 -1 1158 1145 1182 -1 1168 1158 1182 -1 1173 1167 1183 -1 1167 1164 1184 -1 1185 1122 1127 -1 1176 1162 1179 -1 1186 1144 1156 -1 1171 1178 1187 -1 1178 1173 1188 -1 1184 1164 1189 -1 1175 1152 1190 -1 1164 1176 1189 -1 1180 1169 1191 -1 1169 1133 1192 -1 1170 1192 1133 -1 1188 1173 1183 -1 1183 1167 1184 -1 1187 1178 1188 -1 1168 1190 1152 -1 1170 1155 1181 -1 1193 1165 1194 -1 1171 1194 1165 -1 1183 1184 1195 -1 1174 1180 1196 -1 1180 1191 1196 -1 1188 1197 1187 -1 1189 1176 1198 -1 1188 1183 1197 -1 1179 1198 1176 -1 1199 1177 1193 -1 1177 1165 1193 -1 1171 1187 1194 -1 1200 1179 1196 -1 1179 1174 1196 -1 1191 1169 1192 -1 1127 1175 1201 -1 1189 1195 1184 -1 1179 1200 1198 -1 1185 1127 1201 -1 1156 1122 1185 -1 1202 1187 1197 -1 1203 1195 1189 -1 1204 1197 1183 -1 1205 1196 1191 -1 1191 1192 1205 -1 1194 1187 1206 -1 1170 1181 1207 -1 1202 1197 1204 -1 1204 1183 1195 -1 1203 1189 1208 -1 1208 1189 1198 -1 1144 1209 1181 -1 1206 1193 1194 -1 1210 1156 1185 -1 1187 1202 1211 -1 1206 1187 1211 -1 1212 1203 1208 -1 1213 1196 1205 -1 1144 1186 1209 -1 1214 1204 1195 -1 1207 1181 1215 -1 1214 1195 1203 -1 1156 1210 1186 -1 1200 1196 1213 -1 1202 1204 1216 -1 1216 1204 1214 -1 1215 1181 1209 -1 1208 1198 1200 -1 1192 1170 1217 -1 1201 1218 1185 -1 1211 1202 1219 -1 1185 1218 1210 -1 1203 1212 1220 -1 1212 1208 1221 -1 1205 1192 1217 -1 1203 1220 1214 -1 1219 1222 1211 -1 1216 1219 1202 -1 1212 1221 1223 -1 1219 1216 1224 -1 1221 1208 1225 -1 1200 1225 1208 -1 1170 1207 1217 -1 1214 1220 1226 -1 1200 1227 1225 -1 1222 1219 1224 -1 1200 1213 1227 -1 1213 1205 1228 -1 1216 1214 1229 -1 1186 1210 1230 -1 1205 1231 1228 -1 1232 1220 1212 -1 1223 1232 1212 -1 1223 1221 1233 -1 1226 1229 1214 -1 1221 1225 1233 -1 1205 1217 1231 -1 1213 1228 1234 -1 1229 1224 1216 -1 1227 1213 1234 -1 1186 1235 1209 -1 1226 1236 1229 -1 1225 1227 1233 -1 1233 1227 1237 -1 1238 1237 1227 -1 1238 1227 1234 -1 1224 1239 1222 -1 1239 1224 1236 -1 1223 1233 1240 -1 1229 1236 1224 -1 1241 1231 1217 -1 1242 1232 1240 -1 1232 1223 1240 -1 1236 1226 1243 -1 1218 1201 1175 -1 1237 1240 1233 -1 1217 1207 1241 -1 1242 1244 1232 -1 1245 1243 1226 -1 1242 1240 1246 -1 1220 1245 1226 -1 1220 1232 1245 -1 1247 1239 1248 -1 1236 1248 1239 -1 1249 1237 1238 -1 1250 1249 1238 -1 1251 1248 1236 -1 1251 1236 1243 -1 1207 1215 1252 -1 1246 1253 1242 -1 1228 1231 1254 -1 1245 1232 1244 -1 1237 1246 1240 -1 1246 1237 1249 -1 1250 1255 1249 -1 1234 1250 1238 -1 1250 1234 1256 -1 1234 1228 1256 -1 1251 1243 1245 -1 1245 1257 1251 -1 1244 1242 1258 -1 1259 1209 1235 -1 1258 1242 1253 -1 1215 1209 1252 -1 1231 1241 1254 -1 1248 1260 1247 -1 1251 1260 1248 -1 1255 1250 1256 -1 1209 1259 1252 -1 1186 1230 1235 -1 1249 1253 1246 -1 1245 1244 1261 -1 1228 1254 1256 -1 1262 1241 1263 -1 1254 1241 1262 -1 1241 1207 1263 -1 1247 1260 1264 -1 1264 1260 1265 -1 1260 1251 1265 -1 1259 1266 1252 -1 1265 1251 1257 -1 1255 1256 1267 -1 1245 1261 1268 -1 1257 1245 1268 -1 1256 1254 1262 -1 1257 1268 1269 -1 1252 1266 1270 -1 1207 1252 1270 -1 1265 1257 1269 -1 1270 1263 1207 -1 1256 1262 1271 -1 1235 1272 1259 -1 1271 1262 1273 -1 1274 1266 1259 -1 1272 1235 1230 -1 1275 1264 1265 -1 1265 1276 1275 -1 1276 1265 1269 -1 1276 1269 1277 -1 1268 1277 1269 -1 1262 1263 1278 -1 1273 1262 1278 -1 1277 1268 1279 -1 1276 1280 1275 -1 1279 1268 1261 -1 1280 1276 1277 -1 1281 1278 1263 -1 1273 1278 1282 -1 1263 1270 1281 -1 1271 1273 1283 -1 1284 1270 1266 -1 1282 1278 1281 -1 1273 1282 1285 -1 1284 1281 1270 -1 1273 1285 1283 -1 1286 1283 1287 -1 1274 1284 1266 -1 1285 1282 1288 -1 1288 1282 1281 -1 1285 1287 1283 -1 1289 1290 1291 -1 1292 1290 1293 -1 1292 1291 1290 -1 1294 1289 1291 -1 1292 1295 1291 -1 1296 1290 1289 -1 1295 1292 1297 -1 1290 1298 1293 -1 1299 1298 1300 -1 1298 1296 1300 -1 1290 1296 1298 -1 1298 1301 1293 -1 1302 1293 1301 -1 1294 1303 1289 -1 1301 1298 1299 -1 1297 1304 1295 -1 1291 1295 1305 -1 1293 1302 1292 -1 1297 1292 1302 -1 1303 1306 1296 -1 1296 1289 1303 -1 1307 1303 1294 -1 1307 1294 1308 -1 1294 1291 1305 -1 1305 1295 1309 -1 1304 1309 1295 -1 1300 1296 1306 -1 1305 1309 1310 -1 1311 1300 1312 -1 1300 1311 1299 -1 1313 1302 1301 -1 1314 1309 1304 -1 1304 1315 1314 -1 1294 1305 1308 -1 1304 1316 1315 -1 1312 1300 1306 -1 1309 1314 1317 -1 1308 1305 1318 -1 1310 1318 1305 -1 1310 1309 1317 -1 1299 1311 1319 -1 1320 1314 1315 -1 1297 1302 1321 -1 1306 1303 1307 -1 1297 1321 1304 -1 1321 1316 1304 -1 1312 1322 1311 -1 1312 1306 1323 -1 1324 1319 1311 -1 1299 1319 1325 -1 1313 1321 1302 -1 1324 1311 1322 -1 1299 1325 1301 -1 1323 1306 1326 -1 1307 1326 1306 -1 1314 1327 1317 -1 1314 1320 1327 -1 1308 1318 1328 -1 1320 1315 1316 -1 1326 1307 1329 -1 1330 1317 1327 -1 1318 1310 1328 -1 1319 1324 1331 -1 1325 1313 1301 -1 1332 1312 1323 -1 1333 1327 1320 -1 1322 1312 1332 -1 1327 1334 1330 -1 1316 1321 1335 -1 1336 1307 1308 -1 1336 1308 1328 -1 1337 1320 1316 -1 1307 1336 1329 -1 1333 1320 1337 -1 1324 1322 1338 -1 1330 1334 1339 -1 1334 1327 1340 -1 1328 1310 1341 -1 1321 1313 1335 -1 1329 1336 1342 -1 1332 1323 1343 -1 1344 1337 1316 -1 1345 1340 1346 -1 1326 1329 1347 -1 1348 1340 1349 -1 1340 1345 1349 -1 1310 1317 1350 -1 1317 1330 1350 -1 1338 1322 1351 -1 1352 1333 1353 -1 1333 1352 1327 -1 1327 1352 1340 -1 1332 1351 1322 -1 1334 1354 1339 -1 1354 1334 1348 -1 1340 1348 1334 -1 1344 1316 1335 -1 1331 1355 1319 -1 1343 1323 1347 -1 1323 1326 1347 -1 1356 1342 1336 -1 1337 1353 1333 -1 1341 1356 1328 -1 1341 1310 1357 -1 1358 1313 1359 -1 1336 1328 1356 -1 1349 1345 1360 -1 1345 1361 1360 -1 1345 1346 1361 -1 1359 1313 1325 -1 1335 1313 1358 -1 1350 1330 1362 -1 1330 1339 1362 -1 1339 1354 1363 -1 1354 1348 1364 -1 1324 1338 1365 -1 1324 1365 1331 -1 1347 1329 1342 -1 1348 1349 1364 -1 1340 1366 1346 -1 1355 1331 1367 -1 1360 1361 1368 -1 1358 1359 1369 -1 1368 1361 1370 -1 1357 1310 1350 -1 1371 1346 1372 -1 1361 1346 1371 -1 1361 1371 1373 -1 1370 1361 1373 -1 1362 1339 1363 -1 1356 1341 1374 -1 1374 1341 1357 -1 1364 1363 1354 -1 1351 1375 1338 -1 1340 1352 1366 -1 1373 1376 1370 -1 1377 1376 1378 -1 1335 1379 1344 -1 1380 1377 1378 -1 1353 1337 1344 -1 1364 1349 1360 -1 1332 1343 1381 -1 1319 1382 1325 -1 1382 1359 1325 -1 1342 1383 1347 -1 1370 1376 1384 -1 1365 1338 1375 -1 1335 1358 1385 -1 1366 1386 1346 -1 1332 1381 1351 -1 1365 1367 1331 -1 1380 1378 1387 -1 1384 1376 1377 -1 1355 1367 1388 -1 1364 1360 1389 -1 1352 1353 1390 -1 1385 1358 1369 -1 1382 1319 1355 -1 1370 1391 1392 -1 1393 1356 1374 -1 1384 1391 1370 -1 1375 1351 1394 -1 1394 1351 1381 -1 1335 1385 1379 -1 1359 1395 1369 -1 1344 1379 1396 -1 1393 1342 1356 -1 1397 1381 1343 -1 1390 1353 1344 -1 1373 1398 1376 -1 1378 1376 1398 -1 1352 1390 1366 -1 1389 1360 1399 -1 1360 1368 1399 -1 1350 1362 1357 -1 1368 1370 1399 -1 1385 1400 1379 -1 1375 1401 1365 -1 1386 1366 1402 -1 1403 1375 1394 -1 1404 1374 1357 -1 1381 1405 1394 -1 1372 1386 1406 -1 1359 1382 1395 -1 1386 1372 1346 -1 1390 1344 1396 -1 1342 1393 1407 -1 1372 1408 1371 -1 1405 1381 1397 -1 1373 1371 1408 -1 1366 1390 1402 -1 1398 1373 1408 -1 1398 1387 1378 -1 1404 1357 1362 -1 1369 1395 1409 -1 1363 1404 1362 -1 1385 1369 1409 -1 1397 1343 1410 -1 1347 1410 1343 -1 1392 1399 1370 -1 1407 1383 1342 -1 1386 1402 1406 -1 1395 1382 1411 -1 1365 1401 1412 -1 1379 1400 1396 -1 1413 1408 1372 -1 1390 1396 1414 -1 1402 1390 1414 -1 1415 1363 1364 -1 1389 1415 1364 -1 1399 1415 1389 -1 1355 1416 1382 -1 1383 1410 1347 -1 1392 1391 1417 -1 1404 1418 1374 -1 1395 1411 1419 -1 1409 1395 1419 -1 1372 1406 1420 -1 1400 1421 1396 -1 1422 1407 1393 -1 1365 1412 1388 -1 1365 1388 1367 -1 1400 1385 1409 -1 1414 1423 1402 -1 1355 1388 1416 -1 1424 1415 1399 -1 1404 1363 1425 -1 1426 1424 1399 -1 1426 1399 1392 -1 1402 1423 1406 -1 1427 1387 1398 -1 1420 1406 1428 -1 1413 1372 1420 -1 1419 1429 1409 -1 1408 1430 1398 -1 1430 1427 1398 -1 1431 1425 1415 -1 1415 1424 1431 -1 1416 1388 1432 -1 1374 1418 1393 -1 1363 1415 1425 -1 1392 1417 1426 -1 1410 1383 1433 -1 1383 1407 1433 -1 1382 1416 1434 -1 1434 1411 1382 -1 1424 1435 1431 -1 1403 1394 1405 -1 1404 1436 1418 -1 1408 1413 1430 -1 1429 1400 1409 -1 1436 1404 1425 -1 1425 1431 1436 -1 1422 1393 1418 -1 1423 1437 1428 -1 1406 1423 1428 -1 1438 1375 1403 -1 1375 1438 1401 -1 1421 1439 1396 -1 1433 1407 1440 -1 1422 1440 1407 -1 1414 1396 1439 -1 1413 1420 1441 -1 1429 1419 1442 -1 1423 1414 1437 -1 1388 1412 1443 -1 1426 1444 1424 -1 1431 1445 1436 -1 1429 1446 1400 -1 1447 1430 1413 -1 1427 1430 1447 -1 1448 1422 1418 -1 1417 1444 1426 -1 1397 1410 1433 -1 1427 1449 1387 -1 1412 1401 1450 -1 1411 1442 1419 -1 1437 1414 1439 -1 1450 1443 1412 -1 1437 1451 1428 -1 1427 1447 1452 -1 1432 1388 1443 -1 1453 1428 1451 -1 1420 1428 1453 -1 1441 1420 1453 -1 1452 1449 1427 -1 1416 1432 1434 -1 1411 1434 1442 -1 1421 1454 1439 -1 1403 1405 1455 -1 1450 1401 1456 -1 1436 1448 1418 -1 1433 1440 1457 -1 1442 1434 1458 -1 1397 1459 1405 -1 1413 1441 1447 -1 1446 1421 1400 -1 1448 1440 1422 -1 1433 1460 1397 -1 1461 1438 1462 -1 1438 1461 1401 -1 1457 1460 1433 -1 1458 1434 1463 -1 1441 1464 1447 -1 1438 1403 1455 -1 1462 1438 1455 -1 1437 1439 1465 -1 1455 1405 1466 -1 1437 1465 1451 -1 1456 1467 1450 -1 1468 1447 1464 -1 1452 1447 1468 -1 1448 1469 1440 -1 1445 1431 1435 -1 1470 1461 1462 -1 1461 1456 1401 -1 1442 1458 1429 -1 1453 1471 1441 -1 1441 1471 1464 -1 1405 1459 1466 -1 1424 1472 1435 -1 1473 1472 1424 -1 1474 1450 1467 -1 1473 1424 1444 -1 1450 1474 1443 -1 1465 1475 1451 -1 1468 1476 1452 -1 1477 1436 1478 -1 1436 1445 1478 -1 1479 1397 1480 -1 1480 1397 1460 -1 1445 1435 1481 -1 1434 1432 1463 -1 1469 1448 1477 -1 1429 1458 1482 -1 1477 1448 1436 -1 1466 1459 1483 -1 1459 1397 1479 -1 1446 1454 1421 -1 1484 1443 1474 -1 1469 1457 1440 -1 1445 1481 1478 -1 1485 1461 1470 -1 1456 1485 1486 -1 1485 1456 1461 -1 1481 1435 1472 -1 1463 1432 1443 -1 1471 1453 1487 -1 1464 1471 1487 -1 1467 1456 1486 -1 1467 1486 1488 -1 1458 1463 1489 -1 1464 1490 1468 -1 1467 1491 1474 -1 1484 1474 1492 -1 1457 1469 1493 -1 1475 1494 1453 -1 1451 1475 1453 -1 1463 1443 1484 -1 1439 1454 1495 -1 1496 1468 1490 -1 1476 1468 1496 -1 1497 1462 1455 -1 1446 1498 1454 -1 1497 1455 1466 -1 1477 1499 1469 -1 1500 1458 1489 -1 1458 1500 1482 -1 1495 1465 1439 -1 1465 1495 1501 -1 1459 1479 1483 -1 1502 1460 1457 -1 1503 1477 1478 -1 1491 1467 1488 -1 1475 1465 1501 -1 1482 1498 1429 -1 1429 1498 1446 -1 1504 1494 1475 -1 1481 1505 1478 -1 1472 1506 1481 -1 1454 1498 1507 -1 1484 1489 1463 -1 1507 1495 1454 -1 1508 1495 1507 -1 1495 1508 1501 -1 1482 1500 1509 -1 1498 1482 1509 -1 1503 1499 1477 -1 1496 1490 1510 -1 1474 1491 1492 -1 1475 1501 1511 -1 1503 1478 1512 -1 1512 1478 1505 -1 1481 1506 1505 -1 1476 1496 1513 -1 1476 1513 1514 -1 1494 1504 1515 -1 1486 1485 1516 -1 1493 1502 1457 -1 1517 1514 1513 -1 1460 1502 1480 -1 1516 1488 1486 -1 1453 1494 1487 -1 1518 1497 1466 -1 1519 1493 1469 -1 1519 1469 1499 -1 1464 1520 1510 -1 1487 1520 1464 -1 1464 1510 1490 -1 1511 1504 1475 -1 1485 1470 1521 -1 1470 1462 1522 -1 1523 1489 1484 -1 1516 1485 1524 -1 1515 1487 1494 -1 1487 1515 1520 -1 1483 1479 1525 -1 1526 1498 1509 -1 1498 1526 1507 -1 1499 1503 1527 -1 1510 1528 1496 -1 1508 1529 1501 -1 1484 1492 1523 -1 1511 1501 1529 -1 1470 1530 1521 -1 1480 1531 1479 -1 1521 1524 1485 -1 1522 1532 1470 -1 1522 1462 1497 -1 1504 1511 1533 -1 1504 1533 1515 -1 1500 1489 1534 -1 1510 1520 1535 -1 1520 1515 1535 -1 1502 1493 1536 -1 1510 1537 1528 -1 1513 1496 1528 -1 1526 1538 1507 -1 1538 1508 1507 -1 1508 1538 1529 -1 1512 1527 1503 -1 1529 1539 1511 -1 1540 1521 1530 -1 1541 1521 1540 -1 1521 1541 1524 -1 1542 1533 1511 -1 1497 1518 1522 -1 1535 1515 1533 -1 1543 1488 1544 -1 1536 1545 1502 -1 1518 1466 1546 -1 1535 1537 1510 -1 1546 1466 1483 -1 1488 1543 1491 -1 1531 1525 1479 -1 1540 1530 1547 -1 1539 1542 1511 -1 1530 1470 1532 -1 1548 1538 1526 -1 1532 1522 1549 -1 1538 1539 1529 -1 1499 1550 1519 -1 1550 1499 1527 -1 1549 1522 1518 -1 1502 1545 1480 -1 1534 1489 1523 -1 1524 1541 1551 -1 1524 1551 1516 -1 1513 1528 1552 -1 1500 1534 1553 -1 1517 1513 1554 -1 1553 1509 1500 -1 1555 1537 1535 -1 1519 1536 1493 -1 1543 1556 1491 -1 1526 1509 1548 -1 1491 1556 1492 -1 1549 1518 1557 -1 1537 1558 1528 -1 1523 1492 1534 -1 1557 1518 1546 -1 1539 1559 1542 -1 1560 1542 1559 -1 1542 1560 1533 -1 1544 1488 1516 -1 1544 1561 1543 -1 1560 1562 1533 -1 1552 1554 1513 -1 1512 1505 1563 -1 1532 1564 1530 -1 1565 1535 1533 -1 1535 1566 1555 -1 1533 1562 1565 -1 1540 1547 1567 -1 1540 1567 1541 -1 1536 1519 1568 -1 1480 1545 1531 -1 1565 1566 1535 -1 1550 1568 1519 -1 1537 1555 1558 -1 1569 1559 1539 -1 1558 1570 1528 -1 1553 1571 1509 -1 1570 1552 1528 -1 1548 1509 1571 -1 1547 1530 1564 -1 1567 1547 1572 -1 1548 1539 1538 -1 1534 1492 1573 -1 1574 1534 1573 -1 1551 1541 1575 -1 1555 1566 1558 -1 1574 1576 1553 -1 1534 1574 1553 -1 1577 1527 1512 -1 1564 1532 1578 -1 1576 1571 1553 -1 1563 1577 1512 -1 1579 1580 1554 -1 1546 1483 1525 -1 1560 1581 1562 -1 1552 1570 1579 -1 1554 1552 1579 -1 1525 1531 1582 -1 1548 1571 1583 -1 1541 1567 1575 -1 1545 1582 1531 -1 1565 1584 1566 -1 1585 1586 1568 -1 1539 1548 1569 -1 1550 1585 1568 -1 1516 1551 1544 -1 1527 1587 1550 -1 1588 1560 1559 -1 1573 1543 1589 -1 1578 1532 1590 -1 1573 1556 1543 -1 1492 1556 1573 -1 1584 1565 1591 -1 1546 1592 1557 -1 1588 1593 1560 -1 1594 1576 1595 -1 1593 1581 1560 -1 1577 1587 1527 -1 1596 1559 1569 -1 1559 1596 1588 -1 1576 1594 1597 -1 1561 1544 1598 -1 1599 1564 1600 -1 1564 1599 1547 -1 1589 1543 1561 -1 1572 1547 1599 -1 1599 1601 1572 -1 1591 1562 1581 -1 1567 1572 1601 -1 1576 1597 1571 -1 1583 1571 1602 -1 1565 1562 1591 -1 1586 1536 1568 -1 1575 1567 1601 -1 1549 1590 1532 -1 1548 1583 1596 -1 1548 1596 1569 -1 1603 1580 1579 -1 1587 1585 1550 -1 1588 1596 1604 -1 1597 1602 1571 -1 1578 1600 1564 -1 1570 1558 1605 -1 1591 1581 1606 -1 1596 1583 1607 -1 1570 1608 1579 -1 1601 1599 1609 -1 1585 1587 1610 -1 1579 1608 1603 -1 1604 1596 1607 -1 1593 1588 1604 -1 1581 1593 1606 -1 1574 1595 1576 -1 1611 1545 1536 -1 1558 1566 1612 -1 1592 1546 1525 -1 1551 1575 1598 -1 1544 1551 1598 -1 1593 1613 1606 -1 1584 1612 1566 -1 1612 1584 1614 -1 1587 1577 1615 -1 1600 1616 1599 -1 1586 1611 1536 -1 1594 1602 1597 -1 1605 1558 1612 -1 1617 1589 1561 -1 1570 1605 1608 -1 1582 1545 1618 -1 1619 1611 1586 -1 1616 1620 1599 -1 1621 1616 1600 -1 1599 1620 1609 -1 1622 1602 1594 -1 1591 1606 1623 -1 1608 1605 1624 -1 1583 1602 1625 -1 1607 1583 1625 -1 1601 1609 1626 -1 1584 1591 1614 -1 1627 1575 1601 -1 1586 1585 1628 -1 1628 1585 1610 -1 1545 1611 1618 -1 1580 1603 1629 -1 1607 1630 1604 -1 1595 1574 1631 -1 1604 1613 1593 -1 1613 1632 1606 -1 1614 1633 1612 -1 1612 1633 1605 -1 1561 1598 1634 -1 1621 1600 1578 -1 1617 1561 1635 -1 1606 1632 1623 -1 1603 1608 1624 -1 1636 1610 1587 -1 1591 1623 1614 -1 1631 1573 1617 -1 1589 1617 1573 -1 1590 1549 1557 -1 1631 1574 1573 -1 1603 1624 1629 -1 1631 1594 1595 -1 1598 1575 1637 -1 1634 1598 1637 -1 1638 1625 1602 -1 1622 1638 1602 -1 1605 1633 1624 -1 1586 1628 1619 -1 1578 1590 1639 -1 1640 1639 1590 -1 1623 1641 1614 -1 1615 1636 1587 -1 1642 1630 1607 -1 1629 1624 1643 -1 1613 1604 1630 -1 1622 1594 1631 -1 1632 1613 1644 -1 1620 1645 1646 -1 1645 1616 1621 -1 1620 1616 1645 -1 1626 1620 1647 -1 1628 1636 1648 -1 1609 1620 1626 -1 1636 1628 1610 -1 1635 1561 1634 -1 1607 1625 1642 -1 1601 1626 1627 -1 1623 1632 1641 -1 1557 1640 1590 -1 1640 1557 1592 -1 1649 1613 1630 -1 1582 1592 1525 -1 1575 1627 1637 -1 1631 1650 1622 -1 1613 1649 1644 -1 1614 1641 1633 -1 1634 1637 1651 -1 1634 1651 1635 -1 1644 1652 1632 -1 1653 1632 1652 -1 1578 1639 1654 -1 1653 1641 1632 -1 1624 1633 1655 -1 1627 1626 1656 -1 1617 1657 1631 -1 1650 1631 1657 -1 1649 1630 1642 -1 1658 1624 1655 -1 1637 1627 1659 -1 1637 1660 1651 -1 1646 1645 1661 -1 1648 1636 1615 -1 1661 1620 1646 -1 1647 1620 1662 -1 1663 1664 1641 -1 1578 1654 1621 -1 1641 1664 1633 -1 1664 1655 1633 -1 1641 1653 1663 -1 1635 1657 1617 -1 1650 1657 1665 -1 1649 1642 1666 -1 1659 1627 1656 -1 1624 1658 1643 -1 1637 1659 1660 -1 1663 1653 1667 -1 1661 1645 1668 -1 1645 1621 1669 -1 1620 1661 1662 -1 1582 1670 1592 -1 1628 1671 1619 -1 1672 1643 1658 -1 1618 1670 1582 -1 1669 1621 1654 -1 1642 1625 1638 -1 1673 1639 1640 -1 1649 1666 1674 -1 1653 1652 1675 -1 1644 1674 1676 -1 1677 1651 1660 -1 1678 1679 1661 -1 1668 1678 1661 -1 1652 1644 1676 -1 1675 1652 1676 -1 1635 1651 1677 -1 1680 1663 1667 -1 1664 1663 1680 -1 1669 1668 1645 -1 1675 1667 1653 -1 1681 1648 1615 -1 1658 1682 1672 -1 1664 1683 1655 -1 1655 1683 1684 -1 1626 1647 1656 -1 1654 1639 1673 -1 1665 1657 1685 -1 1655 1684 1658 -1 1649 1674 1644 -1 1686 1650 1687 -1 1686 1622 1650 -1 1622 1686 1638 -1 1661 1679 1688 -1 1683 1664 1680 -1 1662 1661 1688 -1 1671 1628 1648 -1 1635 1689 1657 -1 1657 1689 1685 -1 1654 1673 1690 -1 1656 1647 1691 -1 1687 1665 1685 -1 1665 1687 1650 -1 1674 1692 1676 -1 1656 1691 1693 -1 1660 1659 1656 -1 1638 1686 1642 -1 1656 1693 1660 -1 1694 1679 1678 -1 1695 1679 1694 -1 1658 1684 1682 -1 1669 1696 1668 -1 1682 1684 1697 -1 1698 1642 1686 -1 1662 1688 1699 -1 1700 1662 1699 -1 1647 1662 1700 -1 1675 1676 1701 -1 1702 1682 1697 -1 1672 1682 1702 -1 1703 1689 1635 -1 1683 1680 1704 -1 1685 1689 1705 -1 1691 1647 1706 -1 1592 1673 1640 -1 1707 1611 1619 -1 1619 1671 1708 -1 1666 1709 1674 -1 1674 1709 1692 -1 1693 1691 1706 -1 1686 1687 1698 -1 1694 1678 1710 -1 1670 1711 1592 -1 1678 1668 1710 -1 1710 1668 1696 -1 1701 1676 1692 -1 1712 1677 1660 -1 1667 1713 1714 -1 1688 1679 1695 -1 1675 1701 1713 -1 1715 1666 1642 -1 1670 1618 1716 -1 1667 1675 1713 -1 1635 1677 1703 -1 1680 1667 1714 -1 1680 1714 1704 -1 1611 1707 1618 -1 1700 1706 1647 -1 1619 1708 1707 -1 1673 1592 1711 -1 1683 1704 1684 -1 1684 1704 1717 -1 1709 1666 1718 -1 1719 1687 1685 -1 1720 1687 1719 -1 1698 1687 1720 -1 1721 1692 1722 -1 1695 1694 1723 -1 1714 1713 1724 -1 1699 1688 1725 -1 1726 1669 1654 -1 1715 1642 1698 -1 1721 1701 1692 -1 1713 1701 1721 -1 1704 1714 1727 -1 1681 1728 1648 -1 1703 1677 1729 -1 1689 1703 1729 -1 1684 1717 1697 -1 1729 1705 1689 -1 1715 1718 1666 -1 1719 1705 1730 -1 1705 1719 1685 -1 1717 1731 1697 -1 1696 1732 1710 -1 1660 1693 1733 -1 1692 1709 1722 -1 1695 1723 1734 -1 1711 1670 1716 -1 1724 1713 1735 -1 1677 1712 1736 -1 1736 1729 1677 -1 1706 1700 1737 -1 1727 1714 1724 -1 1693 1706 1733 -1 1716 1618 1738 -1 1739 1698 1740 -1 1739 1715 1698 -1 1618 1707 1738 -1 1739 1741 1718 -1 1739 1718 1715 -1 1705 1729 1730 -1 1742 1718 1741 -1 1704 1743 1717 -1 1742 1709 1718 -1 1673 1744 1690 -1 1710 1745 1694 -1 1744 1673 1711 -1 1696 1669 1726 -1 1721 1722 1746 -1 1695 1734 1688 -1 1746 1735 1721 -1 1713 1721 1735 -1 1734 1725 1688 -1 1733 1712 1660 -1 1727 1743 1704 -1 1648 1728 1747 -1 1740 1698 1720 -1 1748 1739 1740 -1 1720 1719 1730 -1 1739 1748 1741 -1 1743 1727 1749 -1 1745 1710 1732 -1 1740 1750 1751 -1 1740 1751 1748 -1 1743 1752 1717 -1 1742 1753 1754 -1 1755 1711 1716 -1 1734 1723 1756 -1 1709 1742 1722 -1 1757 1699 1725 -1 1726 1654 1758 -1 1752 1731 1717 -1 1758 1654 1690 -1 1724 1735 1727 -1 1699 1737 1700 -1 1741 1748 1759 -1 1733 1706 1737 -1 1742 1741 1753 -1 1736 1760 1729 -1 1749 1761 1743 -1 1761 1752 1743 -1 1720 1730 1762 -1 1708 1738 1707 -1 1759 1753 1741 -1 1762 1750 1720 -1 1696 1726 1763 -1 1744 1711 1755 -1 1749 1764 1761 -1 1708 1671 1765 -1 1752 1761 1764 -1 1725 1734 1757 -1 1746 1766 1735 -1 1699 1757 1767 -1 1720 1750 1740 -1 1768 1735 1766 -1 1671 1648 1747 -1 1735 1768 1749 -1 1712 1769 1736 -1 1722 1742 1770 -1 1727 1735 1749 -1 1766 1746 1770 -1 1771 1716 1738 -1 1770 1746 1722 -1 1748 1772 1759 -1 1729 1760 1762 -1 1762 1730 1729 -1 1734 1756 1773 -1 1763 1726 1758 -1 1774 1769 1712 -1 1775 1754 1776 -1 1757 1734 1777 -1 1755 1716 1771 -1 1754 1770 1742 -1 1750 1778 1751 -1 1779 1736 1769 -1 1760 1736 1779 -1 1699 1767 1780 -1 1751 1781 1748 -1 1780 1737 1699 -1 1760 1782 1762 -1 1747 1765 1671 -1 1733 1774 1712 -1 1737 1774 1733 -1 1772 1783 1784 -1 1749 1768 1764 -1 1785 1779 1769 -1 1784 1759 1772 -1 1764 1768 1786 -1 1779 1785 1787 -1 1753 1759 1784 -1 1773 1777 1734 -1 1753 1784 1776 -1 1753 1776 1754 -1 1779 1788 1760 -1 1775 1770 1754 -1 1757 1777 1789 -1 1770 1775 1790 -1 1766 1790 1791 -1 1792 1793 1738 -1 1770 1790 1766 -1 1760 1788 1782 -1 1762 1782 1794 -1 1792 1708 1765 -1 1768 1766 1795 -1 1768 1795 1796 -1 1792 1738 1708 -1 1797 1751 1778 -1 1751 1797 1781 -1 1781 1772 1748 -1 1798 1747 1728 -1 1799 1744 1755 -1 1793 1771 1738 -1 1800 1737 1801 -1 1774 1737 1800 -1 1787 1788 1779 -1 1785 1774 1802 -1 1769 1774 1785 -1 1786 1768 1796 -1 1772 1781 1803 -1 1772 1803 1783 -1 1788 1794 1782 -1 1786 1804 1764 -1 1767 1789 1805 -1 1757 1789 1767 -1 1784 1806 1776 -1 1766 1791 1795 -1 1794 1750 1762 -1 1690 1807 1758 -1 1796 1795 1808 -1 1690 1744 1807 -1 1801 1737 1780 -1 1798 1765 1747 -1 1775 1776 1809 -1 1810 1799 1755 -1 1790 1775 1809 -1 1790 1809 1811 -1 1774 1800 1802 -1 1791 1790 1811 -1 1791 1811 1812 -1 1787 1785 1813 -1 1803 1781 1797 -1 1799 1807 1744 -1 1783 1814 1784 -1 1812 1795 1791 -1 1815 1788 1787 -1 1784 1814 1806 -1 1815 1794 1788 -1 1795 1812 1808 -1 1816 1776 1806 -1 1778 1750 1794 -1 1817 1801 1780 -1 1808 1818 1796 -1 1798 1819 1765 -1 1786 1796 1804 -1 1755 1771 1810 -1 1785 1802 1813 -1 1815 1787 1813 -1 1776 1816 1809 -1 1803 1797 1820 -1 1811 1809 1821 -1 1816 1806 1814 -1 1812 1822 1808 -1 1818 1808 1822 -1 1765 1819 1792 -1 1778 1794 1823 -1 1780 1824 1817 -1 1825 1814 1783 -1 1814 1825 1826 -1 1818 1827 1796 -1 1801 1828 1800 -1 1829 1816 1814 -1 1796 1827 1804 -1 1794 1815 1823 -1 1777 1773 1830 -1 1823 1797 1778 -1 1831 1763 1758 -1 1805 1789 1832 -1 1821 1816 1833 -1 1805 1824 1767 -1 1809 1816 1821 -1 1767 1824 1780 -1 1811 1821 1834 -1 1811 1834 1812 -1 1822 1812 1835 -1 1836 1816 1829 -1 1801 1817 1837 -1 1793 1792 1838 -1 1830 1839 1840 -1 1773 1839 1830 -1 1828 1802 1800 -1 1826 1829 1814 -1 1815 1813 1841 -1 1842 1758 1807 -1 1777 1830 1843 -1 1843 1789 1777 -1 1833 1816 1836 -1 1832 1789 1843 -1 1844 1835 1845 -1 1797 1823 1820 -1 1846 1803 1820 -1 1822 1835 1844 -1 1825 1783 1803 -1 1821 1833 1834 -1 1835 1812 1834 -1 1847 1834 1833 -1 1823 1846 1820 -1 1837 1817 1848 -1 1837 1828 1801 -1 1846 1849 1803 -1 1822 1844 1818 -1 1849 1825 1803 -1 1771 1850 1810 -1 1771 1793 1850 -1 1838 1850 1793 -1 1828 1851 1802 -1 1844 1852 1853 -1 1831 1758 1842 -1 1818 1844 1853 -1 1813 1802 1851 -1 1813 1851 1841 -1 1841 1823 1815 -1 1826 1825 1854 -1 1798 1855 1819 -1 1805 1832 1856 -1 1847 1833 1836 -1 1844 1845 1857 -1 1817 1824 1848 -1 1834 1847 1858 -1 1835 1834 1858 -1 1837 1848 1859 -1 1837 1859 1828 -1 1840 1839 1860 -1 1861 1829 1826 -1 1862 1851 1828 -1 1856 1832 1843 -1 1863 1826 1854 -1 1854 1825 1849 -1 1805 1856 1864 -1 1865 1846 1823 -1 1864 1824 1805 -1 1866 1835 1858 -1 1847 1836 1867 -1 1844 1857 1852 -1 1868 1869 1870 -1 1857 1845 1866 -1 1848 1824 1864 -1 1870 1871 1872 -1 1829 1861 1873 -1 1874 1875 1857 -1 1875 1852 1857 -1 1876 1859 1848 -1 1859 1862 1828 -1 1873 1867 1836 -1 1841 1846 1865 -1 1823 1841 1865 -1 1829 1873 1836 -1 1847 1867 1877 -1 1877 1858 1847 -1 1858 1877 1878 -1 1830 1840 1879 -1 1851 1862 1880 -1 1879 1843 1830 -1 1858 1878 1866 -1 1866 1845 1835 -1 1863 1881 1826 -1 1882 1861 1881 -1 1881 1861 1826 -1 1843 1883 1856 -1 1856 1883 1884 -1 1864 1856 1884 -1 1857 1866 1874 -1 1885 1848 1864 -1 1876 1848 1885 -1 1882 1873 1861 -1 1871 1886 1872 -1 1887 1872 1886 -1 1886 1854 1887 -1 1887 1854 1849 -1 1860 1879 1840 -1 1873 1888 1867 -1 1867 1888 1877 -1 1854 1886 1863 -1 1889 1862 1859 -1 1890 1863 1891 -1 1880 1841 1851 -1 1841 1880 1846 -1 1863 1890 1881 -1 1892 1893 1894 -1 1895 1893 1868 -1 1895 1868 1870 -1 1895 1870 1872 -1 1877 1888 1878 -1 1896 1878 1897 -1 1898 1895 1872 -1 1898 1872 1887 -1 1866 1878 1896 -1 1889 1880 1862 -1 1899 1866 1896 -1 1885 1864 1884 -1 1880 1900 1901 -1 1846 1880 1901 -1 1899 1874 1866 -1 1859 1876 1902 -1 1890 1903 1881 -1 1799 1810 1904 -1 1881 1903 1882 -1 1882 1903 1905 -1 1810 1850 1904 -1 1879 1883 1843 -1 1901 1898 1887 -1 1887 1849 1901 -1 1891 1871 1906 -1 1871 1891 1886 -1 1886 1891 1863 -1 1890 1891 1906 -1 1901 1849 1846 -1 1907 1894 1893 -1 1882 1888 1873 -1 1889 1859 1902 -1 1898 1908 1895 -1 1890 1909 1903 -1 1901 1908 1898 -1 1882 1905 1888 -1 1889 1900 1880 -1 1910 1879 1860 -1 1909 1890 1906 -1 1893 1895 1907 -1 1911 1912 1913 -1 1892 1914 1913 -1 1911 1915 1912 -1 1907 1895 1908 -1 1903 1916 1905 -1 1908 1901 1900 -1 1917 1884 1883 -1 1918 1885 1884 -1 1885 1918 1876 -1 1919 1892 1894 -1 1879 1910 1920 -1 1915 1921 1912 -1 1922 1894 1907 -1 1917 1879 1920 -1 1883 1879 1917 -1 1902 1922 1907 -1 1907 1908 1902 -1 1917 1915 1911 -1 1889 1902 1908 -1 1917 1911 1923 -1 1914 1911 1913 -1 1889 1908 1900 -1 1892 1919 1914 -1 1923 1884 1917 -1 1923 1918 1884 -1 1918 1922 1876 -1 1920 1910 1915 -1 1922 1902 1876 -1 1920 1915 1917 -1 1922 1919 1894 -1 1924 1915 1910 -1 1921 1924 1925 -1 1915 1924 1921 -1 1923 1911 1914 -1 1923 1914 1919 -1 1918 1923 1919 -1 1918 1919 1922 -1 1926 1927 1928 -1 1928 1927 1929 -1 1929 1930 1928 -1 1930 1929 1931 -1 1929 1932 1931 -1 1932 1933 1934 -1 1935 1934 1933 -1 1930 1931 1936 -1 1937 1938 1939 -1 1940 1932 1934 -1 1941 1937 1939 -1 1934 1935 1942 -1 1939 1943 1941 -1 1944 1926 1928 -1 1940 1934 1945 -1 1941 1943 1946 -1 1947 1946 1943 -1 1948 1934 1942 -1 1944 1930 1936 -1 1926 1949 1947 -1 1928 1930 1944 -1 1932 1940 1931 -1 1948 1945 1934 -1 1946 1947 1949 -1 1926 1944 1950 -1 1936 1931 1940 -1 1950 1949 1926 -1 1942 1951 1948 -1 1944 1936 1950 -1 1940 1945 1952 -1 1946 1937 1941 -1 1953 1954 1955 -1 1948 1951 1956 -1 1957 1938 1937 -1 1958 1954 1953 -1 1950 1959 1949 -1 1960 1955 1938 -1 1960 1938 1957 -1 1952 1945 1961 -1 1945 1948 1962 -1 1953 1955 1963 -1 1950 1936 1964 -1 1963 1955 1960 -1 1940 1964 1936 -1 1961 1945 1962 -1 1965 1959 1950 -1 1962 1948 1956 -1 1956 1951 1966 -1 1967 1949 1959 -1 1968 1958 1953 -1 1962 1956 1969 -1 1946 1957 1937 -1 1946 1949 1970 -1 1967 1970 1949 -1 1971 1958 1968 -1 1969 1956 1966 -1 1957 1946 1970 -1 1964 1965 1950 -1 1940 1952 1972 -1 1966 1973 1974 -1 1963 1960 1975 -1 1940 1972 1976 -1 1967 1959 1977 -1 1962 1969 1978 -1 1953 1963 1979 -1 1959 1965 1977 -1 1973 1980 1974 -1 1980 1973 1981 -1 1964 1940 1976 -1 1965 1964 1982 -1 1953 1979 1968 -1 1961 1962 1983 -1 1978 1983 1962 -1 1969 1966 1984 -1 1985 1969 1984 -1 1984 1966 1974 -1 1986 1965 1982 -1 1982 1964 1986 -1 1986 1964 1976 -1 1961 1983 1987 -1 1960 1957 1988 -1 1971 1968 1989 -1 1969 1985 1978 -1 1972 1990 1976 -1 1986 1977 1965 -1 1961 1991 1952 -1 1970 1967 1992 -1 1971 1989 1993 -1 1967 1977 1992 -1 1994 1971 1993 -1 1985 1984 1995 -1 1984 1974 1995 -1 1979 1963 1996 -1 1991 1972 1952 -1 1991 1961 1987 -1 1997 1960 1988 -1 1975 1960 1997 -1 1996 1975 1997 -1 1986 1976 1998 -1 1989 1968 1979 -1 1999 1983 1978 -1 1990 1998 1976 -1 1957 2000 1988 -1 1970 2000 1957 -1 1990 1972 1991 -1 1996 1963 1975 -1 2001 1990 1991 -1 1974 2002 1995 -1 2002 1974 1980 -1 1980 1981 2003 -1 1977 1986 2004 -1 2004 1986 2005 -1 1978 1985 2006 -1 1987 2001 1991 -1 2005 1986 1998 -1 1993 1989 2007 -1 1997 1988 2008 -1 2009 1995 2002 -1 2010 1992 1977 -1 2002 1980 2011 -1 2006 1999 1978 -1 2006 1985 2009 -1 1995 2009 1985 -1 2004 2010 1977 -1 1981 2012 2003 -1 1987 1983 2013 -1 1996 1997 2014 -1 1979 2007 1989 -1 1983 2015 2013 -1 2009 2002 2016 -1 1999 2015 1983 -1 1994 1993 2017 -1 2018 1998 1990 -1 2001 2018 1990 -1 1979 1996 2019 -1 2000 1970 2020 -1 2004 2005 2021 -1 2005 1998 2018 -1 1992 2010 2022 -1 1979 2023 2007 -1 2008 1988 2000 -1 2002 2011 2024 -1 2011 2003 2025 -1 1980 2003 2011 -1 2003 2012 2026 -1 2027 2026 2012 -1 2004 2021 2010 -1 2028 1994 2029 -1 2020 1970 2030 -1 2001 1987 2013 -1 1970 1992 2030 -1 2018 2031 2005 -1 2014 1997 2032 -1 2002 2024 2016 -1 2017 2029 1994 -1 2008 2032 1997 -1 2023 1979 2019 -1 2033 2027 2034 -1 2021 2005 2031 -1 1992 2022 2030 -1 2019 1996 2014 -1 2035 2028 2029 -1 2036 2032 2008 -1 1993 2007 2037 -1 1999 2006 2038 -1 2025 2003 2026 -1 2010 2021 2039 -1 2018 2001 2040 -1 2013 2040 2001 -1 2033 2026 2027 -1 2031 2018 2041 -1 2037 2007 2023 -1 2029 2017 2042 -1 1993 2037 2017 -1 2000 2020 2008 -1 2011 2025 2043 -1 2039 2021 2031 -1 2044 2045 2046 -1 2020 2030 2047 -1 2047 2030 2022 -1 2044 2048 2045 -1 2046 2049 2050 -1 2032 2051 2014 -1 2052 2035 2053 -1 2050 2049 2054 -1 2025 2026 2055 -1 2053 2035 2029 -1 2038 2015 1999 -1 2042 2017 2037 -1 2018 2040 2041 -1 2022 2010 2039 -1 2009 2056 2006 -1 2056 2009 2016 -1 2033 2055 2026 -1 2057 2055 2033 -1 2023 2019 2058 -1 2020 2036 2008 -1 2029 2042 2059 -1 2015 2038 2060 -1 2038 2006 2060 -1 2056 2060 2006 -1 2043 2025 2061 -1 2034 2062 2063 -1 2062 2064 2063 -1 2039 2031 2065 -1 2058 2066 2023 -1 2011 2043 2024 -1 2013 2067 2040 -1 2068 2039 2065 -1 2065 2031 2069 -1 2041 2069 2031 -1 2070 2055 2057 -1 2022 2039 2068 -1 2033 2034 2071 -1 2057 2033 2071 -1 2056 2016 2072 -1 2016 2024 2072 -1 2040 2073 2041 -1 2053 2074 2052 -1 2075 2043 2061 -1 2023 2066 2076 -1 2023 2076 2037 -1 2077 2067 2013 -1 2040 2067 2073 -1 2058 2019 2078 -1 2014 2078 2019 -1 2051 2078 2014 -1 2053 2029 2059 -1 2068 2079 2022 -1 2022 2079 2047 -1 2032 2036 2080 -1 2015 2060 2077 -1 2013 2015 2077 -1 2041 2073 2069 -1 2025 2055 2061 -1 2063 2071 2034 -1 2043 2075 2024 -1 2060 2056 2081 -1 2081 2056 2072 -1 2036 2020 2082 -1 2020 2047 2082 -1 2046 2045 2083 -1 2084 2037 2076 -1 2084 2042 2037 -1 2080 2051 2032 -1 2069 2085 2065 -1 2082 2080 2036 -1 2072 2024 2086 -1 2068 2065 2085 -1 2055 2070 2087 -1 2069 2073 2088 -1 2081 2077 2060 -1 2085 2069 2088 -1 2057 2071 2089 -1 2074 2053 2090 -1 2047 2079 2091 -1 2092 2072 2086 -1 2066 2058 2093 -1 2088 2073 2094 -1 2064 2095 2063 -1 2076 2066 2093 -1 2096 2095 2064 -1 2086 2024 2075 -1 2055 2087 2061 -1 2092 2086 2097 -1 2047 2091 2082 -1 2084 2076 2098 -1 2099 2093 2058 -1 2070 2057 2089 -1 2058 2078 2099 -1 2049 2100 2054 -1 2101 2089 2071 -1 2080 2082 2102 -1 2071 2063 2101 -1 2103 2101 2063 -1 2104 2105 2106 -1 2107 2067 2077 -1 2063 2095 2103 -1 2067 2107 2108 -1 2106 2105 2054 -1 2107 2077 2081 -1 2107 2081 2092 -1 2067 2094 2073 -1 2081 2072 2092 -1 2068 2085 2109 -1 2105 2104 2110 -1 2098 2076 2093 -1 2110 2111 2105 -1 2087 2070 2112 -1 2113 2085 2088 -1 2084 2114 2042 -1 2113 2088 2115 -1 2114 2116 2042 -1 2100 2049 2046 -1 2080 2117 2051 -1 2075 2061 2118 -1 2119 2094 2067 -1 2119 2067 2108 -1 2103 2095 2120 -1 2111 2110 2121 -1 2113 2109 2085 -1 2083 2045 2122 -1 2122 2045 2048 -1 2123 2082 2091 -1 2095 2096 2124 -1 2124 2096 2125 -1 2126 2127 2128 -1 2048 2126 2128 -1 2117 2129 2051 -1 2127 2126 2074 -1 2099 2078 2129 -1 2078 2051 2129 -1 2130 2090 2053 -1 2082 2123 2102 -1 2112 2070 2089 -1 2042 2116 2059 -1 2112 2089 2101 -1 2109 2079 2068 -1 2103 2131 2101 -1 2120 2095 2124 -1 2106 2054 2132 -1 2054 2100 2132 -1 2101 2131 2112 -1 2092 2133 2107 -1 2046 2083 2134 -1 2084 2098 2135 -1 2121 2110 2136 -1 2053 2059 2130 -1 2137 2080 2102 -1 2138 2102 2123 -1 2118 2061 2139 -1 2118 2139 2140 -1 2061 2087 2139 -1 2094 2115 2088 -1 2097 2133 2092 -1 2133 2097 2141 -1 2107 2133 2108 -1 2086 2142 2097 -1 2075 2142 2086 -1 2118 2142 2075 -1 2114 2143 2116 -1 2091 2144 2123 -1 2084 2135 2114 -1 2124 2125 2145 -1 2059 2116 2146 -1 2146 2130 2059 -1 2110 2104 2147 -1 2146 2116 2143 -1 2117 2080 2148 -1 2104 2106 2149 -1 2137 2102 2138 -1 2098 2093 2135 -1 2138 2123 2144 -1 2128 2122 2048 -1 2094 2150 2115 -1 2144 2091 2109 -1 2112 2139 2087 -1 2109 2091 2079 -1 2109 2151 2144 -1 2119 2150 2094 -1 2139 2112 2131 -1 2151 2109 2113 -1 2119 2108 2133 -1 2119 2133 2141 -1 2142 2141 2097 -1 2142 2118 2152 -1 2117 2148 2153 -1 2093 2099 2154 -1 2080 2137 2148 -1 2143 2114 2135 -1 2155 2129 2156 -1 2137 2138 2157 -1 2129 2117 2156 -1 2136 2110 2147 -1 2120 2124 2158 -1 2129 2155 2099 -1 2159 2130 2146 -1 2160 2130 2159 -1 2131 2103 2161 -1 2156 2117 2153 -1 2145 2162 2124 -1 2162 2145 2163 -1 2148 2137 2164 -1 2074 2090 2165 -1 2166 2154 2099 -1 2099 2155 2166 -1 2143 2135 2167 -1 2157 2138 2168 -1 2161 2103 2120 -1 2138 2144 2168 -1 2151 2113 2169 -1 2169 2113 2115 -1 2170 2119 2141 -1 2141 2142 2152 -1 2162 2163 2171 -1 2134 2172 2046 -1 2100 2046 2172 -1 2093 2167 2135 -1 2164 2173 2148 -1 2161 2120 2158 -1 2154 2166 2174 -1 2162 2158 2124 -1 2127 2074 2165 -1 2165 2090 2130 -1 2171 2163 2175 -1 2163 2176 2175 -1 2106 2177 2149 -1 2177 2106 2132 -1 2139 2131 2178 -1 2161 2178 2131 -1 2179 2158 2180 -1 2155 2181 2166 -1 2155 2156 2181 -1 2157 2168 2182 -1 2100 2183 2132 -1 2146 2184 2159 -1 2175 2176 2185 -1 2146 2143 2186 -1 2181 2156 2153 -1 2187 2122 2128 -1 2128 2127 2188 -1 2189 2153 2173 -1 2153 2148 2173 -1 2158 2162 2180 -1 2162 2171 2180 -1 2164 2137 2157 -1 2093 2154 2190 -1 2174 2166 2191 -1 2165 2130 2160 -1 2167 2192 2143 -1 2193 2157 2182 -1 2160 2159 2184 -1 2181 2153 2189 -1 2147 2104 2194 -1 2195 2175 2185 -1 2186 2143 2192 -1 2167 2093 2190 -1 2154 2174 2196 -1 2151 2197 2144 -1 2158 2179 2161 -1 2119 2198 2150 -1 2170 2198 2119 -1 2197 2168 2144 -1 2169 2115 2199 -1 2170 2141 2200 -1 2141 2152 2200 -1 2199 2115 2150 -1 2201 2152 2118 -1 2198 2199 2150 -1 2165 2160 2202 -1 2183 2177 2132 -1 2203 2136 2147 -1 2195 2185 2204 -1 2154 2196 2190 -1 2191 2205 2174 -1 2166 2206 2191 -1 2166 2181 2206 -1 2207 2149 2177 -1 2146 2186 2208 -1 2167 2190 2209 -1 2205 2196 2174 -1 2184 2146 2208 -1 2180 2210 2179 -1 2181 2189 2211 -1 2173 2164 2212 -1 2194 2104 2149 -1 2164 2157 2193 -1 2213 2161 2179 -1 2083 2122 2214 -1 2214 2122 2187 -1 2180 2171 2215 -1 2211 2206 2181 -1 2128 2188 2187 -1 2215 2171 2195 -1 2171 2175 2195 -1 2210 2180 2215 -1 2205 2191 2216 -1 2192 2208 2186 -1 2209 2192 2167 -1 2190 2196 2217 -1 2211 2218 2219 -1 2218 2211 2189 -1 2210 2215 2220 -1 2206 2216 2191 -1 2189 2173 2218 -1 2212 2164 2221 -1 2221 2164 2222 -1 2134 2083 2214 -1 2218 2173 2212 -1 2195 2204 2223 -1 2193 2222 2164 -1 2205 2216 2224 -1 2211 2219 2216 -1 2216 2206 2211 -1 2217 2209 2190 -1 2196 2205 2225 -1 2224 2225 2205 -1 2178 2213 2226 -1 2161 2213 2178 -1 2179 2210 2227 -1 2213 2179 2227 -1 2182 2168 2228 -1 2140 2139 2229 -1 2230 2198 2170 -1 2200 2230 2170 -1 2178 2229 2139 -1 2201 2200 2152 -1 2169 2197 2151 -1 2231 2169 2199 -1 2201 2118 2232 -1 2233 2201 2232 -1 2140 2232 2118 -1 2194 2149 2207 -1 2183 2100 2172 -1 2184 2208 2234 -1 2216 2219 2235 -1 2235 2224 2216 -1 2227 2210 2220 -1 2218 2212 2236 -1 2235 2219 2236 -1 2209 2217 2237 -1 2212 2221 2238 -1 2196 2225 2217 -1 2209 2239 2192 -1 2225 2224 2240 -1 2177 2183 2241 -1 2203 2147 2194 -1 2223 2242 2195 -1 2219 2218 2236 -1 2243 2220 2215 -1 2244 2227 2220 -1 2237 2217 2245 -1 2246 2242 2223 -1 2246 2223 2204 -1 2245 2217 2247 -1 2208 2248 2234 -1 2248 2208 2192 -1 2127 2249 2188 -1 2160 2184 2234 -1 2127 2165 2249 -1 2165 2202 2249 -1 2193 2250 2222 -1 2182 2250 2193 -1 2250 2182 2251 -1 2251 2182 2252 -1 2228 2252 2182 -1 2197 2228 2168 -1 2236 2212 2238 -1 2253 2188 2254 -1 2249 2254 2188 -1 2224 2235 2255 -1 2240 2224 2255 -1 2215 2195 2242 -1 2242 2243 2215 -1 2192 2239 2248 -1 2225 2247 2217 -1 2246 2204 2256 -1 2245 2247 2257 -1 2258 2234 2248 -1 2238 2221 2259 -1 2255 2235 2236 -1 2160 2234 2202 -1 2209 2237 2260 -1 2242 2246 2261 -1 2239 2209 2260 -1 2261 2246 2256 -1 2243 2262 2220 -1 2244 2220 2262 -1 2237 2245 2263 -1 2259 2221 2222 -1 2227 2244 2264 -1 2227 2264 2213 -1 2213 2265 2226 -1 2213 2264 2265 -1 2197 2266 2228 -1 2231 2197 2169 -1 2201 2267 2200 -1 2268 2178 2226 -1 2229 2269 2140 -1 2198 2270 2199 -1 2271 2270 2198 -1 2232 2140 2269 -1 2230 2271 2198 -1 2194 2272 2203 -1 2273 2236 2238 -1 2274 2275 2214 -1 2187 2274 2214 -1 2243 2242 2276 -1 2207 2177 2277 -1 2257 2263 2245 -1 2247 2278 2257 -1 2278 2247 2240 -1 2247 2225 2240 -1 2258 2248 2239 -1 2273 2255 2236 -1 2260 2237 2279 -1 2134 2214 2275 -1 2273 2238 2259 -1 2280 2188 2253 -1 2187 2188 2280 -1 2237 2263 2279 -1 2276 2242 2261 -1 2263 2257 2281 -1 2278 2281 2257 -1 2261 2256 2282 -1 2278 2240 2255 -1 2202 2234 2283 -1 2249 2202 2284 -1 2277 2177 2241 -1 2279 2285 2260 -1 2234 2258 2283 -1 2172 2134 2286 -1 2275 2286 2134 -1 2287 2259 2222 -1 2250 2287 2222 -1 2250 2251 2288 -1 2252 2288 2251 -1 2252 2228 2289 -1 2261 2282 2290 -1 2291 2249 2284 -1 2254 2249 2291 -1 2183 2292 2241 -1 2259 2293 2273 -1 2294 2260 2285 -1 2194 2207 2277 -1 2261 2290 2276 -1 2274 2187 2280 -1 2243 2276 2290 -1 2295 2282 2256 -1 2279 2263 2296 -1 2263 2281 2296 -1 2277 2241 2297 -1 2278 2255 2298 -1 2239 2260 2294 -1 2273 2298 2255 -1 2293 2298 2273 -1 2277 2299 2194 -1 2258 2239 2294 -1 2285 2279 2300 -1 2282 2295 2301 -1 2290 2262 2243 -1 2264 2302 2265 -1 2250 2303 2287 -1 2244 2304 2264 -1 2259 2287 2293 -1 2304 2302 2264 -1 2266 2289 2228 -1 2269 2229 2305 -1 2197 2231 2306 -1 2178 2268 2229 -1 2270 2231 2199 -1 2305 2229 2268 -1 2266 2197 2306 -1 2302 2307 2265 -1 2265 2307 2226 -1 2308 2270 2271 -1 2268 2226 2307 -1 2271 2230 2309 -1 2200 2267 2230 -1 2230 2267 2309 -1 2310 2258 2294 -1 2311 2285 2312 -1 2285 2300 2312 -1 2292 2183 2172 -1 2258 2313 2283 -1 2278 2298 2281 -1 2313 2314 2283 -1 2202 2283 2314 -1 2300 2279 2296 -1 2315 2301 2295 -1 2311 2294 2285 -1 2313 2258 2310 -1 2194 2299 2272 -1 2284 2202 2314 -1 2312 2300 2316 -1 2315 2317 2301 -1 2311 2310 2294 -1 2318 2319 2320 -1 2304 2244 2321 -1 2322 2323 2287 -1 2304 2321 2324 -1 2262 2321 2244 -1 2325 2304 2324 -1 2324 2326 2325 -1 2322 2303 2327 -1 2287 2303 2322 -1 2326 2324 2318 -1 2323 2293 2287 -1 2318 2328 2326 -1 2304 2325 2302 -1 2307 2302 2329 -1 2330 2288 2252 -1 2329 2302 2325 -1 2284 2314 2331 -1 2311 2312 2332 -1 2333 2172 2286 -1 2281 2298 2296 -1 2277 2297 2334 -1 2300 2296 2316 -1 2335 2290 2282 -1 2262 2290 2335 -1 2310 2311 2336 -1 2332 2336 2311 -1 2320 2319 2337 -1 2332 2312 2338 -1 2335 2321 2262 -1 2332 2338 2339 -1 2339 2338 2340 -1 2275 2274 2341 -1 2342 2341 2274 -1 2274 2280 2342 -1 2316 2296 2343 -1 2343 2296 2298 -1 2293 2343 2298 -1 2344 2319 2324 -1 2324 2321 2344 -1 2318 2324 2319 -1 2303 2345 2327 -1 2346 2325 2326 -1 2323 2339 2340 -1 2340 2293 2323 -1 2346 2329 2325 -1 2347 2345 2303 -1 2322 2339 2323 -1 2326 2328 2346 -1 2346 2328 2348 -1 2348 2328 2349 -1 2350 2348 2349 -1 2232 2269 2351 -1 2303 2250 2288 -1 2352 2351 2269 -1 2330 2347 2288 -1 2288 2347 2303 -1 2330 2252 2289 -1 2305 2352 2269 -1 2330 2289 2353 -1 2305 2268 2354 -1 2268 2307 2355 -1 2355 2354 2268 -1 2355 2307 2329 -1 2231 2356 2306 -1 2270 2356 2231 -1 2357 2270 2308 -1 2312 2316 2358 -1 2282 2301 2335 -1 2297 2241 2292 -1 2291 2284 2331 -1 2359 2317 2315 -1 2360 2344 2321 -1 2338 2312 2358 -1 2338 2358 2340 -1 2333 2286 2275 -1 2344 2360 2319 -1 2342 2280 2361 -1 2280 2253 2361 -1 2362 2332 2339 -1 2343 2293 2340 -1 2292 2172 2333 -1 2358 2316 2343 -1 2358 2343 2340 -1 2336 2332 2363 -1 2301 2317 2364 -1 2364 2335 2301 -1 2313 2310 2365 -1 2336 2365 2310 -1 2333 2275 2341 -1 2331 2314 2366 -1 2367 2361 2253 -1 2253 2254 2367 -1 2319 2360 2337 -1 2327 2368 2362 -1 2329 2346 2369 -1 2355 2329 2369 -1 2322 2362 2339 -1 2369 2346 2370 -1 2348 2370 2346 -1 2368 2327 2345 -1 2327 2362 2322 -1 2371 2348 2350 -1 2334 2297 2372 -1 2313 2366 2314 -1 2334 2299 2277 -1 2373 2317 2359 -1 2362 2363 2332 -1 2365 2336 2363 -1 2313 2365 2366 -1 2331 2366 2374 -1 2364 2375 2335 -1 2335 2375 2321 -1 2376 2363 2362 -1 2372 2297 2292 -1 2321 2375 2360 -1 2341 2342 2377 -1 2378 2371 2379 -1 2376 2362 2368 -1 2371 2370 2348 -1 2380 2368 2345 -1 2380 2345 2381 -1 2330 2382 2347 -1 2345 2347 2381 -1 2352 2305 2354 -1 2382 2330 2353 -1 2347 2382 2381 -1 2353 2289 2383 -1 2289 2266 2383 -1 2384 2354 2355 -1 2385 2384 2369 -1 2369 2384 2355 -1 2383 2266 2306 -1 2356 2386 2306 -1 2270 2357 2356 -1 2267 2201 2233 -1 2308 2271 2387 -1 2309 2387 2271 -1 2351 2233 2232 -1 2309 2267 2388 -1 2267 2233 2389 -1 2389 2388 2267 -1 2351 2389 2233 -1 2378 2379 2390 -1 2334 2391 2299 -1 2365 2392 2366 -1 2364 2317 2393 -1 2317 2373 2393 -1 2394 2331 2374 -1 2291 2331 2394 -1 2392 2365 2363 -1 2395 2373 2359 -1 2396 2376 2368 -1 2359 2397 2395 -1 2376 2392 2363 -1 2366 2392 2374 -1 2396 2392 2376 -1 2395 2393 2373 -1 2342 2361 2398 -1 2367 2398 2361 -1 2367 2254 2399 -1 2254 2291 2399 -1 2370 2371 2400 -1 2400 2371 2378 -1 2333 2341 2401 -1 2272 2299 2402 -1 2334 2372 2391 -1 2299 2391 2402 -1 2392 2396 2374 -1 2372 2292 2403 -1 2337 2360 2404 -1 2364 2393 2405 -1 2364 2405 2375 -1 2401 2341 2377 -1 2405 2395 2397 -1 2394 2399 2291 -1 2394 2374 2396 -1 2405 2393 2395 -1 2406 2378 2390 -1 2396 2368 2407 -1 2368 2380 2407 -1 2385 2369 2370 -1 2385 2370 2408 -1 2381 2382 2409 -1 2386 2410 2306 -1 2400 2408 2370 -1 2384 2411 2354 -1 2357 2386 2356 -1 2385 2412 2384 -1 2354 2413 2352 -1 2382 2353 2414 -1 2414 2353 2383 -1 2306 2410 2383 -1 2405 2415 2375 -1 2405 2397 2416 -1 2394 2396 2407 -1 2367 2399 2417 -1 2417 2399 2418 -1 2394 2418 2399 -1 2418 2394 2407 -1 2416 2419 2420 -1 2420 2360 2375 -1 2292 2333 2421 -1 2418 2407 2422 -1 2378 2406 2400 -1 2407 2380 2422 -1 2423 2422 2380 -1 2424 2418 2422 -1 2372 2403 2425 -1 2418 2424 2417 -1 2390 2426 2406 -1 2415 2405 2416 -1 2415 2420 2375 -1 2404 2360 2420 -1 2419 2404 2420 -1 2391 2372 2425 -1 2367 2417 2427 -1 2403 2292 2421 -1 2424 2422 2428 -1 2429 2423 2381 -1 2409 2429 2381 -1 2430 2408 2431 -1 2385 2408 2430 -1 2412 2411 2384 -1 2423 2428 2422 -1 2408 2400 2431 -1 2428 2423 2429 -1 2381 2423 2380 -1 2400 2406 2431 -1 2414 2409 2382 -1 2411 2413 2354 -1 2430 2412 2385 -1 2410 2414 2383 -1 2432 2309 2388 -1 2388 2433 2432 -1 2434 2386 2357 -1 2434 2308 2435 -1 2357 2308 2434 -1 2433 2389 2436 -1 2388 2389 2433 -1 2308 2437 2435 -1 2387 2437 2308 -1 2432 2387 2309 -1 2437 2387 2432 -1 2389 2351 2438 -1 2438 2436 2389 -1 2413 2351 2352 -1 2413 2438 2351 -1 2420 2415 2416 -1 2424 2439 2417 -1 2440 2391 2425 -1 2441 2421 2333 -1 2333 2401 2441 -1 2401 2377 2442 -1 2342 2398 2377 -1 2417 2439 2427 -1 2439 2424 2428 -1 2426 2443 2406 -1 2406 2443 2444 -1 2445 2402 2391 -1 2398 2367 2446 -1 2367 2427 2446 -1 2425 2403 2447 -1 2391 2440 2445 -1 2447 2403 2421 -1 2398 2448 2449 -1 2398 2446 2448 -1 2444 2443 2450 -1 2427 2439 2451 -1 2430 2452 2412 -1 2453 2452 2430 -1 2411 2412 2454 -1 2455 2429 2456 -1 2430 2431 2457 -1 2457 2453 2430 -1 2429 2409 2456 -1 2452 2454 2412 -1 2409 2414 2458 -1 2431 2406 2457 -1 2457 2406 2444 -1 2377 2398 2449 -1 2459 2421 2441 -1 2447 2421 2460 -1 2427 2451 2461 -1 2439 2428 2451 -1 2441 2401 2442 -1 2446 2427 2462 -1 2463 2446 2462 -1 2455 2464 2465 -1 2456 2464 2455 -1 2452 2453 2466 -1 2453 2457 2467 -1 2455 2451 2428 -1 2428 2429 2455 -1 2451 2455 2465 -1 2457 2444 2467 -1 2458 2456 2409 -1 2410 2468 2414 -1 2414 2468 2458 -1 2469 2468 2410 -1 2470 2471 2432 -1 2432 2433 2470 -1 2386 2469 2410 -1 2472 2469 2386 -1 2473 2470 2433 -1 2436 2473 2433 -1 2434 2472 2386 -1 2434 2474 2472 -1 2438 2413 2475 -1 2474 2434 2435 -1 2473 2438 2476 -1 2436 2438 2473 -1 2437 2477 2435 -1 2478 2475 2413 -1 2413 2411 2478 -1 2432 2477 2437 -1 2471 2477 2432 -1 2411 2454 2478 -1 2479 2478 2454 -1 2454 2452 2479 -1 2479 2452 2466 -1 2448 2446 2463 -1 2427 2461 2462 -1 2441 2442 2480 -1 2467 2444 2450 -1 2461 2451 2481 -1 2465 2481 2451 -1 2456 2482 2464 -1 2483 2458 2484 -1 2456 2458 2483 -1 2468 2484 2458 -1 2449 2448 2463 -1 2460 2421 2459 -1 2480 2459 2441 -1 2442 2485 2480 -1 2442 2377 2449 -1 2442 2449 2485 -1 2467 2450 2486 -1 2481 2487 2461 -1 2449 2463 2488 -1 2463 2462 2489 -1 2461 2487 2490 -1 2462 2461 2490 -1 2487 2481 2465 -1 2491 2465 2464 -1 2453 2492 2466 -1 2482 2491 2464 -1 2493 2466 2492 -1 2453 2467 2492 -1 2471 2470 2494 -1 2492 2467 2486 -1 2495 2494 2470 -1 2456 2496 2482 -1 2483 2496 2456 -1 2470 2473 2495 -1 2476 2495 2473 -1 2497 2472 2474 -1 2497 2474 2498 -1 2498 2474 2499 -1 2500 2498 2499 -1 2501 2500 2477 -1 2477 2471 2501 -1 2501 2471 2494 -1 2502 2466 2493 -1 2435 2499 2474 -1 2435 2477 2499 -1 2499 2477 2500 -1 2476 2475 2503 -1 2438 2475 2476 -1 2504 2484 2468 -1 2484 2504 2505 -1 2475 2478 2506 -1 2469 2504 2468 -1 2507 2504 2469 -1 2506 2503 2475 -1 2504 2507 2505 -1 2508 2506 2478 -1 2472 2507 2469 -1 2497 2507 2472 -1 2478 2479 2508 -1 2479 2466 2502 -1 2502 2508 2479 -1 2480 2509 2459 -1 2488 2463 2489 -1 2489 2462 2510 -1 2510 2462 2490 -1 2487 2465 2511 -1 2511 2465 2491 -1 2460 2459 2512 -1 2488 2513 2449 -1 2514 2447 2460 -1 2514 2460 2512 -1 2485 2449 2513 -1 2492 2486 2515 -1 2491 2482 2516 -1 2482 2517 2516 -1 2494 2495 2518 -1 2493 2492 2519 -1 2497 2520 2507 -1 2496 2517 2482 -1 2497 2498 2521 -1 2503 2522 2476 -1 2512 2459 2509 -1 2523 2509 2480 -1 2488 2489 2510 -1 2485 2523 2480 -1 2511 2524 2487 -1 2511 2491 2516 -1 2525 2490 2487 -1 2487 2524 2525 -1 2526 2527 2496 -1 2492 2515 2519 -1 2494 2528 2501 -1 2518 2528 2494 -1 2502 2493 2529 -1 2518 2495 2476 -1 2493 2519 2529 -1 2505 2530 2531 -1 2529 2532 2502 -1 2530 2507 2520 -1 2496 2533 2517 -1 2520 2497 2521 -1 2496 2527 2533 -1 2534 2522 2503 -1 2521 2498 2535 -1 2500 2535 2498 -1 2528 2500 2501 -1 2535 2500 2536 -1 2528 2536 2500 -1 2496 2483 2526 -1 2526 2483 2484 -1 2503 2506 2537 -1 2484 2505 2526 -1 2538 2537 2506 -1 2506 2508 2538 -1 2530 2505 2507 -1 2538 2508 2539 -1 2508 2502 2532 -1 2532 2539 2508 -1 2540 2488 2510 -1 2510 2490 2541 -1 2523 2485 2542 -1 2524 2511 2516 -1 2517 2543 2516 -1 2488 2544 2513 -1 2513 2545 2485 -1 2544 2488 2540 -1 2542 2485 2545 -1 2546 2535 2536 -1 2528 2518 2547 -1 2533 2548 2517 -1 2529 2519 2549 -1 2518 2476 2522 -1 2519 2515 2549 -1 2533 2527 2550 -1 2518 2522 2551 -1 2534 2551 2522 -1 2526 2552 2527 -1 2553 2509 2523 -1 2540 2510 2541 -1 2525 2541 2490 -1 2541 2525 2554 -1 2525 2524 2555 -1 2509 2553 2512 -1 2544 2545 2513 -1 2556 2523 2542 -1 2524 2516 2555 -1 2540 2541 2557 -1 2554 2525 2555 -1 2555 2516 2558 -1 2516 2543 2558 -1 2558 2543 2559 -1 2560 2546 2536 -1 2517 2548 2543 -1 2547 2536 2528 -1 2548 2533 2561 -1 2547 2518 2551 -1 2562 2520 2521 -1 2535 2563 2521 -1 2546 2563 2535 -1 2532 2529 2564 -1 2527 2552 2550 -1 2552 2526 2505 -1 2531 2552 2505 -1 2565 2531 2530 -1 2537 2534 2503 -1 2530 2520 2565 -1 2537 2538 2566 -1 2539 2566 2538 -1 2539 2532 2564 -1 2567 2512 2553 -1 2568 2541 2554 -1 2523 2556 2553 -1 2541 2568 2557 -1 2554 2569 2568 -1 2555 2569 2554 -1 2543 2570 2559 -1 2544 2540 2571 -1 2572 2556 2542 -1 2542 2545 2572 -1 2545 2544 2573 -1 2558 2574 2555 -1 2529 2549 2575 -1 2548 2570 2543 -1 2548 2561 2570 -1 2576 2551 2577 -1 2547 2551 2576 -1 2551 2578 2577 -1 2579 2529 2575 -1 2536 2547 2580 -1 2533 2550 2561 -1 2576 2580 2547 -1 2534 2581 2551 -1 2537 2581 2534 -1 2551 2581 2578 -1 2563 2562 2521 -1 2562 2582 2565 -1 2562 2565 2520 -1 2563 2546 2583 -1 2560 2583 2546 -1 2560 2536 2580 -1 2568 2584 2557 -1 2573 2544 2585 -1 2540 2557 2571 -1 2569 2586 2568 -1 2555 2574 2569 -1 2558 2559 2574 -1 2574 2559 2587 -1 2570 2587 2559 -1 2584 2568 2586 -1 2545 2573 2572 -1 2544 2571 2585 -1 2572 2573 2588 -1 2584 2571 2557 -1 2572 2589 2556 -1 2586 2569 2574 -1 2586 2574 2587 -1 2590 2586 2587 -1 2591 2592 2582 -1 2591 2582 2593 -1 2570 2594 2587 -1 2593 2582 2562 -1 2595 2593 2562 -1 2594 2570 2596 -1 2570 2561 2596 -1 2563 2595 2562 -1 2597 2561 2550 -1 2596 2561 2597 -1 2598 2563 2583 -1 2597 2550 2599 -1 2560 2580 2600 -1 2580 2576 2601 -1 2577 2601 2576 -1 2529 2579 2564 -1 2592 2591 2602 -1 2537 2566 2581 -1 2581 2566 2603 -1 2581 2603 2604 -1 2552 2605 2550 -1 2550 2605 2599 -1 2566 2539 2606 -1 2599 2605 2602 -1 2531 2605 2552 -1 2592 2605 2531 -1 2564 2606 2539 -1 2607 2606 2564 -1 2605 2592 2602 -1 2566 2606 2608 -1 2603 2566 2608 -1 2604 2603 2608 -1 2531 2582 2592 -1 2565 2582 2531 -1 2571 2584 2609 -1 2584 2586 2610 -1 2586 2590 2610 -1 2573 2611 2588 -1 2587 2612 2590 -1 2594 2612 2587 -1 2578 2581 2613 -1 2614 2602 2615 -1 2579 2616 2564 -1 2607 2564 2616 -1 2607 2616 2617 -1 2598 2595 2563 -1 2596 2597 2618 -1 2601 2619 2580 -1 2599 2620 2597 -1 2600 2580 2619 -1 2614 2620 2599 -1 2583 2560 2621 -1 2622 2600 2619 -1 2621 2560 2600 -1 2577 2623 2601 -1 2577 2578 2623 -1 2623 2619 2601 -1 2624 2588 2611 -1 2625 2556 2589 -1 2609 2585 2571 -1 2572 2588 2589 -1 2584 2610 2609 -1 2609 2610 2626 -1 2610 2590 2626 -1 2585 2609 2627 -1 2585 2611 2573 -1 2623 2613 2628 -1 2596 2629 2594 -1 2615 2630 2614 -1 2631 2629 2596 -1 2630 2615 2632 -1 2593 2633 2591 -1 2634 2633 2593 -1 2631 2596 2618 -1 2618 2620 2635 -1 2597 2620 2618 -1 2635 2620 2636 -1 2593 2595 2637 -1 2634 2593 2637 -1 2638 2595 2598 -1 2637 2595 2638 -1 2639 2598 2583 -1 2638 2598 2639 -1 2620 2614 2636 -1 2639 2583 2640 -1 2583 2621 2640 -1 2641 2640 2621 -1 2642 2622 2619 -1 2621 2600 2641 -1 2622 2641 2600 -1 2619 2623 2642 -1 2613 2623 2578 -1 2604 2613 2581 -1 2602 2614 2599 -1 2613 2604 2628 -1 2602 2591 2615 -1 2617 2608 2607 -1 2607 2608 2606 -1 2632 2615 2633 -1 2633 2615 2591 -1 2608 2617 2643 -1 2644 2608 2643 -1 2604 2608 2644 -1 2626 2590 2645 -1 2612 2646 2590 -1 2647 2589 2588 -1 2588 2624 2647 -1 2611 2585 2648 -1 2612 2594 2649 -1 2629 2649 2594 -1 2650 2609 2626 -1 2590 2646 2645 -1 2651 2649 2629 -1 2652 2623 2628 -1 2631 2651 2629 -1 2631 2618 2653 -1 2634 2654 2633 -1 2635 2653 2618 -1 2622 2655 2656 -1 2630 2636 2614 -1 2657 2636 2630 -1 2642 2655 2622 -1 2622 2656 2641 -1 2658 2637 2638 -1 2658 2638 2659 -1 2638 2639 2659 -1 2640 2660 2639 -1 2660 2659 2639 -1 2652 2661 2642 -1 2652 2642 2623 -1 2650 2627 2609 -1 2662 2645 2646 -1 2663 2662 2646 -1 2647 2664 2589 -1 2627 2650 2665 -1 2626 2666 2650 -1 2645 2666 2626 -1 2627 2648 2585 -1 2663 2646 2612 -1 2649 2663 2612 -1 2664 2625 2589 -1 2662 2666 2645 -1 2666 2662 2663 -1 2667 2652 2628 -1 2668 2632 2669 -1 2668 2669 2670 -1 2670 2669 2671 -1 2671 2669 2654 -1 2653 2651 2631 -1 2672 2671 2654 -1 2672 2654 2634 -1 2673 2672 2634 -1 2635 2674 2653 -1 2673 2634 2658 -1 2673 2658 2675 -1 2642 2661 2676 -1 2635 2636 2674 -1 2636 2657 2677 -1 2678 2656 2655 -1 2642 2676 2655 -1 2677 2657 2679 -1 2632 2657 2630 -1 2678 2680 2656 -1 2657 2632 2668 -1 2633 2654 2632 -1 2654 2669 2632 -1 2681 2628 2604 -1 2604 2644 2681 -1 2628 2681 2667 -1 2637 2658 2634 -1 2681 2644 2682 -1 2682 2644 2643 -1 2683 2659 2660 -1 2660 2640 2641 -1 2641 2656 2660 -1 2684 2624 2611 -1 2611 2648 2684 -1 2685 2666 2663 -1 2649 2651 2686 -1 2624 2687 2647 -1 2685 2688 2666 -1 2663 2689 2685 -1 2663 2649 2689 -1 2650 2666 2688 -1 2648 2627 2665 -1 2686 2689 2649 -1 2690 2668 2670 -1 2661 2652 2691 -1 2690 2670 2692 -1 2693 2670 2671 -1 2692 2670 2693 -1 2653 2674 2694 -1 2695 2693 2671 -1 2676 2678 2655 -1 2695 2671 2672 -1 2696 2692 2693 -1 2697 2698 2676 -1 2696 2693 2695 -1 2678 2676 2698 -1 2677 2674 2636 -1 2699 2695 2672 -1 2661 2697 2676 -1 2699 2672 2673 -1 2699 2673 2675 -1 2697 2661 2691 -1 2668 2679 2657 -1 2652 2667 2700 -1 2679 2668 2701 -1 2700 2691 2652 -1 2659 2675 2658 -1 2702 2675 2659 -1 2683 2702 2659 -1 2668 2690 2701 -1 2683 2703 2702 -1 2660 2704 2683 -1 2687 2664 2647 -1 2650 2688 2705 -1 2648 2706 2684 -1 2665 2706 2648 -1 2651 2653 2707 -1 2708 2707 2653 -1 2709 2687 2624 -1 2688 2685 2710 -1 2711 2689 2686 -1 2709 2624 2712 -1 2624 2684 2712 -1 2689 2710 2685 -1 2711 2710 2689 -1 2713 2714 2715 -1 2703 2715 2702 -1 2651 2716 2686 -1 2708 2653 2694 -1 2701 2690 2717 -1 2718 2696 2719 -1 2696 2720 2719 -1 2721 2717 2690 -1 2698 2722 2678 -1 2692 2721 2690 -1 2723 2694 2674 -1 2718 2721 2692 -1 2724 2721 2718 -1 2718 2692 2696 -1 2720 2696 2695 -1 2725 2698 2697 -1 2699 2720 2695 -1 2726 2720 2699 -1 2726 2699 2714 -1 2697 2691 2725 -1 2714 2699 2675 -1 2675 2715 2714 -1 2674 2727 2723 -1 2702 2715 2675 -1 2667 2681 2728 -1 2677 2727 2674 -1 2667 2728 2729 -1 2703 2683 2704 -1 2677 2730 2727 -1 2731 2727 2730 -1 2677 2679 2730 -1 2701 2730 2679 -1 2678 2722 2680 -1 2717 2730 2701 -1 2680 2704 2656 -1 2656 2704 2660 -1 2729 2700 2667 -1 2684 2706 2712 -1 2705 2665 2650 -1 2711 2686 2732 -1 2732 2686 2716 -1 2651 2707 2716 -1 2708 2733 2707 -1 2704 2680 2734 -1 2708 2694 2735 -1 2723 2735 2694 -1 2736 2735 2723 -1 2719 2720 2737 -1 2726 2737 2720 -1 2715 2738 2713 -1 2726 2714 2713 -1 2739 2713 2738 -1 2738 2715 2703 -1 2703 2740 2738 -1 2687 2709 2741 -1 2706 2665 2742 -1 2665 2705 2743 -1 2705 2688 2710 -1 2742 2665 2743 -1 2711 2744 2710 -1 2738 2740 2739 -1 2745 2739 2740 -1 2713 2746 2726 -1 2707 2733 2716 -1 2746 2747 2726 -1 2748 2749 2724 -1 2748 2724 2750 -1 2750 2724 2718 -1 2739 2746 2713 -1 2708 2735 2751 -1 2752 2747 2746 -1 2746 2753 2752 -1 2754 2740 2703 -1 2703 2734 2754 -1 2704 2734 2703 -1 2747 2737 2726 -1 2719 2737 2755 -1 2734 2680 2756 -1 2730 2757 2731 -1 2730 2717 2757 -1 2758 2757 2717 -1 2717 2749 2758 -1 2727 2759 2723 -1 2717 2721 2749 -1 2721 2724 2749 -1 2760 2722 2698 -1 2691 2761 2725 -1 2762 2680 2722 -1 2691 2763 2761 -1 2750 2718 2719 -1 2691 2700 2764 -1 2763 2691 2764 -1 2712 2706 2765 -1 2753 2746 2766 -1 2766 2739 2767 -1 2705 2710 2768 -1 2711 2732 2744 -1 2664 2687 2769 -1 2753 2766 2770 -1 2708 2751 2771 -1 2719 2772 2750 -1 2773 2772 2719 -1 2755 2773 2719 -1 2771 2733 2708 -1 2736 2751 2735 -1 2748 2758 2749 -1 2774 2758 2748 -1 2723 2759 2736 -1 2739 2766 2746 -1 2767 2739 2745 -1 2757 2758 2775 -1 2776 2777 2778 -1 2740 2779 2745 -1 2776 2780 2777 -1 2781 2709 2712 -1 2780 2782 2783 -1 2742 2765 2706 -1 2742 2743 2784 -1 2743 2705 2768 -1 2782 2785 2783 -1 2716 2786 2732 -1 2787 2766 2767 -1 2716 2733 2786 -1 2788 2786 2733 -1 2787 2770 2766 -1 2789 2790 2791 -1 2779 2740 2792 -1 2780 2776 2793 -1 2740 2754 2792 -1 2794 2789 2795 -1 2782 2780 2793 -1 2790 2778 2791 -1 2765 2781 2712 -1 2785 2782 2796 -1 2744 2768 2710 -1 2756 2797 2734 -1 2798 2751 2736 -1 2756 2680 2762 -1 2736 2759 2799 -1 2799 2798 2736 -1 2800 2801 2758 -1 2758 2774 2800 -1 2802 2754 2734 -1 2759 2727 2803 -1 2731 2803 2727 -1 2722 2760 2762 -1 2772 2748 2750 -1 2775 2758 2801 -1 2698 2804 2760 -1 2761 2763 2805 -1 2725 2804 2698 -1 2804 2725 2806 -1 2806 2725 2761 -1 2805 2763 2807 -1 2807 2763 2764 -1 2764 2700 2808 -1 2807 2764 2808 -1 2700 2729 2808 -1 2809 2731 2757 -1 2775 2809 2757 -1 2793 2796 2782 -1 2795 2810 2794 -1 2732 2786 2744 -1 2788 2733 2771 -1 2798 2771 2751 -1 2792 2754 2802 -1 2745 2811 2767 -1 2797 2802 2734 -1 2812 2767 2811 -1 2787 2767 2812 -1 2813 2774 2748 -1 2787 2812 2814 -1 2778 2815 2816 -1 2778 2816 2776 -1 2776 2816 2793 -1 2810 2817 2794 -1 2818 2797 2756 -1 2793 2819 2796 -1 2796 2819 2820 -1 2789 2794 2821 -1 2741 2769 2687 -1 2822 2789 2821 -1 2790 2789 2822 -1 2743 2768 2823 -1 2768 2744 2824 -1 2779 2825 2745 -1 2798 2826 2771 -1 2792 2802 2827 -1 2799 2828 2798 -1 2815 2778 2790 -1 2811 2745 2825 -1 2800 2774 2813 -1 2812 2810 2814 -1 2829 2803 2731 -1 2828 2799 2830 -1 2760 2831 2762 -1 2760 2804 2832 -1 2801 2800 2833 -1 2790 2822 2815 -1 2812 2834 2810 -1 2816 2815 2835 -1 2835 2836 2816 -1 2836 2793 2816 -1 2797 2818 2837 -1 2759 2803 2838 -1 2793 2836 2819 -1 2833 2800 2839 -1 2800 2813 2840 -1 2784 2765 2742 -1 2823 2784 2743 -1 2794 2817 2821 -1 2841 2823 2768 -1 2744 2786 2842 -1 2786 2788 2842 -1 2771 2826 2788 -1 2779 2792 2825 -1 2827 2802 2837 -1 2802 2797 2837 -1 2825 2843 2811 -1 2812 2811 2843 -1 2839 2800 2840 -1 2815 2822 2844 -1 2810 2834 2845 -1 2845 2837 2817 -1 2810 2845 2817 -1 2846 2833 2839 -1 2803 2847 2838 -1 2848 2829 2809 -1 2756 2762 2849 -1 2756 2849 2818 -1 2850 2842 2788 -1 2849 2762 2851 -1 2837 2845 2827 -1 2821 2817 2837 -1 2831 2851 2762 -1 2834 2843 2845 -1 2812 2843 2834 -1 2731 2809 2829 -1 2832 2804 2806 -1 2775 2852 2809 -1 2806 2853 2854 -1 2759 2838 2799 -1 2761 2853 2806 -1 2805 2853 2761 -1 2855 2853 2805 -1 2807 2855 2805 -1 2807 2808 2856 -1 2857 2798 2828 -1 2843 2825 2845 -1 2845 2825 2827 -1 2844 2835 2815 -1 2821 2837 2818 -1 2819 2836 2858 -1 2821 2818 2822 -1 2839 2840 2859 -1 2829 2847 2803 -1 2823 2860 2784 -1 2820 2819 2861 -1 2775 2862 2852 -1 2841 2768 2824 -1 2818 2849 2822 -1 2849 2851 2822 -1 2788 2826 2850 -1 2863 2851 2831 -1 2826 2798 2857 -1 2825 2792 2827 -1 2822 2851 2844 -1 2799 2864 2830 -1 2838 2864 2799 -1 2835 2858 2836 -1 2865 2741 2709 -1 2819 2858 2861 -1 2765 2784 2866 -1 2823 2841 2867 -1 2850 2826 2868 -1 2869 2831 2760 -1 2844 2851 2863 -1 2839 2859 2846 -1 2832 2806 2870 -1 2801 2833 2871 -1 2870 2806 2854 -1 2871 2833 2846 -1 2807 2856 2872 -1 2855 2807 2872 -1 2854 2853 2873 -1 2760 2832 2874 -1 2841 2824 2875 -1 2858 2835 2876 -1 2824 2744 2842 -1 2842 2850 2877 -1 2868 2826 2857 -1 2769 2741 2878 -1 2781 2765 2879 -1 2879 2765 2866 -1 2760 2874 2869 -1 2835 2844 2876 -1 2877 2824 2842 -1 2880 2881 2861 -1 2857 2828 2882 -1 2868 2857 2882 -1 2847 2864 2838 -1 2865 2878 2741 -1 2865 2709 2781 -1 2860 2866 2784 -1 2844 2863 2876 -1 2860 2823 2867 -1 2870 2883 2832 -1 2855 2873 2853 -1 2850 2868 2877 -1 2830 2882 2828 -1 2863 2831 2869 -1 2830 2864 2884 -1 2880 2861 2858 -1 2885 2881 2880 -1 2881 2885 2886 -1 2875 2867 2841 -1 2877 2875 2824 -1 2863 2869 2876 -1 2869 2858 2876 -1 2867 2887 2860 -1 2858 2869 2874 -1 2858 2874 2885 -1 2858 2885 2880 -1 2888 2881 2886 -1 2882 2830 2889 -1 2830 2884 2889 -1 2832 2890 2874 -1 2860 2887 2866 -1 2888 2891 2892 -1 2875 2893 2867 -1 2875 2877 2894 -1 2877 2868 2895 -1 2874 2890 2885 -1 2832 2883 2890 -1 2855 2872 2896 -1 2873 2897 2854 -1 2873 2855 2896 -1 2886 2891 2888 -1 2882 2895 2868 -1 2898 2873 2896 -1 2883 2870 2899 -1 2890 2886 2885 -1 2870 2854 2900 -1 2892 2891 2901 -1 2875 2894 2893 -1 2877 2895 2894 -1 2882 2889 2895 -1 2886 2890 2883 -1 2865 2781 2902 -1 2899 2870 2900 -1 2903 2883 2899 -1 2781 2879 2902 -1 2886 2883 2903 -1 2903 2904 2886 -1 2904 2891 2886 -1 2854 2897 2900 -1 2905 2901 2891 -1 2897 2873 2898 -1 2903 2899 2906 -1 2865 2902 2907 -1 2902 2879 2908 -1 2905 2904 2898 -1 2891 2904 2905 -1 2909 2893 2894 -1 2899 2900 2910 -1 2897 2910 2900 -1 2906 2899 2910 -1 2904 2903 2897 -1 2904 2897 2898 -1 2896 2911 2898 -1 2897 2903 2910 -1 2898 2911 2905 -1 2912 2887 2867 -1 2912 2867 2893 -1 2913 2879 2866 -1 2906 2910 2903 -1 2914 2912 2893 -1 2913 2908 2879 -1 2907 2902 2908 -1 2866 2887 2913 -1 2915 2916 2887 -1 2887 2912 2915 -1 2908 2913 2917 -1 2918 2916 2915 -1 2907 2908 2919 -1 2913 2887 2916 -1 2919 2908 2920 -1 2920 2908 2917 -1 2918 2921 2916 -1 2917 2913 2921 -1 2913 2916 2921 -1 2917 2922 2920 -1 2922 2917 2921 -1 2923 2924 2925 -1 2926 2927 2928 -1 2928 2924 2923 -1 2923 2929 2928 -1 2928 2929 2930 -1 2931 2928 2927 -1 2924 2928 2931 -1 2926 2928 2930 -1 2932 2926 2930 -1 2923 2925 2933 -1 2929 2923 2934 -1 2926 2935 2927 -1 2936 2932 2937 -1 2923 2933 2934 -1 2936 2935 2926 -1 2932 2936 2926 -1 2938 2929 2939 -1 2930 2929 2938 -1 2934 2939 2929 -1 2932 2938 2937 -1 2932 2930 2938 -1 2924 2940 2925 -1 2941 2933 2925 -1 2931 2927 2942 -1 2943 2944 2936 -1 2936 2944 2935 -1 2943 2936 2937 -1 2934 2945 2939 -1 2927 2935 2942 -1 2925 2940 2941 -1 2933 2941 2946 -1 2933 2946 2934 -1 2947 2935 2944 -1 2937 2938 2948 -1 2949 2938 2939 -1 2950 2924 2931 -1 2946 2941 2951 -1 2947 2944 2952 -1 2935 2953 2942 -1 2948 2949 2954 -1 2949 2948 2938 -1 2955 2949 2939 -1 2935 2947 2953 -1 2956 2941 2940 -1 2931 2942 2950 -1 2950 2940 2924 -1 2934 2946 2957 -1 2934 2957 2958 -1 2958 2945 2934 -1 2945 2955 2939 -1 2944 2959 2952 -1 2960 2959 2944 -1 2943 2960 2944 -1 2961 2943 2937 -1 2941 2962 2951 -1 2941 2956 2963 -1 2952 2964 2947 -1 2959 2960 2965 -1 2964 2953 2947 -1 2966 2943 2961 -1 2961 2937 2948 -1 2954 2967 2948 -1 2965 2960 2968 -1 2954 2949 2955 -1 2966 2968 2960 -1 2966 2960 2943 -1 2969 2942 2953 -1 2950 2970 2940 -1 2969 2953 2964 -1 2952 2959 2971 -1 2972 2948 2967 -1 2970 2942 2969 -1 2973 2974 2965 -1 2942 2970 2950 -1 2965 2968 2973 -1 2941 2963 2962 -1 2975 2973 2968 -1 2975 2968 2976 -1 2940 2970 2977 -1 2976 2968 2966 -1 2978 2957 2951 -1 2946 2951 2957 -1 2974 2979 2965 -1 2955 2945 2980 -1 2971 2959 2965 -1 2981 2964 2952 -1 2966 2961 2982 -1 2972 2982 2961 -1 2948 2972 2961 -1 2974 2973 2983 -1 2952 2971 2981 -1 2966 2982 2984 -1 2979 2971 2965 -1 2956 2940 2977 -1 2957 2985 2986 -1 2958 2957 2986 -1 2980 2945 2958 -1 2987 2988 2989 -1 2982 2972 2984 -1 2989 2983 2987 -1 2972 2967 2990 -1 2983 2989 2991 -1 2987 2983 2992 -1 2993 2994 2995 -1 2991 2974 2983 -1 2983 2996 2992 -1 2963 2997 2962 -1 2983 2973 2996 -1 2998 2970 2969 -1 2973 2975 2996 -1 2977 2970 2998 -1 2975 2976 2999 -1 2957 2978 2985 -1 3000 2979 2974 -1 2984 2976 2966 -1 2954 2955 3001 -1 3002 2987 3003 -1 3003 2987 2992 -1 2991 2989 3004 -1 2981 2971 3005 -1 2998 2969 3006 -1 2969 2964 3006 -1 2994 3007 2995 -1 3008 3000 2991 -1 2974 2991 3000 -1 2994 3009 3007 -1 2992 2996 3010 -1 2980 3001 2955 -1 2963 2956 3011 -1 2972 2990 3012 -1 3011 2956 2977 -1 2994 2993 3013 -1 2990 2967 2954 -1 3009 2994 3014 -1 2951 2962 3015 -1 2951 3015 2978 -1 3014 2994 3016 -1 3013 3016 2994 -1 3016 3013 3017 -1 2987 3017 2988 -1 2958 2986 2980 -1 3016 3017 2987 -1 3016 2987 3002 -1 2962 2997 3018 -1 3019 2979 3020 -1 2971 2979 3019 -1 3018 3015 2962 -1 3001 2980 3021 -1 2988 3004 2989 -1 2991 3004 3008 -1 2984 2972 3012 -1 2964 2981 3022 -1 2996 2975 3023 -1 2993 3024 3013 -1 3022 3006 2964 -1 2975 2999 3023 -1 3013 3025 3017 -1 3026 3014 3016 -1 3025 2988 3017 -1 2976 2984 2999 -1 3026 3016 3027 -1 3016 3002 3027 -1 3020 3028 3019 -1 3007 3009 3029 -1 3019 3005 2971 -1 3025 3013 3024 -1 2981 3005 3022 -1 3010 2996 3023 -1 3025 3030 2988 -1 3030 3004 2988 -1 3023 2999 3031 -1 2979 3000 3020 -1 3007 3029 3032 -1 3033 2986 2985 -1 2997 2963 3034 -1 3018 2997 3035 -1 3000 3036 3020 -1 3008 3036 3000 -1 3024 2993 3037 -1 3038 3037 2993 -1 3009 3014 3029 -1 3003 2992 3010 -1 2954 3001 2990 -1 3039 3014 3026 -1 3039 3026 3027 -1 3011 3034 2963 -1 3002 3003 3040 -1 2999 2984 3041 -1 3030 3042 3004 -1 2998 3043 2977 -1 3004 3044 3008 -1 3011 2977 3043 -1 3025 3024 3045 -1 3032 3029 3046 -1 3029 3014 3039 -1 3040 3003 3047 -1 3003 3010 3047 -1 3047 3010 3048 -1 3010 3023 3048 -1 3023 3031 3048 -1 3027 3002 3040 -1 3012 3041 2984 -1 3049 2986 3033 -1 3037 3038 3050 -1 3034 3011 3051 -1 3044 3036 3008 -1 2986 3049 2980 -1 3052 2978 3015 -1 3053 3019 3028 -1 3054 3030 3025 -1 3055 3001 3021 -1 3039 3027 3040 -1 2980 3049 3021 -1 3041 3031 2999 -1 3004 3042 3056 -1 3051 3011 3043 -1 2990 3001 3057 -1 3055 3057 3001 -1 3035 3058 3018 -1 3037 3059 3024 -1 3015 3018 3060 -1 2998 3006 3061 -1 3054 3042 3030 -1 3062 3046 3063 -1 3040 3047 3064 -1 3019 3053 3005 -1 3046 3029 3063 -1 3063 3029 3039 -1 3041 3048 3031 -1 3039 3040 3064 -1 3006 3022 3061 -1 3041 3012 3065 -1 3065 3012 2990 -1 3033 3066 3049 -1 3050 3059 3037 -1 3035 2997 3034 -1 3045 3024 3059 -1 3067 3068 3036 -1 3068 3020 3036 -1 3020 3068 3028 -1 3028 3068 3069 -1 3025 3045 3054 -1 3058 3060 3018 -1 2978 3052 3070 -1 3071 2985 3070 -1 2985 2978 3070 -1 3072 3064 3047 -1 3060 3052 3015 -1 3073 3047 3048 -1 3063 3039 3074 -1 3043 3061 3075 -1 3041 3073 3048 -1 2998 3061 3043 -1 3033 2985 3071 -1 3046 3062 3076 -1 3005 3077 3022 -1 3004 3056 3044 -1 3036 3044 3078 -1 3078 3067 3036 -1 3079 3043 3075 -1 3080 3056 3042 -1 3042 3054 3080 -1 3081 3062 3063 -1 3051 3043 3079 -1 3028 3069 3053 -1 3033 3071 3066 -1 3074 3039 3064 -1 3082 3052 3060 -1 3077 3061 3022 -1 3073 3072 3047 -1 3053 3077 3005 -1 3083 3078 3056 -1 3056 3078 3044 -1 3063 3074 3081 -1 3084 3085 3060 -1 3060 3058 3084 -1 3053 3069 3086 -1 3077 3053 3086 -1 3057 3065 2990 -1 3054 3045 3080 -1 3070 3052 3087 -1 3076 3062 3081 -1 3050 3088 3059 -1 3089 3090 3064 -1 3061 3091 3092 -1 3089 3064 3093 -1 3075 3061 3092 -1 3051 3094 3034 -1 3034 3095 3035 -1 3093 3064 3072 -1 3084 3096 3085 -1 3097 3096 3084 -1 3060 3085 3082 -1 3098 3058 3035 -1 3079 3094 3051 -1 3074 3064 3090 -1 3099 3055 3049 -1 3049 3055 3021 -1 3068 3067 3069 -1 3080 3083 3056 -1 3052 3082 3087 -1 3091 3061 3100 -1 3100 3061 3077 -1 3098 3035 3095 -1 3034 3094 3095 -1 3101 3045 3059 -1 3102 3058 3098 -1 3084 3058 3102 -1 3057 3103 3065 -1 3082 3085 3096 -1 3103 3057 3055 -1 3045 3101 3080 -1 3104 3105 3081 -1 3086 3100 3077 -1 3106 3099 3049 -1 3078 3083 3107 -1 3076 3081 3105 -1 3041 3065 3073 -1 3059 3088 3108 -1 3109 3065 3110 -1 3055 3099 3111 -1 3112 3074 3113 -1 3090 3113 3074 -1 3084 3102 3097 -1 3103 3055 3111 -1 3082 3096 3114 -1 3109 3093 3072 -1 3105 3115 3076 -1 3109 3072 3073 -1 3065 3109 3073 -1 3071 3070 3116 -1 3071 3116 3066 -1 3102 3098 3117 -1 3118 3089 3093 -1 3119 3080 3101 -1 3119 3083 3080 -1 3059 3120 3101 -1 3074 3104 3081 -1 3067 3078 3121 -1 3097 3102 3117 -1 3079 3122 3094 -1 3107 3083 3119 -1 3103 3110 3065 -1 3070 3087 3123 -1 3122 3095 3094 -1 3124 3119 3101 -1 3115 3125 3126 -1 3104 3074 3112 -1 3092 3079 3075 -1 3127 3079 3092 -1 3049 3066 3106 -1 3086 3069 3128 -1 3096 3097 3129 -1 3069 3067 3128 -1 3090 3089 3113 -1 3093 3109 3118 -1 3114 3096 3129 -1 3108 3120 3059 -1 3121 3078 3130 -1 3070 3123 3116 -1 3131 3113 3089 -1 3112 3132 3104 -1 3131 3089 3118 -1 3133 3066 3116 -1 3126 3125 3134 -1 3091 3127 3092 -1 3067 3135 3128 -1 3135 3067 3121 -1 3095 3136 3098 -1 3098 3136 3117 -1 3127 3122 3079 -1 3086 3128 3100 -1 3125 3115 3105 -1 3129 3097 3137 -1 3107 3119 3138 -1 3138 3139 3107 -1 3125 3105 3140 -1 3087 3114 3141 -1 3082 3114 3087 -1 3107 3130 3078 -1 3107 3139 3142 -1 3103 3143 3110 -1 3107 3142 3130 -1 3104 3140 3105 -1 3142 3121 3130 -1 3135 3121 3142 -1 3087 3141 3144 -1 3134 3145 3146 -1 3120 3124 3101 -1 3138 3119 3124 -1 3095 3147 3136 -1 3147 3095 3122 -1 3148 3143 3103 -1 3148 3103 3111 -1 3118 3109 3110 -1 3113 3149 3112 -1 3129 3137 3150 -1 3114 3129 3151 -1 3097 3117 3137 -1 3087 3144 3123 -1 3127 3152 3122 -1 3153 3113 3131 -1 3117 3136 3154 -1 3118 3155 3131 -1 3106 3066 3133 -1 3139 3138 3156 -1 3129 3150 3151 -1 3157 3118 3110 -1 3114 3151 3141 -1 3142 3139 3158 -1 3143 3157 3110 -1 3111 3099 3159 -1 3153 3131 3155 -1 3132 3140 3104 -1 3141 3151 3160 -1 3161 3117 3154 -1 3137 3117 3161 -1 3150 3137 3161 -1 3157 3162 3118 -1 3132 3112 3149 -1 3147 3163 3136 -1 3152 3147 3122 -1 3164 3165 3091 -1 3127 3091 3165 -1 3106 3133 3166 -1 3128 3164 3100 -1 3157 3143 3167 -1 3158 3139 3156 -1 3113 3153 3149 -1 3132 3168 3140 -1 3165 3152 3127 -1 3162 3155 3118 -1 3142 3158 3135 -1 3091 3100 3164 -1 3167 3162 3157 -1 3164 3128 3169 -1 3106 3159 3099 -1 3159 3106 3166 -1 3143 3148 3167 -1 3167 3148 3170 -1 3171 3150 3161 -1 3172 3150 3171 -1 3151 3150 3172 -1 3173 3151 3172 -1 3152 3174 3147 -1 3151 3173 3160 -1 3140 3175 3125 -1 3152 3165 3174 -1 3140 3168 3175 -1 3154 3136 3176 -1 3176 3136 3163 -1 3125 3145 3134 -1 3124 3177 3138 -1 3128 3135 3169 -1 3159 3148 3111 -1 3169 3178 3164 -1 3178 3179 3165 -1 3164 3178 3165 -1 3163 3147 3174 -1 3165 3179 3174 -1 3180 3141 3160 -1 3161 3154 3181 -1 3144 3141 3180 -1 3169 3135 3158 -1 3123 3133 3116 -1 3132 3182 3168 -1 3182 3132 3149 -1 3183 3167 3170 -1 3138 3177 3184 -1 3184 3156 3138 -1 3185 3182 3149 -1 3185 3149 3153 -1 3186 3146 3145 -1 3161 3181 3171 -1 3160 3173 3187 -1 3181 3154 3188 -1 3162 3167 3183 -1 3168 3189 3175 -1 3170 3148 3190 -1 3148 3159 3190 -1 3184 3177 3191 -1 3191 3192 3184 -1 3158 3156 3193 -1 3194 3186 3145 -1 3185 3153 3155 -1 3169 3158 3195 -1 3178 3169 3195 -1 3187 3180 3160 -1 3125 3194 3145 -1 3123 3144 3196 -1 3176 3188 3154 -1 3133 3123 3197 -1 3189 3168 3182 -1 3170 3190 3198 -1 3186 3199 3200 -1 3175 3194 3125 -1 3181 3188 3201 -1 3190 3159 3202 -1 3171 3181 3203 -1 3179 3204 3174 -1 3205 3182 3185 -1 3206 3199 3186 -1 3184 3207 3156 -1 3193 3156 3207 -1 3206 3186 3194 -1 3155 3208 3185 -1 3162 3208 3155 -1 3158 3193 3195 -1 3196 3180 3209 -1 3180 3196 3144 -1 3123 3196 3197 -1 3163 3210 3176 -1 3178 3195 3211 -1 3170 3198 3183 -1 3159 3166 3202 -1 3175 3189 3212 -1 3189 3182 3205 -1 3172 3213 3173 -1 3178 3211 3179 -1 3179 3211 3214 -1 3205 3185 3215 -1 3171 3216 3172 -1 3208 3215 3185 -1 3217 3208 3183 -1 3174 3204 3210 -1 3183 3208 3162 -1 3193 3207 3218 -1 3219 3183 3198 -1 3174 3210 3163 -1 3193 3218 3220 -1 3193 3220 3195 -1 3183 3219 3217 -1 3179 3214 3204 -1 3213 3172 3216 -1 3216 3171 3203 -1 3189 3205 3212 -1 3188 3176 3221 -1 3184 3192 3207 -1 3200 3199 3222 -1 3203 3181 3201 -1 3197 3223 3133 -1 3194 3175 3224 -1 3212 3224 3175 -1 3206 3225 3199 -1 3213 3216 3226 -1 3173 3213 3226 -1 3227 3208 3217 -1 3173 3228 3187 -1 3229 3211 3195 -1 3180 3187 3230 -1 3231 3176 3210 -1 3221 3176 3231 -1 3201 3188 3221 -1 3208 3227 3215 -1 3218 3207 3192 -1 3133 3223 3166 -1 3214 3232 3204 -1 3233 3223 3197 -1 3234 3204 3232 -1 3204 3234 3210 -1 3235 3226 3236 -1 3235 3173 3226 -1 3173 3235 3228 -1 3216 3203 3237 -1 3209 3180 3230 -1 3197 3196 3233 -1 3201 3221 3238 -1 3221 3231 3238 -1 3222 3199 3225 -1 3192 3239 3240 -1 3166 3241 3202 -1 3223 3241 3166 -1 3242 3216 3237 -1 3216 3242 3226 -1 3231 3210 3234 -1 3228 3235 3243 -1 3230 3187 3228 -1 3224 3212 3244 -1 3198 3190 3245 -1 3202 3245 3190 -1 3220 3229 3195 -1 3205 3244 3212 -1 3229 3214 3211 -1 3192 3191 3239 -1 3205 3215 3246 -1 3218 3192 3240 -1 3206 3194 3224 -1 3238 3247 3201 -1 3237 3203 3248 -1 3249 3225 3206 -1 3220 3218 3250 -1 3232 3214 3251 -1 3235 3236 3243 -1 3228 3243 3252 -1 3252 3253 3228 -1 3254 3222 3225 -1 3201 3247 3203 -1 3254 3225 3249 -1 3226 3255 3236 -1 3232 3256 3234 -1 3256 3231 3234 -1 3236 3255 3243 -1 3228 3253 3230 -1 3209 3230 3257 -1 3244 3205 3246 -1 3238 3231 3258 -1 3259 3217 3219 -1 3260 3219 3198 -1 3250 3218 3240 -1 3215 3227 3246 -1 3258 3247 3238 -1 3261 3226 3242 -1 3217 3259 3227 -1 3203 3247 3248 -1 3239 3262 3240 -1 3230 3263 3257 -1 3196 3209 3264 -1 3233 3196 3264 -1 3231 3256 3258 -1 3260 3259 3219 -1 3255 3226 3261 -1 3242 3237 3261 -1 3265 3243 3255 -1 3259 3266 3227 -1 3232 3267 3256 -1 3206 3224 3249 -1 3249 3224 3268 -1 3269 3229 3270 -1 3270 3229 3220 -1 3214 3229 3251 -1 3257 3264 3209 -1 3241 3245 3202 -1 3271 3198 3245 -1 3255 3272 3265 -1 3229 3269 3251 -1 3256 3267 3273 -1 3269 3274 3251 -1 3273 3258 3256 -1 3251 3274 3232 -1 3275 3245 3241 -1 3276 3223 3233 -1 3277 3220 3250 -1 3247 3258 3278 -1 3244 3268 3224 -1 3279 3246 3227 -1 3266 3279 3227 -1 3248 3247 3280 -1 3248 3281 3237 -1 3267 3232 3274 -1 3220 3277 3270 -1 3282 3272 3255 -1 3252 3243 3283 -1 3222 3254 3284 -1 3271 3260 3198 -1 3258 3273 3278 -1 3285 3240 3262 -1 3240 3285 3286 -1 3241 3223 3276 -1 3279 3266 3287 -1 3250 3240 3286 -1 3278 3280 3247 -1 3249 3288 3289 -1 3268 3288 3249 -1 3248 3280 3281 -1 3290 3261 3237 -1 3277 3286 3270 -1 3243 3265 3283 -1 3269 3291 3274 -1 3292 3267 3274 -1 3293 3246 3279 -1 3294 3222 3284 -1 3241 3295 3275 -1 3237 3281 3290 -1 3296 3245 3275 -1 3249 3289 3254 -1 3276 3295 3241 -1 3277 3250 3286 -1 3283 3297 3252 -1 3297 3253 3252 -1 3253 3263 3230 -1 3298 3263 3253 -1 3257 3263 3299 -1 3265 3272 3300 -1 3283 3265 3300 -1 3301 3259 3260 -1 3292 3274 3291 -1 3273 3267 3292 -1 3245 3296 3271 -1 3302 3286 3285 -1 3303 3273 3304 -1 3278 3273 3303 -1 3259 3301 3266 -1 3305 3280 3303 -1 3306 3268 3244 -1 3286 3269 3270 -1 3280 3305 3281 -1 3303 3280 3278 -1 3244 3246 3293 -1 3282 3255 3261 -1 3287 3266 3301 -1 3282 3307 3272 -1 3269 3286 3308 -1 3293 3306 3244 -1 3264 3276 3233 -1 3269 3308 3291 -1 3291 3308 3309 -1 3284 3254 3289 -1 3279 3310 3293 -1 3260 3271 3311 -1 3299 3263 3298 -1 3297 3298 3253 -1 3264 3257 3312 -1 3281 3305 3290 -1 3303 3313 3305 -1 3306 3293 3310 -1 3307 3300 3272 -1 3309 3308 3314 -1 3289 3315 3284 -1 3264 3312 3276 -1 3296 3311 3271 -1 3316 3289 3288 -1 3302 3308 3286 -1 3304 3273 3292 -1 3312 3257 3299 -1 3305 3317 3290 -1 3318 3316 3288 -1 3307 3282 3319 -1 3320 3321 3294 -1 3261 3322 3323 -1 3288 3324 3318 -1 3324 3288 3268 -1 3322 3290 3325 -1 3317 3325 3290 -1 3283 3300 3326 -1 3326 3297 3283 -1 3268 3306 3324 -1 3295 3276 3327 -1 3311 3301 3260 -1 3316 3315 3289 -1 3328 3304 3292 -1 3322 3261 3290 -1 3299 3298 3329 -1 3302 3314 3308 -1 3319 3282 3330 -1 3331 3317 3305 -1 3261 3323 3330 -1 3261 3330 3282 -1 3322 3325 3323 -1 3332 3333 3334 -1 3287 3310 3279 -1 3333 3302 3334 -1 3326 3335 3297 -1 3297 3335 3336 -1 3298 3297 3336 -1 3337 3295 3327 -1 3306 3338 3324 -1 3339 3287 3301 -1 3284 3340 3294 -1 3306 3310 3338 -1 3340 3284 3315 -1 3316 3341 3315 -1 3324 3342 3318 -1 3324 3338 3342 -1 3328 3292 3343 -1 3344 3304 3328 -1 3303 3304 3344 -1 3296 3275 3295 -1 3344 3313 3303 -1 3314 3345 3309 -1 3309 3346 3291 -1 3291 3346 3292 -1 3292 3346 3343 -1 3305 3313 3347 -1 3348 3310 3339 -1 3339 3310 3287 -1 3310 3349 3338 -1 3327 3276 3312 -1 3340 3315 3341 -1 3338 3349 3342 -1 3350 3314 3302 -1 3347 3313 3344 -1 3314 3350 3345 -1 3294 3340 3351 -1 3295 3337 3296 -1 3345 3346 3309 -1 3352 3325 3331 -1 3331 3305 3347 -1 3317 3331 3325 -1 3352 3353 3325 -1 3323 3325 3353 -1 3354 3332 3355 -1 3356 3349 3310 -1 3341 3316 3357 -1 3358 3318 3342 -1 3307 3359 3300 -1 3299 3329 3360 -1 3302 3333 3350 -1 3310 3348 3356 -1 3299 3360 3312 -1 3326 3300 3361 -1 3358 3342 3362 -1 3362 3342 3349 -1 3296 3363 3311 -1 3298 3336 3329 -1 3350 3333 3364 -1 3350 3364 3365 -1 3318 3357 3316 -1 3366 3340 3341 -1 3311 3367 3339 -1 3320 3294 3351 -1 3365 3345 3350 -1 3323 3353 3330 -1 3311 3339 3301 -1 3300 3359 3361 -1 3343 3346 3368 -1 3330 3369 3319 -1 3355 3370 3354 -1 3329 3336 3371 -1 3332 3354 3372 -1 3337 3363 3296 -1 3362 3356 3373 -1 3352 3331 3374 -1 3375 3353 3352 -1 3368 3346 3365 -1 3365 3346 3345 -1 3362 3349 3356 -1 3376 3311 3363 -1 3353 3375 3330 -1 3332 3372 3377 -1 3364 3332 3377 -1 3341 3357 3366 -1 3332 3364 3333 -1 3318 3358 3357 -1 3357 3358 3378 -1 3375 3379 3330 -1 3380 3328 3343 -1 3380 3344 3328 -1 3381 3307 3319 -1 3381 3359 3307 -1 3351 3382 3320 -1 3374 3344 3383 -1 3344 3374 3347 -1 3347 3374 3331 -1 3384 3359 3385 -1 3359 3384 3361 -1 3382 3351 3386 -1 3326 3361 3387 -1 3367 3348 3339 -1 3335 3326 3387 -1 3351 3340 3366 -1 3368 3365 3388 -1 3373 3358 3362 -1 3376 3367 3311 -1 3374 3375 3352 -1 3337 3327 3389 -1 3360 3329 3390 -1 3391 3321 3320 -1 3343 3392 3380 -1 3320 3382 3391 -1 3393 3364 3377 -1 3369 3330 3379 -1 3383 3344 3380 -1 3381 3385 3359 -1 3378 3358 3373 -1 3365 3364 3388 -1 3336 3335 3394 -1 3366 3395 3386 -1 3386 3351 3366 -1 3366 3357 3395 -1 3357 3378 3395 -1 3389 3327 3312 -1 3396 3372 3354 -1 3379 3397 3369 -1 3391 3398 3321 -1 3356 3399 3373 -1 3392 3343 3368 -1 3356 3348 3399 -1 3372 3396 3393 -1 3372 3393 3377 -1 3374 3400 3375 -1 3393 3396 3401 -1 3402 3380 3392 -1 3375 3400 3379 -1 3383 3380 3403 -1 3384 3385 3404 -1 3364 3393 3405 -1 3406 3363 3337 -1 3364 3405 3388 -1 3384 3387 3361 -1 3335 3387 3394 -1 3337 3389 3407 -1 3395 3378 3408 -1 3386 3395 3409 -1 3408 3378 3373 -1 3360 3410 3312 -1 3388 3411 3368 -1 3368 3412 3392 -1 3370 3413 3354 -1 3401 3396 3413 -1 3413 3396 3354 -1 3414 3376 3363 -1 3329 3371 3390 -1 3402 3403 3380 -1 3415 3399 3348 -1 3416 3379 3400 -1 3374 3383 3417 -1 3407 3406 3337 -1 3411 3388 3405 -1 3363 3406 3414 -1 3367 3415 3348 -1 3367 3376 3418 -1 3381 3319 3419 -1 3369 3419 3319 -1 3404 3420 3384 -1 3368 3411 3412 -1 3421 3412 3411 -1 3336 3394 3371 -1 3392 3412 3402 -1 3408 3422 3395 -1 3373 3423 3408 -1 3424 3401 3413 -1 3423 3373 3399 -1 3360 3390 3410 -1 3408 3423 3425 -1 3404 3385 3426 -1 3385 3381 3426 -1 3381 3419 3426 -1 3387 3384 3420 -1 3412 3427 3402 -1 3413 3428 3424 -1 3399 3415 3423 -1 3429 3401 3424 -1 3401 3429 3430 -1 3393 3401 3430 -1 3431 3398 3391 -1 3409 3395 3432 -1 3419 3369 3397 -1 3433 3402 3427 -1 3400 3374 3417 -1 3403 3402 3433 -1 3379 3416 3434 -1 3397 3379 3434 -1 3418 3415 3367 -1 3435 3383 3403 -1 3435 3417 3383 -1 3432 3422 3425 -1 3422 3408 3425 -1 3410 3389 3312 -1 3436 3420 3437 -1 3427 3412 3421 -1 3420 3404 3437 -1 3438 3387 3420 -1 3425 3423 3439 -1 3437 3404 3426 -1 3428 3440 3441 -1 3424 3441 3442 -1 3428 3441 3424 -1 3415 3443 3423 -1 3430 3444 3393 -1 3445 3390 3371 -1 3405 3393 3446 -1 3414 3406 3447 -1 3447 3406 3407 -1 3429 3448 3430 -1 3446 3411 3405 -1 3422 3432 3395 -1 3417 3449 3400 -1 3449 3416 3400 -1 3432 3425 3450 -1 3421 3411 3451 -1 3438 3394 3387 -1 3430 3448 3444 -1 3432 3452 3409 -1 3443 3415 3418 -1 3443 3418 3453 -1 3435 3449 3417 -1 3451 3446 3454 -1 3411 3446 3451 -1 3455 3371 3394 -1 3418 3376 3456 -1 3452 3432 3450 -1 3456 3376 3414 -1 3421 3451 3427 -1 3457 3458 3434 -1 3416 3457 3434 -1 3416 3449 3457 -1 3434 3458 3459 -1 3434 3459 3397 -1 3433 3460 3403 -1 3439 3423 3443 -1 3436 3461 3420 -1 3446 3393 3444 -1 3389 3462 3407 -1 3394 3438 3463 -1 3444 3448 3464 -1 3465 3454 3446 -1 3437 3426 3466 -1 3453 3418 3456 -1 3451 3467 3427 -1 3467 3468 3427 -1 3433 3427 3468 -1 3441 3469 3470 -1 3468 3460 3433 -1 3439 3450 3425 -1 3441 3470 3442 -1 3435 3403 3460 -1 3436 3437 3471 -1 3446 3444 3465 -1 3442 3472 3429 -1 3424 3442 3429 -1 3389 3473 3462 -1 3474 3448 3429 -1 3420 3461 3438 -1 3419 3475 3426 -1 3476 3443 3453 -1 3459 3419 3397 -1 3429 3472 3474 -1 3410 3473 3389 -1 3477 3452 3450 -1 3478 3439 3443 -1 3443 3476 3478 -1 3448 3474 3464 -1 3451 3479 3467 -1 3444 3464 3465 -1 3461 3480 3438 -1 3469 3481 3482 -1 3482 3470 3469 -1 3466 3426 3475 -1 3451 3454 3479 -1 3445 3371 3455 -1 3442 3470 3472 -1 3483 3472 3484 -1 3459 3458 3485 -1 3472 3483 3474 -1 3474 3483 3486 -1 3487 3410 3390 -1 3480 3461 3436 -1 3465 3464 3488 -1 3438 3480 3489 -1 3489 3463 3438 -1 3465 3490 3454 -1 3454 3490 3479 -1 3491 3468 3479 -1 3468 3467 3479 -1 3394 3463 3455 -1 3468 3491 3460 -1 3492 3457 3449 -1 3493 3435 3460 -1 3449 3435 3493 -1 3470 3482 3484 -1 3484 3482 3494 -1 3470 3484 3472 -1 3471 3495 3436 -1 3471 3437 3496 -1 3480 3436 3497 -1 3450 3478 3498 -1 3478 3450 3439 -1 3449 3493 3492 -1 3499 3486 3483 -1 3390 3445 3487 -1 3474 3486 3464 -1 3500 3501 3502 -1 3481 3501 3500 -1 3453 3503 3476 -1 3500 3482 3481 -1 3459 3475 3419 -1 3504 3475 3459 -1 3482 3500 3494 -1 3450 3498 3477 -1 3476 3505 3478 -1 3506 3485 3458 -1 3507 3447 3407 -1 3410 3487 3473 -1 3465 3488 3508 -1 3465 3508 3490 -1 3480 3509 3489 -1 3479 3490 3491 -1 3490 3510 3491 -1 3497 3436 3495 -1 3491 3511 3512 -1 3466 3496 3437 -1 3491 3512 3460 -1 3460 3512 3513 -1 3460 3513 3493 -1 3499 3484 3514 -1 3484 3499 3483 -1 3462 3507 3407 -1 3504 3459 3485 -1 3464 3486 3488 -1 3515 3453 3456 -1 3466 3475 3496 -1 3496 3475 3516 -1 3515 3456 3414 -1 3458 3492 3506 -1 3457 3492 3458 -1 3517 3478 3505 -1 3515 3414 3447 -1 3502 3518 3519 -1 3519 3500 3502 -1 3494 3500 3519 -1 3505 3476 3520 -1 3520 3476 3503 -1 3521 3480 3497 -1 3521 3509 3480 -1 3510 3490 3508 -1 3517 3498 3478 -1 3491 3510 3511 -1 3494 3514 3484 -1 3519 3518 3522 -1 3513 3512 3511 -1 3513 3523 3493 -1 3495 3471 3524 -1 3524 3471 3496 -1 3493 3523 3492 -1 3525 3486 3499 -1 3526 3455 3463 -1 3485 3506 3527 -1 3515 3503 3453 -1 3528 3517 3520 -1 3517 3505 3520 -1 3504 3516 3475 -1 3529 3498 3517 -1 3497 3495 3530 -1 3531 3499 3514 -1 3519 3522 3532 -1 3496 3516 3533 -1 3532 3494 3519 -1 3494 3532 3514 -1 3534 3463 3489 -1 3526 3463 3534 -1 3528 3529 3517 -1 3535 3536 3492 -1 3492 3523 3535 -1 3525 3499 3531 -1 3492 3536 3506 -1 3504 3527 3516 -1 3488 3486 3537 -1 3504 3485 3527 -1 3533 3516 3538 -1 3539 3508 3488 -1 3503 3540 3520 -1 3462 3473 3541 -1 3510 3508 3539 -1 3539 3511 3510 -1 3514 3542 3543 -1 3515 3544 3503 -1 3531 3514 3543 -1 3532 3522 3542 -1 3496 3533 3524 -1 3532 3542 3514 -1 3529 3528 3545 -1 3445 3455 3546 -1 3455 3547 3546 -1 3536 3535 3548 -1 3506 3536 3548 -1 3445 3546 3487 -1 3549 3447 3507 -1 3516 3527 3550 -1 3537 3551 3488 -1 3488 3551 3539 -1 3507 3462 3541 -1 3511 3552 3513 -1 3544 3515 3553 -1 3543 3554 3531 -1 3555 3525 3531 -1 3535 3556 3557 -1 3509 3558 3489 -1 3548 3527 3506 -1 3495 3524 3559 -1 3530 3495 3559 -1 3513 3556 3523 -1 3556 3535 3523 -1 3455 3526 3547 -1 3553 3515 3549 -1 3549 3515 3447 -1 3516 3550 3538 -1 3527 3560 3550 -1 3528 3520 3561 -1 3540 3561 3520 -1 3562 3487 3546 -1 3531 3554 3555 -1 3563 3507 3541 -1 3559 3524 3564 -1 3524 3533 3564 -1 3552 3565 3556 -1 3548 3535 3557 -1 3566 3542 3522 -1 3552 3556 3513 -1 3537 3525 3555 -1 3525 3537 3486 -1 3561 3545 3528 -1 3546 3547 3567 -1 3542 3568 3543 -1 3563 3549 3507 -1 3569 3538 3550 -1 3548 3560 3527 -1 3570 3551 3537 -1 3539 3552 3511 -1 3568 3554 3543 -1 3571 3556 3565 -1 3571 3557 3556 -1 3560 3548 3572 -1 3551 3570 3573 -1 3566 3568 3542 -1 3539 3551 3573 -1 3530 3574 3497 -1 3539 3573 3552 -1 3489 3558 3534 -1 3550 3560 3569 -1 3540 3503 3544 -1 3567 3562 3546 -1 3541 3473 3575 -1 3530 3559 3576 -1 3575 3473 3487 -1 3571 3577 3557 -1 3577 3572 3557 -1 3573 3570 3578 -1 3565 3552 3573 -1 3557 3572 3548 -1 3579 3540 3544 -1 3553 3549 3580 -1 3544 3553 3579 -1 3580 3549 3563 -1 3554 3581 3555 -1 3582 3583 3555 -1 3561 3584 3545 -1 3487 3562 3575 -1 3555 3583 3537 -1 3583 3570 3537 -1 3564 3533 3538 -1 3585 3530 3576 -1 3530 3585 3574 -1 3566 3586 3568 -1 3587 3526 3534 -1 3588 3560 3572 -1 3565 3573 3589 -1 3588 3569 3560 -1 3568 3590 3554 -1 3554 3590 3591 -1 3589 3571 3565 -1 3579 3553 3580 -1 3592 3564 3538 -1 3570 3583 3578 -1 3568 3586 3590 -1 3573 3578 3589 -1 3577 3589 3593 -1 3589 3577 3571 -1 3589 3578 3593 -1 3554 3591 3581 -1 3594 3580 3563 -1 3575 3563 3541 -1 3540 3595 3561 -1 3583 3582 3596 -1 3596 3578 3583 -1 3593 3578 3596 -1 3538 3569 3597 -1 3592 3538 3597 -1 3564 3592 3598 -1 3599 3590 3586 -1 3540 3579 3595 -1 3564 3598 3559 -1 3559 3598 3576 -1 3562 3567 3600 -1 3601 3572 3577 -1 3572 3601 3588 -1 3588 3602 3597 -1 3569 3588 3597 -1 3581 3582 3555 -1 3602 3588 3601 -1 3599 3603 3590 -1 3595 3604 3561 -1 3593 3596 3605 -1 3606 3591 3590 -1 3563 3607 3594 -1 3575 3607 3563 -1 3608 3575 3562 -1 3581 3591 3609 -1 3581 3610 3582 -1 3610 3581 3611 -1 3582 3610 3596 -1 3612 3598 3592 -1 3596 3610 3613 -1 3597 3612 3592 -1 3562 3600 3608 -1 3596 3614 3605 -1 3590 3603 3606 -1 3615 3577 3593 -1 3615 3593 3605 -1 3577 3615 3601 -1 3606 3609 3591 -1 3616 3584 3604 -1 3584 3561 3604 -1 3617 3602 3601 -1 3602 3617 3612 -1 3602 3612 3597 -1 3611 3609 3618 -1 3581 3609 3611 -1 3576 3598 3619 -1 3613 3610 3611 -1 3620 3613 3611 -1 3596 3613 3614 -1 3605 3614 3615 -1 3601 3615 3617 -1 3595 3616 3604 -1 3603 3621 3606 -1 3594 3622 3579 -1 3579 3580 3594 -1 3623 3612 3617 -1 3608 3607 3575 -1 3618 3609 3624 -1 3547 3526 3567 -1 3567 3526 3587 -1 3611 3618 3625 -1 3625 3620 3611 -1 3620 3614 3613 -1 3614 3626 3615 -1 3595 3579 3622 -1 3627 3623 3617 -1 3624 3609 3606 -1 3612 3628 3598 -1 3623 3628 3612 -1 3619 3598 3628 -1 3629 3626 3625 -1 3620 3625 3626 -1 3626 3614 3620 -1 3622 3616 3595 -1 3621 3630 3606 -1 3606 3630 3624 -1 3607 3608 3631 -1 3632 3618 3624 -1 3633 3622 3594 -1 3633 3594 3607 -1 3600 3567 3634 -1 3600 3631 3608 -1 3635 3632 3624 -1 3626 3629 3636 -1 3615 3626 3637 -1 3629 3625 3632 -1 3618 3632 3625 -1 3634 3567 3587 -1 3638 3636 3629 -1 3636 3639 3637 -1 3626 3636 3637 -1 3617 3615 3637 -1 3617 3637 3627 -1 3640 3622 3633 -1 3623 3627 3641 -1 3628 3623 3641 -1 3633 3607 3642 -1 3641 3627 3643 -1 3644 3631 3600 -1 3600 3634 3644 -1 3637 3643 3627 -1 3631 3642 3607 -1 3639 3643 3637 -1 3645 3646 3647 -1 3648 3649 3650 -1 3651 3652 3645 -1 3651 3653 3652 -1 3646 3650 3647 -1 3654 3649 3648 -1 3655 3656 3657 -1 3646 3645 3652 -1 3650 3646 3658 -1 3658 3646 3652 -1 3659 3660 3661 -1 3662 3663 3664 -1 3665 3666 3667 -1 3668 3655 3657 -1 3669 3653 3668 -1 3652 3653 3669 -1 3660 3667 3666 -1 3655 3668 3653 -1 3665 3654 3648 -1 3663 3670 3671 -1 3665 3667 3654 -1 3662 3664 3656 -1 3658 3652 3669 -1 3665 3648 3672 -1 3650 3672 3648 -1 3659 3673 3674 -1 3671 3670 3675 -1 3676 3677 3673 -1 3672 3678 3665 -1 3673 3659 3679 -1 3658 3669 3680 -1 3677 3676 3681 -1 3661 3660 3666 -1 3661 3679 3659 -1 3677 3674 3673 -1 3658 3682 3650 -1 3676 3683 3681 -1 3684 3664 3663 -1 3682 3672 3650 -1 3685 3656 3664 -1 3657 3656 3685 -1 3686 3683 3687 -1 3688 3669 3668 -1 3665 3678 3666 -1 3671 3675 3689 -1 3684 3663 3671 -1 3682 3678 3672 -1 3668 3657 3690 -1 3689 3675 3691 -1 3664 3684 3692 -1 3680 3669 3688 -1 3693 3676 3673 -1 3683 3676 3693 -1 3685 3690 3657 -1 3685 3664 3694 -1 3687 3683 3693 -1 3687 3695 3686 -1 3682 3658 3696 -1 3697 3678 3682 -1 3693 3673 3698 -1 3680 3696 3658 -1 3684 3671 3692 -1 3678 3697 3666 -1 3688 3696 3680 -1 3679 3661 3699 -1 3692 3694 3664 -1 3700 3697 3682 -1 3699 3701 3679 -1 3668 3690 3702 -1 3702 3688 3668 -1 3701 3673 3679 -1 3673 3701 3698 -1 3682 3703 3700 -1 3689 3691 3704 -1 3688 3705 3696 -1 3682 3696 3705 -1 3706 3699 3661 -1 3693 3707 3687 -1 3697 3700 3708 -1 3709 3692 3671 -1 3707 3693 3698 -1 3694 3710 3685 -1 3689 3704 3711 -1 3712 3702 3690 -1 3671 3689 3709 -1 3705 3703 3682 -1 3713 3705 3688 -1 3714 3666 3697 -1 3666 3706 3661 -1 3690 3685 3710 -1 3688 3702 3713 -1 3687 3715 3695 -1 3716 3717 3718 -1 3703 3708 3700 -1 3695 3715 3719 -1 3714 3706 3666 -1 3710 3712 3690 -1 3709 3689 3711 -1 3720 3716 3718 -1 3692 3709 3721 -1 3722 3697 3708 -1 3694 3692 3723 -1 3699 3706 3724 -1 3697 3722 3714 -1 3721 3709 3725 -1 3726 3708 3703 -1 3715 3727 3719 -1 3728 3715 3687 -1 3687 3707 3728 -1 3701 3699 3724 -1 3729 3730 3731 -1 3711 3704 3732 -1 3698 3701 3733 -1 3711 3732 3709 -1 3724 3706 3734 -1 3706 3714 3734 -1 3732 3725 3709 -1 3722 3708 3726 -1 3702 3712 3713 -1 3729 3719 3727 -1 3723 3735 3694 -1 3732 3704 3736 -1 3737 3738 3710 -1 3712 3710 3738 -1 3739 3714 3722 -1 3713 3712 3738 -1 3724 3740 3701 -1 3713 3703 3705 -1 3721 3723 3692 -1 3707 3741 3728 -1 3722 3726 3739 -1 3740 3733 3701 -1 3735 3710 3694 -1 3707 3698 3733 -1 3741 3707 3733 -1 3730 3729 3727 -1 3731 3730 3717 -1 3742 3724 3734 -1 3718 3717 3743 -1 3727 3715 3744 -1 3703 3713 3745 -1 3725 3732 3746 -1 3735 3737 3710 -1 3747 3721 3725 -1 3739 3726 3748 -1 3749 3727 3744 -1 3746 3732 3736 -1 3738 3745 3713 -1 3720 3718 3750 -1 3714 3751 3734 -1 3742 3734 3751 -1 3730 3743 3717 -1 3750 3718 3743 -1 3747 3723 3721 -1 3742 3751 3752 -1 3753 3735 3723 -1 3715 3728 3744 -1 3742 3740 3724 -1 3703 3748 3726 -1 3725 3746 3754 -1 3727 3749 3730 -1 3755 3733 3740 -1 3739 3751 3714 -1 3748 3703 3745 -1 3741 3733 3755 -1 3739 3748 3756 -1 3730 3757 3743 -1 3745 3738 3758 -1 3759 3735 3753 -1 3737 3735 3759 -1 3728 3741 3744 -1 3760 3761 3744 -1 3725 3754 3747 -1 3723 3747 3762 -1 3762 3753 3723 -1 3757 3730 3749 -1 3763 3754 3746 -1 3745 3764 3748 -1 3744 3741 3760 -1 3736 3765 3746 -1 3749 3744 3761 -1 3747 3754 3766 -1 3759 3753 3762 -1 3764 3745 3758 -1 3755 3767 3741 -1 3758 3738 3737 -1 3768 3750 3743 -1 3742 3769 3740 -1 3765 3763 3746 -1 3770 3771 3755 -1 3767 3755 3771 -1 3760 3741 3767 -1 3752 3751 3772 -1 3762 3766 3773 -1 3747 3766 3762 -1 3759 3762 3774 -1 3755 3740 3770 -1 3743 3757 3775 -1 3768 3743 3775 -1 3762 3773 3774 -1 3767 3761 3760 -1 3720 3776 3777 -1 3778 3777 3779 -1 3756 3748 3780 -1 3749 3761 3781 -1 3756 3751 3739 -1 3748 3764 3780 -1 3782 3749 3781 -1 3757 3749 3782 -1 3754 3763 3766 -1 3783 3778 3779 -1 3758 3737 3784 -1 3774 3785 3759 -1 3776 3720 3786 -1 3770 3740 3769 -1 3751 3756 3787 -1 3767 3771 3788 -1 3761 3767 3788 -1 3773 3789 3774 -1 3769 3742 3752 -1 3764 3758 3784 -1 3785 3774 3790 -1 3750 3786 3720 -1 3737 3759 3785 -1 3757 3782 3775 -1 3791 3777 3776 -1 3768 3792 3750 -1 3772 3751 3787 -1 3788 3781 3761 -1 3770 3769 3793 -1 3771 3770 3794 -1 3780 3787 3756 -1 3795 3784 3737 -1 3794 3770 3793 -1 3782 3781 3796 -1 3775 3782 3797 -1 3752 3772 3798 -1 3775 3799 3768 -1 3779 3777 3791 -1 3799 3775 3797 -1 3771 3794 3788 -1 3786 3750 3792 -1 3800 3774 3789 -1 3792 3768 3799 -1 3798 3769 3752 -1 3797 3782 3796 -1 3764 3801 3780 -1 3790 3774 3800 -1 3802 3764 3784 -1 3785 3790 3803 -1 3799 3804 3792 -1 3785 3795 3737 -1 3786 3792 3804 -1 3789 3773 3805 -1 3781 3788 3796 -1 3784 3795 3802 -1 3776 3786 3806 -1 3803 3790 3800 -1 3802 3795 3807 -1 3764 3802 3801 -1 3787 3780 3808 -1 3772 3787 3808 -1 3793 3769 3809 -1 3779 3810 3783 -1 3797 3811 3799 -1 3799 3812 3804 -1 3806 3786 3804 -1 3791 3776 3806 -1 3813 3797 3796 -1 3801 3808 3780 -1 3813 3796 3814 -1 3801 3802 3807 -1 3798 3772 3815 -1 3800 3816 3803 -1 3791 3806 3817 -1 3779 3791 3818 -1 3805 3800 3789 -1 3797 3813 3811 -1 3817 3806 3819 -1 3772 3808 3815 -1 3820 3808 3821 -1 3796 3788 3822 -1 3823 3785 3803 -1 3795 3785 3823 -1 3823 3807 3795 -1 3806 3804 3819 -1 3815 3808 3820 -1 3812 3799 3811 -1 3798 3809 3769 -1 3824 3800 3805 -1 3816 3823 3803 -1 3779 3818 3825 -1 3801 3821 3808 -1 3791 3817 3826 -1 3810 3779 3825 -1 3796 3822 3814 -1 3821 3827 3820 -1 3827 3815 3820 -1 3818 3791 3826 -1 3815 3828 3798 -1 3829 3821 3801 -1 3804 3812 3819 -1 3830 3809 3831 -1 3809 3830 3793 -1 3794 3793 3830 -1 3794 3832 3788 -1 3816 3833 3823 -1 3832 3794 3830 -1 3828 3815 3827 -1 3798 3828 3834 -1 3801 3807 3835 -1 3809 3798 3834 -1 3816 3800 3824 -1 3823 3833 3807 -1 3819 3812 3836 -1 3809 3834 3831 -1 3819 3837 3817 -1 3829 3838 3821 -1 3811 3813 3839 -1 3837 3819 3836 -1 3801 3835 3840 -1 3817 3837 3826 -1 3822 3788 3832 -1 3841 3807 3833 -1 3801 3840 3829 -1 3822 3842 3814 -1 3821 3838 3827 -1 3843 3818 3826 -1 3816 3824 3844 -1 3845 3811 3839 -1 3812 3811 3845 -1 3828 3827 3846 -1 3824 3805 3847 -1 3822 3832 3842 -1 3812 3848 3836 -1 3837 3836 3849 -1 3850 3843 3826 -1 3830 3831 3851 -1 3832 3830 3852 -1 3812 3845 3848 -1 3833 3816 3853 -1 3828 3854 3834 -1 3853 3841 3833 -1 3825 3818 3843 -1 3835 3807 3841 -1 3855 3837 3849 -1 3826 3837 3855 -1 3814 3856 3813 -1 3827 3838 3846 -1 3851 3831 3857 -1 3852 3830 3851 -1 3849 3836 3858 -1 3834 3859 3831 -1 3855 3850 3826 -1 3860 3814 3842 -1 3836 3848 3858 -1 3835 3841 3861 -1 3861 3840 3835 -1 3852 3842 3832 -1 3813 3862 3839 -1 3848 3845 3863 -1 3841 3853 3864 -1 3854 3859 3834 -1 3857 3831 3859 -1 3846 3838 3865 -1 3866 3848 3863 -1 3858 3848 3866 -1 3838 3829 3867 -1 3867 3865 3838 -1 3849 3868 3855 -1 3850 3855 3868 -1 3852 3851 3869 -1 3814 3860 3856 -1 3854 3828 3846 -1 3864 3853 3870 -1 3861 3841 3871 -1 3869 3851 3857 -1 3872 3856 3860 -1 3854 3846 3865 -1 3829 3840 3867 -1 3871 3841 3864 -1 3873 3843 3850 -1 3852 3874 3842 -1 3845 3839 3875 -1 3863 3845 3875 -1 3859 3854 3876 -1 3849 3858 3877 -1 3860 3842 3874 -1 3813 3856 3862 -1 3861 3878 3840 -1 3840 3878 3867 -1 3871 3879 3861 -1 3878 3861 3879 -1 3880 3873 3850 -1 3872 3862 3856 -1 3850 3868 3880 -1 3881 3852 3869 -1 3874 3852 3881 -1 3882 3862 3872 -1 3876 3854 3865 -1 3867 3883 3865 -1 3877 3858 3866 -1 3868 3849 3877 -1 3869 3857 3884 -1 3867 3878 3885 -1 3886 3860 3874 -1 3876 3865 3883 -1 3877 3866 3887 -1 3857 3859 3884 -1 3862 3875 3839 -1 3885 3883 3867 -1 3874 3881 3886 -1 3868 3877 3888 -1 3880 3868 3889 -1 3859 3876 3884 -1 3881 3869 3890 -1 3887 3888 3877 -1 3889 3868 3888 -1 3860 3886 3891 -1 3873 3880 3892 -1 3872 3860 3893 -1 3866 3863 3894 -1 3879 3871 3895 -1 3893 3860 3891 -1 3880 3889 3892 -1 3875 3862 3882 -1 3896 3872 3893 -1 3884 3876 3897 -1 3885 3878 3898 -1 3890 3869 3884 -1 3899 3883 3885 -1 3876 3883 3899 -1 3878 3879 3898 -1 3882 3872 3896 -1 3895 3900 3879 -1 3901 3881 3890 -1 3885 3902 3899 -1 3875 3882 3903 -1 3887 3904 3888 -1 3900 3898 3879 -1 3890 3884 3901 -1 3903 3863 3875 -1 3897 3876 3899 -1 3897 3905 3884 -1 3881 3901 3886 -1 3888 3904 3889 -1 3892 3889 3906 -1 3907 3884 3905 -1 3901 3884 3907 -1 3891 3886 3908 -1 3887 3866 3909 -1 3910 3896 3893 -1 3893 3891 3908 -1 3894 3863 3903 -1 3911 3895 3912 -1 3911 3900 3895 -1 3898 3913 3885 -1 3885 3913 3902 -1 3904 3914 3889 -1 3915 3908 3886 -1 3893 3908 3916 -1 3882 3917 3903 -1 3904 3887 3909 -1 3900 3918 3898 -1 3882 3896 3917 -1 3886 3901 3915 -1 3910 3893 3916 -1 3866 3894 3919 -1 3866 3919 3909 -1 3906 3889 3914 -1 3898 3918 3920 -1 3898 3920 3913 -1 3894 3903 3921 -1 3915 3901 3907 -1 3917 3896 3910 -1 3906 3914 3922 -1 3911 3918 3900 -1 3902 3923 3899 -1 3924 3914 3904 -1 3897 3899 3923 -1 3907 3905 3925 -1 3903 3917 3921 -1 3919 3894 3921 -1 3904 3909 3924 -1 3905 3897 3926 -1 3923 3902 3927 -1 3920 3918 3928 -1 3929 3919 3921 -1 3913 3920 3930 -1 3909 3919 3931 -1 3932 3922 3914 -1 3926 3925 3905 -1 3908 3915 3933 -1 3934 3910 3916 -1 3902 3913 3927 -1 3924 3932 3914 -1 3910 3934 3935 -1 3911 3928 3918 -1 3931 3924 3909 -1 3923 3936 3897 -1 3926 3897 3936 -1 3930 3927 3913 -1 3927 3936 3923 -1 3917 3910 3937 -1 3921 3917 3938 -1 3939 3932 3924 -1 3915 3907 3933 -1 3916 3908 3940 -1 3937 3910 3935 -1 3929 3931 3919 -1 3930 3920 3941 -1 3934 3916 3940 -1 3927 3930 3942 -1 3933 3907 3943 -1 3908 3933 3940 -1 3921 3938 3929 -1 3941 3920 3928 -1 3925 3944 3907 -1 3943 3907 3944 -1 3938 3917 3937 -1 3944 3925 3926 -1 3942 3930 3941 -1 3931 3929 3945 -1 3927 3942 3946 -1 3946 3936 3927 -1 3924 3931 3939 -1 3941 3928 3947 -1 3937 3935 3948 -1 3929 3938 3949 -1 3945 3939 3931 -1 3950 3932 3951 -1 3940 3952 3934 -1 3932 3939 3951 -1 3953 3926 3936 -1 3946 3953 3936 -1 3954 3939 3945 -1 3954 3951 3939 -1 3953 3944 3926 -1 3955 3943 3956 -1 3955 3933 3943 -1 3940 3933 3955 -1 3935 3934 3948 -1 3942 3941 3957 -1 3938 3937 3958 -1 3944 3956 3943 -1 3952 3959 3934 -1 3948 3934 3959 -1 3941 3947 3957 -1 3940 3955 3952 -1 3958 3937 3948 -1 3938 3958 3949 -1 3951 3954 3960 -1 3951 3960 3961 -1 3962 3954 3945 -1 3950 3951 3963 -1 3958 3964 3949 -1 3962 3929 3949 -1 3945 3929 3962 -1 3951 3961 3963 -1 3954 3962 3965 -1 3960 3954 3965 -1 3952 3955 3966 -1 3948 3967 3958 -1 3942 3957 3968 -1 3953 3969 3944 -1 3956 3944 3969 -1 3970 3953 3946 -1 3949 3964 3962 -1 3946 3942 3971 -1 3972 3958 3967 -1 3971 3970 3946 -1 3973 3953 3970 -1 3955 3956 3966 -1 3952 3966 3974 -1 3952 3975 3959 -1 3948 3959 3976 -1 3971 3942 3968 -1 3964 3958 3972 -1 3969 3953 3973 -1 3966 3956 3977 -1 3978 3971 3968 -1 3972 3967 3979 -1 3956 3969 3977 -1 3975 3952 3974 -1 3967 3948 3976 -1 3973 3980 3969 -1 3975 3976 3959 -1 3981 3964 3972 -1 3970 3982 3973 -1 3979 3983 3972 -1 3962 3964 3981 -1 3961 3960 3984 -1 3971 3982 3970 -1 3985 3962 3981 -1 3980 3973 3982 -1 3965 3962 3985 -1 3985 3986 3965 -1 3969 3980 3977 -1 3987 3966 3977 -1 3974 3988 3975 -1 3976 3975 3989 -1 3979 3967 3976 -1 3981 3972 3983 -1 3974 3966 3987 -1 3990 3978 3968 -1 3982 3971 3991 -1 3960 3965 3984 -1 3965 3986 3984 -1 3988 3974 3987 -1 3961 3984 3992 -1 3971 3978 3991 -1 3993 3981 3983 -1 3994 3980 3995 -1 3977 3980 3994 -1 3989 3975 3988 -1 3961 3992 3963 -1 3980 3982 3995 -1 3991 3978 3996 -1 3978 3990 3996 -1 3976 3989 3997 -1 3979 3976 3997 -1 3983 3979 3998 -1 3999 3990 4000 -1 3996 3990 3999 -1 3995 3982 3991 -1 3998 3979 3997 -1 3988 3987 4001 -1 3997 3989 4002 -1 3991 3996 4003 -1 3977 3994 4004 -1 3987 3977 4004 -1 3988 4002 3989 -1 4002 4005 3997 -1 3983 3998 4006 -1 3983 4006 3993 -1 3981 3993 4007 -1 3985 3981 4007 -1 3987 4004 4001 -1 4002 3988 4001 -1 3999 4008 3996 -1 4003 3996 4008 -1 3995 3991 4003 -1 3993 4006 4009 -1 4007 3993 4009 -1 3986 3985 4010 -1 4003 4008 4011 -1 4010 3984 3986 -1 3997 4005 4012 -1 3998 3997 4012 -1 4007 4010 3985 -1 3992 3984 4013 -1 4005 4002 4014 -1 3998 4012 4006 -1 3995 4003 4015 -1 4002 4001 4016 -1 4015 4003 4011 -1 4004 3994 4017 -1 4018 4012 4005 -1 3994 3995 4015 -1 4019 4004 4017 -1 4013 3984 4010 -1 4001 4004 4019 -1 4020 3992 4013 -1 3994 4015 4017 -1 4016 4014 4002 -1 4011 4008 4021 -1 4007 4022 4010 -1 4019 4017 4023 -1 4019 4024 4001 -1 4018 4005 4014 -1 4022 4007 4009 -1 4016 4001 4024 -1 4017 4015 4025 -1 4010 4020 4013 -1 4016 4024 4026 -1 4016 4026 4014 -1 4027 4011 4021 -1 4011 4027 4015 -1 4009 4006 4028 -1 4023 4017 4025 -1 4021 4008 4029 -1 4028 4006 4012 -1 4020 4010 4030 -1 4024 4019 4031 -1 4025 4015 4027 -1 4032 4010 4022 -1 4014 4026 4033 -1 4030 4010 4032 -1 4019 4023 4031 -1 4018 4014 4033 -1 4029 4034 4021 -1 4034 4029 4035 -1 4021 4034 4027 -1 4028 4036 4009 -1 4026 4024 4031 -1 4009 4036 4022 -1 4032 4022 4036 -1 4018 4037 4012 -1 4028 4012 4037 -1 4033 4038 4018 -1 4025 4027 4039 -1 4023 4025 4040 -1 4031 4023 4040 -1 4038 4037 4018 -1 4032 4041 4030 -1 4039 4040 4025 -1 4042 4043 4031 -1 4026 4031 4043 -1 4044 4038 4033 -1 4045 4031 4040 -1 4033 4026 4044 -1 4039 4027 4034 -1 4046 4041 4032 -1 4026 4043 4044 -1 4040 4039 4047 -1 4045 4042 4031 -1 4028 4037 4048 -1 4042 4049 4043 -1 4044 4043 4049 -1 4045 4040 4050 -1 4038 4051 4037 -1 4047 4052 4040 -1 4036 4028 4048 -1 4050 4042 4045 -1 4039 4034 4053 -1 4054 4051 4038 -1 4032 4036 4055 -1 4056 4032 4055 -1 4041 4046 4057 -1 4038 4044 4054 -1 4048 4037 4051 -1 4046 4032 4056 -1 4050 4040 4052 -1 4050 4058 4042 -1 4049 4042 4058 -1 4059 4044 4049 -1 4036 4048 4055 -1 4047 4039 4053 -1 4044 4059 4060 -1 4050 4052 4061 -1 4048 4051 4055 -1 4058 4050 4061 -1 4047 4053 4062 -1 4052 4047 4063 -1 4054 4044 4060 -1 4046 4056 4064 -1 4062 4063 4047 -1 4057 4046 4064 -1 4062 4053 4065 -1 4052 4063 4061 -1 4055 4051 4066 -1 4056 4055 4067 -1 4054 4068 4051 -1 4069 4049 4058 -1 4059 4049 4069 -1 4065 4070 4062 -1 4051 4068 4066 -1 4066 4067 4055 -1 4058 4061 4071 -1 4059 4069 4060 -1 4067 4066 4072 -1 4070 4063 4062 -1 4058 4073 4069 -1 4068 4054 4074 -1 4054 4060 4074 -1 4066 4068 4075 -1 4072 4066 4075 -1 4058 4071 4073 -1 4064 4056 4067 -1 4060 4069 4076 -1 4070 4077 4063 -1 4061 4063 4077 -1 4078 4067 4072 -1 4079 4070 4065 -1 4076 4069 4080 -1 4076 4074 4060 -1 4080 4069 4073 -1 4081 4061 4077 -1 4068 4074 4082 -1 4077 4070 4083 -1 4081 4071 4061 -1 4075 4068 4084 -1 4074 4076 4082 -1 4070 4079 4083 -1 4077 4085 4081 -1 4082 4076 4086 -1 4068 4082 4084 -1 4083 4085 4077 -1 4073 4071 4081 -1 4075 4084 4087 -1 4081 4085 4088 -1 4087 4072 4075 -1 4086 4076 4089 -1 4090 4082 4086 -1 4073 4081 4091 -1 4084 4082 4090 -1 4080 4073 4091 -1 4080 4089 4076 -1 4086 4089 4092 -1 4085 4083 4093 -1 4091 4081 4088 -1 4080 4091 4094 -1 4084 4090 4087 -1 4088 4085 4095 -1 4089 4080 4094 -1 4090 4086 4096 -1 4095 4085 4093 -1 4097 4090 4096 -1 4072 4087 4098 -1 4088 4099 4091 -1 4094 4091 4099 -1 4087 4090 4097 -1 4092 4094 4100 -1 4094 4092 4089 -1 4086 4092 4096 -1 4100 4094 4099 -1 4101 4088 4095 -1 4097 4096 4102 -1 4100 4099 4103 -1 4102 4096 4092 -1 4098 4087 4104 -1 4100 4102 4092 -1 4088 4101 4099 -1 4087 4097 4104 -1 4105 4099 4101 -1 4106 4103 4099 -1 4107 4102 4100 -1 4108 4097 4102 -1 4099 4105 4106 -1 4107 4100 4103 -1 4103 4106 4109 -1 4102 4107 4110 -1 4108 4102 4110 -1 4106 4105 4111 -1 4109 4106 4111 -1 4107 4103 4109 -1 4112 4113 4114 -1 4112 4114 4115 -1 4116 4115 4114 -1 4117 4118 4119 -1 4118 4117 4120 -1 4121 4115 4116 -1 4114 4122 4123 -1 4122 4114 4113 -1 4123 4116 4114 -1 4123 4124 4116 -1 4124 4121 4116 -1 4113 4125 4122 -1 4122 4125 4126 -1 4126 4123 4122 -1 4125 4113 4127 -1 4113 4119 4127 -1 4124 4123 4128 -1 4127 4119 4118 -1 4129 4121 4124 -1 4130 4131 4132 -1 4133 4130 4132 -1 4125 4134 4126 -1 4127 4118 4135 -1 4136 4124 4128 -1 4133 4137 4130 -1 4138 4139 4140 -1 4131 4138 4140 -1 4126 4134 4141 -1 4126 4141 4142 -1 4126 4142 4123 -1 4141 4134 4143 -1 4144 4134 4125 -1 4128 4123 4142 -1 4135 4118 4145 -1 4118 4120 4145 -1 4145 4120 4146 -1 4133 4147 4137 -1 4148 4141 4143 -1 4143 4134 4144 -1 4141 4148 4149 -1 4141 4150 4142 -1 4151 4138 4131 -1 4136 4128 4152 -1 4153 4154 4155 -1 4156 4154 4153 -1 4157 4139 4158 -1 4130 4151 4131 -1 4149 4148 4159 -1 4125 4127 4160 -1 4160 4144 4125 -1 4161 4130 4137 -1 4162 4163 4164 -1 4148 4165 4159 -1 4147 4166 4167 -1 4147 4167 4137 -1 4162 4168 4163 -1 4143 4144 4169 -1 4154 4156 4158 -1 4150 4141 4149 -1 4160 4127 4135 -1 4166 4147 4170 -1 4142 4152 4128 -1 4164 4163 4171 -1 4148 4143 4165 -1 4167 4161 4137 -1 4138 4158 4139 -1 4165 4172 4159 -1 4165 4143 4169 -1 4163 4168 4173 -1 4150 4149 4174 -1 4175 4142 4150 -1 4152 4142 4175 -1 4176 4177 4155 -1 4154 4158 4178 -1 4146 4164 4171 -1 4179 4151 4130 -1 4138 4180 4158 -1 4181 4161 4167 -1 4165 4182 4172 -1 4166 4183 4167 -1 4149 4159 4184 -1 4169 4144 4160 -1 4174 4175 4150 -1 4183 4166 4185 -1 4185 4166 4170 -1 4136 4152 4186 -1 4161 4179 4130 -1 4187 4185 4170 -1 4188 4167 4183 -1 4165 4189 4182 -1 4184 4159 4172 -1 4173 4171 4163 -1 4160 4135 4190 -1 4190 4135 4145 -1 4174 4149 4191 -1 4192 4151 4179 -1 4193 4192 4179 -1 4146 4194 4145 -1 4194 4146 4171 -1 4155 4195 4176 -1 4180 4178 4158 -1 4151 4180 4138 -1 4193 4179 4196 -1 4186 4197 4136 -1 4196 4161 4181 -1 4196 4179 4161 -1 4167 4188 4181 -1 4165 4169 4189 -1 4198 4189 4169 -1 4195 4155 4154 -1 4184 4172 4199 -1 4169 4160 4198 -1 4198 4160 4190 -1 4173 4168 4176 -1 4192 4180 4151 -1 4174 4191 4175 -1 4183 4185 4200 -1 4197 4186 4201 -1 4185 4187 4202 -1 4182 4203 4172 -1 4204 4203 4205 -1 4172 4203 4204 -1 4201 4206 4197 -1 4195 4154 4178 -1 4183 4207 4188 -1 4208 4152 4175 -1 4186 4152 4208 -1 4183 4200 4207 -1 4200 4185 4202 -1 4188 4209 4181 -1 4195 4178 4210 -1 4203 4182 4211 -1 4212 4178 4180 -1 4206 4201 4213 -1 4214 4202 4215 -1 4193 4196 4216 -1 4207 4200 4214 -1 4217 4192 4193 -1 4217 4218 4192 -1 4149 4184 4199 -1 4199 4191 4149 -1 4219 4202 4220 -1 4214 4200 4202 -1 4176 4221 4173 -1 4202 4219 4215 -1 4195 4221 4176 -1 4210 4221 4195 -1 4196 4181 4216 -1 4216 4181 4209 -1 4201 4186 4208 -1 4222 4223 4224 -1 4217 4193 4225 -1 4207 4226 4188 -1 4191 4227 4175 -1 4225 4193 4216 -1 4208 4175 4227 -1 4205 4203 4211 -1 4178 4228 4210 -1 4201 4227 4229 -1 4208 4227 4201 -1 4228 4178 4212 -1 4201 4229 4213 -1 4199 4172 4204 -1 4218 4230 4192 -1 4231 4232 4233 -1 4232 4234 4233 -1 4230 4180 4192 -1 4235 4171 4173 -1 4223 4222 4236 -1 4219 4237 4238 -1 4226 4209 4188 -1 4239 4207 4214 -1 4226 4207 4239 -1 4211 4182 4240 -1 4237 4219 4220 -1 4231 4241 4242 -1 4205 4241 4231 -1 4211 4241 4205 -1 4231 4233 4205 -1 4182 4189 4240 -1 4204 4205 4243 -1 4233 4234 4244 -1 4215 4219 4238 -1 4245 4217 4225 -1 4234 4246 4244 -1 4247 4204 4243 -1 4199 4204 4247 -1 4236 4222 4246 -1 4248 4225 4216 -1 4209 4248 4216 -1 4249 4194 4171 -1 4224 4223 4250 -1 4221 4235 4173 -1 4222 4247 4246 -1 4210 4251 4221 -1 4247 4252 4199 -1 4191 4199 4252 -1 4214 4215 4239 -1 4253 4254 4241 -1 4253 4241 4211 -1 4248 4209 4255 -1 4215 4238 4256 -1 4233 4243 4205 -1 4240 4189 4257 -1 4257 4189 4198 -1 4227 4191 4258 -1 4250 4259 4260 -1 4229 4227 4260 -1 4260 4259 4229 -1 4209 4226 4255 -1 4230 4212 4180 -1 4261 4255 4226 -1 4261 4226 4239 -1 4235 4221 4251 -1 4246 4247 4243 -1 4222 4252 4247 -1 4252 4222 4224 -1 4224 4258 4252 -1 4239 4215 4256 -1 4262 4245 4263 -1 4262 4217 4245 -1 4191 4252 4258 -1 4224 4250 4258 -1 4264 4265 4266 -1 4190 4145 4267 -1 4194 4267 4145 -1 4264 4253 4268 -1 4254 4253 4264 -1 4240 4253 4211 -1 4260 4227 4258 -1 4269 4212 4230 -1 4250 4260 4258 -1 4194 4249 4270 -1 4266 4242 4241 -1 4171 4235 4249 -1 4233 4246 4243 -1 4244 4246 4233 -1 4256 4238 4271 -1 4262 4263 4272 -1 4194 4270 4267 -1 4262 4218 4217 -1 4271 4238 4237 -1 4268 4273 4265 -1 4237 4274 4271 -1 4265 4264 4268 -1 4235 4275 4249 -1 4254 4264 4266 -1 4220 4276 4237 -1 4253 4277 4268 -1 4253 4240 4277 -1 4220 4278 4276 -1 4245 4225 4263 -1 4240 4257 4279 -1 4266 4241 4254 -1 4257 4198 4280 -1 4190 4280 4198 -1 4281 4282 4248 -1 4261 4239 4283 -1 4283 4239 4256 -1 4281 4248 4284 -1 4230 4218 4285 -1 4255 4284 4248 -1 4218 4262 4285 -1 4268 4277 4286 -1 4261 4287 4255 -1 4210 4288 4251 -1 4288 4210 4228 -1 4228 4212 4288 -1 4289 4263 4225 -1 4225 4248 4289 -1 4274 4237 4276 -1 4274 4290 4271 -1 4269 4288 4212 -1 4273 4268 4286 -1 4291 4277 4279 -1 4277 4240 4279 -1 4282 4289 4248 -1 4292 4280 4190 -1 4270 4249 4293 -1 4274 4294 4295 -1 4276 4294 4274 -1 4296 4275 4235 -1 4279 4257 4297 -1 4190 4267 4292 -1 4251 4296 4235 -1 4298 4296 4251 -1 4272 4285 4262 -1 4298 4251 4288 -1 4269 4230 4285 -1 4287 4284 4255 -1 4256 4271 4299 -1 4300 4285 4272 -1 4301 4263 4289 -1 4302 4261 4303 -1 4261 4302 4287 -1 4286 4277 4291 -1 4284 4287 4302 -1 4294 4276 4278 -1 4267 4304 4292 -1 4304 4267 4270 -1 4263 4305 4272 -1 4271 4290 4299 -1 4295 4290 4274 -1 4306 4273 4307 -1 4273 4286 4307 -1 4291 4307 4286 -1 4297 4257 4280 -1 4298 4308 4296 -1 4298 4288 4308 -1 4283 4256 4299 -1 4308 4288 4269 -1 4309 4261 4283 -1 4310 4294 4278 -1 4294 4310 4311 -1 4305 4263 4312 -1 4263 4301 4312 -1 4282 4301 4289 -1 4309 4303 4261 -1 4296 4313 4275 -1 4291 4279 4297 -1 4270 4314 4304 -1 4315 4269 4285 -1 4270 4293 4314 -1 4305 4300 4272 -1 4316 4293 4249 -1 4316 4249 4275 -1 4317 4313 4296 -1 4306 4307 4318 -1 4317 4296 4308 -1 4309 4283 4319 -1 4269 4315 4320 -1 4320 4308 4269 -1 4299 4321 4283 -1 4322 4297 4280 -1 4281 4284 4323 -1 4302 4323 4284 -1 4324 4311 4310 -1 4305 4325 4300 -1 4304 4314 4326 -1 4327 4290 4295 -1 4328 4318 4329 -1 4327 4295 4330 -1 4308 4320 4317 -1 4300 4315 4285 -1 4321 4319 4283 -1 4330 4295 4294 -1 4311 4330 4294 -1 4290 4331 4299 -1 4332 4311 4324 -1 4292 4322 4280 -1 4290 4333 4331 -1 4329 4334 4328 -1 4275 4313 4335 -1 4336 4282 4281 -1 4318 4307 4337 -1 4337 4307 4291 -1 4304 4322 4292 -1 4325 4315 4300 -1 4305 4312 4338 -1 4339 4293 4316 -1 4338 4325 4305 -1 4335 4339 4316 -1 4340 4312 4301 -1 4316 4275 4335 -1 4301 4282 4336 -1 4333 4290 4341 -1 4327 4341 4290 -1 4323 4336 4281 -1 4322 4304 4326 -1 4303 4309 4342 -1 4332 4343 4344 -1 4325 4338 4345 -1 4334 4346 4347 -1 4329 4318 4337 -1 4335 4313 4348 -1 4297 4349 4291 -1 4313 4317 4348 -1 4317 4320 4348 -1 4297 4322 4349 -1 4319 4342 4309 -1 4299 4350 4321 -1 4345 4315 4325 -1 4299 4331 4350 -1 4330 4311 4332 -1 4351 4322 4326 -1 4320 4352 4348 -1 4330 4332 4344 -1 4339 4314 4293 -1 4302 4303 4353 -1 4335 4354 4339 -1 4355 4320 4315 -1 4354 4335 4356 -1 4345 4355 4315 -1 4357 4358 4359 -1 4357 4359 4360 -1 4291 4361 4337 -1 4361 4291 4349 -1 4362 4340 4301 -1 4363 4349 4322 -1 4331 4333 4350 -1 4357 4364 4358 -1 4355 4352 4320 -1 4358 4365 4344 -1 4358 4344 4343 -1 4346 4366 4347 -1 4348 4367 4335 -1 4312 4368 4338 -1 4319 4321 4369 -1 4340 4368 4312 -1 4301 4336 4362 -1 4362 4336 4370 -1 4323 4302 4353 -1 4326 4314 4371 -1 4341 4327 4372 -1 4373 4352 4355 -1 4372 4327 4330 -1 4345 4373 4355 -1 4374 4330 4344 -1 4334 4329 4375 -1 4329 4337 4375 -1 4335 4367 4356 -1 4357 4360 4376 -1 4336 4323 4370 -1 4352 4367 4348 -1 4342 4319 4377 -1 4351 4378 4322 -1 4350 4333 4379 -1 4353 4380 4323 -1 4350 4369 4321 -1 4339 4371 4314 -1 4339 4354 4371 -1 4381 4334 4375 -1 4375 4337 4361 -1 4330 4374 4372 -1 4382 4362 4370 -1 4322 4378 4363 -1 4380 4370 4323 -1 4353 4303 4383 -1 4342 4383 4303 -1 4384 4374 4365 -1 4374 4344 4365 -1 4385 4338 4368 -1 4364 4365 4358 -1 4333 4341 4386 -1 4387 4386 4341 -1 4387 4341 4372 -1 4340 4362 4388 -1 4361 4349 4389 -1 4363 4389 4349 -1 4364 4384 4365 -1 4390 4380 4353 -1 4371 4351 4326 -1 4391 4345 4338 -1 4369 4350 4392 -1 4393 4357 4376 -1 4394 4385 4368 -1 4394 4368 4388 -1 4395 4333 4386 -1 4354 4356 4371 -1 4396 4356 4367 -1 4388 4362 4382 -1 4387 4372 4374 -1 4367 4352 4397 -1 4382 4370 4380 -1 4398 4363 4378 -1 4380 4390 4399 -1 4353 4383 4390 -1 4350 4379 4400 -1 4392 4350 4400 -1 4383 4342 4377 -1 4379 4333 4395 -1 4401 4366 4402 -1 4346 4334 4381 -1 4368 4340 4388 -1 4396 4371 4356 -1 4393 4364 4357 -1 4403 4352 4373 -1 4400 4404 4392 -1 4405 4377 4319 -1 4402 4406 4401 -1 4338 4385 4391 -1 4371 4407 4351 -1 4319 4369 4405 -1 4393 4408 4364 -1 4409 4361 4389 -1 4369 4410 4405 -1 4400 4379 4411 -1 4375 4361 4409 -1 4395 4411 4379 -1 4388 4382 4412 -1 4389 4363 4398 -1 4382 4380 4413 -1 4391 4373 4345 -1 4393 4376 4414 -1 4387 4374 4415 -1 4369 4392 4410 -1 4384 4364 4408 -1 4374 4384 4415 -1 4397 4416 4396 -1 4394 4388 4412 -1 4417 4415 4384 -1 4397 4396 4367 -1 4387 4415 4386 -1 4418 4382 4413 -1 4383 4419 4390 -1 4413 4380 4399 -1 4403 4373 4391 -1 4385 4420 4391 -1 4407 4378 4351 -1 4385 4394 4420 -1 4406 4402 4421 -1 4381 4375 4422 -1 4423 4377 4405 -1 4375 4409 4422 -1 4409 4389 4424 -1 4411 4425 4400 -1 4412 4382 4418 -1 4386 4426 4395 -1 4398 4378 4427 -1 4403 4397 4352 -1 4408 4417 4384 -1 4399 4428 4413 -1 4415 4429 4386 -1 4407 4430 4378 -1 4366 4346 4431 -1 4432 4419 4383 -1 4371 4396 4407 -1 4420 4394 4433 -1 4433 4394 4434 -1 4392 4404 4410 -1 4404 4400 4435 -1 4426 4411 4395 -1 4428 4418 4413 -1 4436 4403 4391 -1 4386 4429 4426 -1 4427 4378 4430 -1 4399 4390 4419 -1 4429 4415 4417 -1 4402 4366 4431 -1 4346 4381 4431 -1 4437 4430 4407 -1 4407 4396 4437 -1 4377 4432 4383 -1 4422 4409 4438 -1 4438 4409 4424 -1 4389 4398 4439 -1 4435 4400 4425 -1 4440 4429 4417 -1 4416 4397 4441 -1 4428 4399 4442 -1 4440 4417 4408 -1 4399 4419 4442 -1 4443 4408 4393 -1 4436 4391 4420 -1 4444 4397 4403 -1 4420 4433 4445 -1 4446 4437 4396 -1 4446 4396 4416 -1 4404 4435 4410 -1 4412 4447 4394 -1 4448 4411 4426 -1 4444 4403 4436 -1 4408 4449 4440 -1 4449 4408 4443 -1 4450 4406 4421 -1 4430 4437 4451 -1 4431 4381 4452 -1 4405 4410 4453 -1 4432 4377 4423 -1 4441 4446 4416 -1 4434 4394 4447 -1 4447 4412 4454 -1 4398 4427 4439 -1 4448 4426 4455 -1 4429 4455 4426 -1 4444 4441 4397 -1 4423 4405 4453 -1 4381 4422 4452 -1 4438 4456 4422 -1 4424 4389 4439 -1 4439 4427 4457 -1 4411 4448 4425 -1 4436 4458 4444 -1 4430 4457 4427 -1 4430 4451 4457 -1 4420 4445 4436 -1 4459 4460 4450 -1 4429 4440 4461 -1 4442 4419 4462 -1 4453 4410 4463 -1 4410 4435 4463 -1 4435 4464 4465 -1 4435 4425 4464 -1 4448 4464 4425 -1 4421 4459 4450 -1 4402 4466 4421 -1 4446 4451 4437 -1 4467 4455 4429 -1 4441 4468 4446 -1 4424 4439 4457 -1 4412 4418 4469 -1 4429 4461 4467 -1 4418 4428 4469 -1 4449 4461 4440 -1 4470 4448 4455 -1 4471 4462 4419 -1 4446 4468 4451 -1 4466 4402 4472 -1 4402 4431 4472 -1 4445 4433 4473 -1 4419 4432 4474 -1 4452 4422 4456 -1 4441 4475 4468 -1 4454 4412 4469 -1 4475 4444 4458 -1 4444 4475 4441 -1 4463 4435 4476 -1 4448 4477 4464 -1 4470 4477 4448 -1 4451 4478 4457 -1 4436 4479 4458 -1 4436 4445 4480 -1 4473 4481 4445 -1 4438 4482 4456 -1 4424 4482 4438 -1 4434 4447 4483 -1 4435 4465 4476 -1 4459 4421 4466 -1 4428 4442 4484 -1 4477 4470 4485 -1 4467 4470 4455 -1 4478 4451 4468 -1 4486 4477 4487 -1 4464 4477 4486 -1 4488 4470 4467 -1 4471 4419 4474 -1 4433 4434 4489 -1 4489 4434 4483 -1 4432 4490 4474 -1 4447 4454 4483 -1 4490 4432 4423 -1 4469 4428 4491 -1 4492 4469 4491 -1 4480 4479 4436 -1 4484 4491 4428 -1 4461 4488 4467 -1 4478 4468 4493 -1 4494 4459 4466 -1 4477 4485 4487 -1 4431 4452 4472 -1 4495 4470 4488 -1 4423 4453 4496 -1 4495 4485 4470 -1 4454 4497 4483 -1 4490 4423 4496 -1 4469 4497 4454 -1 4459 4498 4460 -1 4442 4462 4484 -1 4499 4479 4500 -1 4480 4500 4479 -1 4445 4501 4480 -1 4445 4481 4501 -1 4498 4502 4460 -1 4464 4486 4465 -1 4503 4480 4501 -1 4504 4493 4468 -1 4473 4433 4489 -1 4499 4475 4458 -1 4487 4485 4505 -1 4482 4424 4457 -1 4458 4479 4499 -1 4468 4475 4504 -1 4453 4506 4496 -1 4453 4463 4507 -1 4482 4457 4508 -1 4503 4500 4480 -1 4508 4457 4478 -1 4465 4486 4509 -1 4497 4469 4492 -1 4491 4484 4492 -1 4484 4462 4510 -1 4498 4459 4494 -1 4501 4511 4503 -1 4466 4472 4512 -1 4513 4483 4497 -1 4499 4504 4475 -1 4463 4476 4507 -1 4474 4490 4514 -1 4490 4496 4514 -1 4462 4471 4515 -1 4476 4465 4509 -1 4516 4486 4487 -1 4509 4486 4516 -1 4489 4483 4517 -1 4517 4483 4513 -1 4472 4452 4512 -1 4507 4506 4453 -1 4499 4500 4518 -1 4487 4505 4519 -1 4484 4510 4492 -1 4510 4462 4515 -1 4495 4520 4485 -1 4456 4482 4521 -1 4503 4522 4500 -1 4501 4523 4511 -1 4501 4481 4523 -1 4494 4466 4524 -1 4481 4473 4525 -1 4526 4493 4504 -1 4527 4526 4504 -1 4499 4528 4527 -1 4499 4527 4504 -1 4497 4492 4529 -1 4530 4474 4514 -1 4531 4482 4508 -1 4478 4493 4508 -1 4499 4518 4528 -1 4518 4500 4522 -1 4485 4532 4505 -1 4520 4532 4485 -1 4526 4533 4493 -1 4481 4525 4523 -1 4524 4466 4512 -1 4473 4489 4534 -1 4517 4534 4489 -1 4535 4452 4456 -1 4497 4529 4536 -1 4537 4527 4528 -1 4487 4519 4538 -1 4492 4510 4539 -1 4471 4474 4530 -1 4540 4498 4494 -1 4541 4525 4473 -1 4534 4541 4473 -1 4517 4513 4542 -1 4513 4497 4536 -1 4526 4527 4537 -1 4492 4539 4529 -1 4518 4543 4528 -1 4543 4537 4528 -1 4544 4518 4522 -1 4522 4503 4545 -1 4512 4452 4535 -1 4526 4537 4533 -1 4487 4538 4516 -1 4529 4539 4546 -1 4510 4515 4539 -1 4482 4531 4521 -1 4496 4506 4547 -1 4530 4514 4548 -1 4544 4522 4545 -1 4511 4523 4549 -1 4538 4519 4550 -1 4535 4456 4521 -1 4516 4538 4551 -1 4543 4552 4537 -1 4476 4509 4553 -1 4544 4543 4518 -1 4508 4493 4533 -1 4553 4554 4507 -1 4507 4476 4553 -1 4506 4507 4554 -1 4545 4555 4544 -1 4530 4548 4556 -1 4503 4511 4557 -1 4537 4558 4533 -1 4534 4517 4559 -1 4516 4551 4560 -1 4509 4516 4560 -1 4560 4561 4509 -1 4547 4514 4496 -1 4544 4552 4543 -1 4538 4550 4551 -1 4562 4503 4557 -1 4545 4503 4562 -1 4557 4511 4549 -1 4547 4506 4554 -1 4525 4541 4563 -1 4519 4505 4564 -1 4542 4513 4565 -1 4513 4536 4565 -1 4553 4509 4566 -1 4531 4508 4567 -1 4546 4539 4568 -1 4471 4569 4515 -1 4508 4533 4570 -1 4524 4571 4494 -1 4549 4523 4572 -1 4523 4525 4572 -1 4512 4535 4573 -1 4541 4534 4574 -1 4575 4558 4537 -1 4575 4537 4552 -1 4542 4559 4517 -1 4529 4565 4536 -1 4521 4531 4576 -1 4529 4546 4577 -1 4568 4539 4578 -1 4539 4515 4569 -1 4569 4578 4539 -1 4579 4553 4566 -1 4567 4508 4570 -1 4580 4556 4548 -1 4540 4494 4571 -1 4563 4572 4525 -1 4558 4570 4533 -1 4581 4552 4544 -1 4545 4582 4555 -1 4582 4545 4583 -1 4562 4583 4545 -1 4471 4530 4569 -1 4584 4570 4558 -1 4554 4553 4579 -1 4541 4574 4563 -1 4534 4559 4574 -1 4559 4542 4585 -1 4581 4575 4552 -1 4586 4577 4546 -1 4568 4586 4546 -1 4524 4512 4573 -1 4581 4544 4555 -1 4535 4521 4587 -1 4509 4561 4566 -1 4514 4547 4548 -1 4576 4531 4567 -1 4567 4570 4584 -1 4588 4540 4571 -1 4561 4560 4589 -1 4547 4554 4590 -1 4560 4551 4591 -1 4530 4556 4569 -1 4573 4592 4524 -1 4565 4585 4542 -1 4573 4535 4587 -1 4577 4565 4529 -1 4551 4550 4593 -1 4593 4550 4594 -1 4591 4589 4560 -1 4582 4583 4595 -1 4584 4558 4575 -1 4592 4571 4524 -1 4549 4572 4596 -1 4579 4566 4597 -1 4598 4554 4579 -1 4574 4559 4599 -1 4583 4562 4600 -1 4521 4576 4587 -1 4568 4578 4601 -1 4596 4557 4549 -1 4584 4602 4567 -1 4578 4569 4603 -1 4596 4572 4604 -1 4604 4572 4563 -1 4605 4584 4575 -1 4605 4575 4581 -1 4599 4559 4585 -1 4606 4548 4547 -1 4581 4555 4582 -1 4590 4554 4598 -1 4607 4583 4600 -1 4562 4557 4600 -1 4600 4557 4596 -1 4588 4571 4608 -1 4606 4547 4590 -1 4605 4581 4609 -1 4585 4565 4610 -1 4577 4610 4565 -1 4586 4568 4611 -1 4602 4576 4567 -1 4601 4611 4568 -1 4603 4612 4578 -1 4584 4605 4602 -1 4551 4593 4613 -1 4614 4563 4574 -1 4615 4591 4613 -1 4589 4591 4616 -1 4615 4616 4591 -1 4609 4581 4582 -1 4591 4551 4613 -1 4603 4569 4556 -1 4601 4578 4612 -1 4576 4602 4617 -1 4600 4596 4618 -1 4571 4592 4608 -1 4604 4563 4619 -1 4614 4619 4563 -1 4599 4614 4574 -1 4593 4594 4620 -1 4573 4621 4592 -1 4580 4548 4606 -1 4573 4587 4621 -1 4589 4616 4622 -1 4561 4589 4622 -1 4579 4597 4623 -1 4576 4624 4587 -1 4624 4576 4617 -1 4625 4607 4600 -1 4626 4602 4605 -1 4626 4605 4609 -1 4608 4592 4627 -1 4587 4624 4628 -1 4625 4629 4607 -1 4610 4577 4586 -1 4625 4600 4618 -1 4630 4603 4631 -1 4612 4603 4630 -1 4603 4556 4631 -1 4601 4612 4632 -1 4633 4634 4596 -1 4596 4604 4633 -1 4635 4619 4614 -1 4614 4599 4635 -1 4621 4587 4628 -1 4566 4561 4622 -1 4598 4606 4590 -1 4595 4583 4636 -1 4636 4637 4595 -1 4583 4607 4636 -1 4580 4631 4556 -1 4629 4636 4607 -1 4602 4626 4617 -1 4592 4621 4627 -1 4613 4620 4638 -1 4593 4620 4613 -1 4566 4622 4639 -1 4615 4622 4616 -1 4597 4566 4639 -1 4586 4611 4640 -1 4599 4585 4641 -1 4609 4582 4642 -1 4622 4615 4643 -1 4585 4610 4641 -1 4642 4582 4595 -1 4610 4586 4640 -1 4611 4601 4632 -1 4598 4579 4644 -1 4618 4596 4634 -1 4604 4619 4645 -1 4619 4635 4645 -1 4609 4642 4646 -1 4597 4639 4647 -1 4595 4637 4648 -1 4615 4613 4649 -1 4650 4649 4613 -1 4630 4631 4651 -1 4640 4652 4610 -1 4580 4606 4653 -1 4609 4654 4626 -1 4633 4604 4655 -1 4609 4646 4654 -1 4635 4599 4656 -1 4657 4621 4658 -1 4623 4597 4647 -1 4641 4610 4652 -1 4659 4651 4631 -1 4644 4579 4660 -1 4661 4625 4618 -1 4631 4580 4659 -1 4611 4632 4662 -1 4632 4612 4663 -1 4630 4663 4612 -1 4646 4642 4664 -1 4665 4642 4595 -1 4595 4648 4665 -1 4621 4628 4658 -1 4636 4629 4666 -1 4613 4638 4650 -1 4629 4625 4666 -1 4579 4623 4660 -1 4640 4611 4667 -1 4662 4632 4663 -1 4617 4668 4624 -1 4653 4659 4580 -1 4669 4626 4654 -1 4655 4604 4645 -1 4638 4670 4650 -1 4646 4669 4654 -1 4620 4671 4638 -1 4656 4599 4672 -1 4621 4657 4627 -1 4639 4622 4643 -1 4641 4672 4599 -1 4665 4664 4642 -1 4652 4673 4641 -1 4606 4598 4644 -1 4640 4674 4652 -1 4668 4628 4624 -1 4611 4662 4667 -1 4625 4661 4666 -1 4617 4675 4668 -1 4675 4617 4626 -1 4655 4645 4676 -1 4645 4635 4677 -1 4656 4677 4635 -1 4672 4641 4673 -1 4643 4615 4649 -1 4636 4666 4678 -1 4651 4663 4630 -1 4634 4633 4679 -1 4626 4669 4675 -1 4655 4679 4633 -1 4638 4671 4670 -1 4665 4648 4680 -1 4639 4643 4681 -1 4682 4657 4658 -1 4647 4683 4623 -1 4647 4639 4684 -1 4606 4644 4685 -1 4686 4628 4668 -1 4660 4623 4683 -1 4668 4675 4686 -1 4679 4687 4634 -1 4676 4645 4677 -1 4669 4646 4688 -1 4684 4639 4681 -1 4647 4684 4689 -1 4644 4660 4685 -1 4649 4650 4670 -1 4690 4674 4640 -1 4618 4634 4687 -1 4691 4659 4653 -1 4669 4688 4675 -1 4688 4646 4692 -1 4672 4673 4693 -1 4606 4685 4694 -1 4643 4649 4695 -1 4667 4690 4640 -1 4651 4659 4691 -1 4661 4618 4687 -1 4653 4606 4694 -1 4656 4672 4696 -1 4664 4665 4697 -1 4647 4689 4698 -1 4647 4698 4683 -1 4648 4637 4680 -1 4681 4643 4695 -1 4686 4658 4628 -1 4675 4688 4699 -1 4670 4671 4700 -1 4677 4656 4696 -1 4664 4692 4646 -1 4681 4701 4684 -1 4696 4672 4693 -1 4627 4657 4702 -1 4665 4680 4697 -1 4703 4680 4637 -1 4637 4636 4678 -1 4678 4703 4637 -1 4693 4673 4704 -1 4673 4652 4705 -1 4649 4670 4706 -1 4674 4705 4652 -1 4691 4707 4651 -1 4674 4690 4708 -1 4686 4675 4699 -1 4663 4707 4662 -1 4663 4651 4707 -1 4697 4709 4664 -1 4655 4710 4679 -1 4711 4691 4653 -1 4694 4711 4653 -1 4712 4678 4666 -1 4666 4661 4712 -1 4687 4679 4710 -1 4713 4667 4662 -1 4662 4714 4713 -1 4688 4692 4715 -1 4684 4701 4716 -1 4717 4627 4702 -1 4681 4695 4701 -1 4702 4657 4682 -1 4689 4684 4716 -1 4660 4718 4685 -1 4703 4678 4719 -1 4695 4649 4706 -1 4673 4705 4704 -1 4705 4674 4708 -1 4682 4658 4720 -1 4661 4687 4712 -1 4658 4686 4720 -1 4694 4685 4718 -1 4721 4686 4699 -1 4662 4707 4714 -1 4699 4688 4715 -1 4655 4676 4710 -1 4664 4709 4692 -1 4722 4695 4706 -1 4678 4712 4719 -1 4670 4700 4706 -1 4676 4677 4723 -1 4677 4696 4724 -1 4722 4725 4695 -1 4717 4702 4726 -1 4683 4698 4727 -1 4689 4716 4698 -1 4704 4705 4728 -1 4720 4686 4729 -1 4730 4720 4729 -1 4686 4721 4729 -1 4705 4708 4728 -1 4690 4667 4713 -1 4694 4731 4732 -1 4718 4731 4694 -1 4687 4710 4733 -1 4723 4734 4676 -1 4723 4677 4724 -1 4735 4716 4736 -1 4692 4709 4737 -1 4702 4738 4726 -1 4702 4682 4738 -1 4697 4680 4739 -1 4698 4716 4735 -1 4728 4693 4704 -1 4718 4660 4683 -1 4708 4690 4740 -1 4741 4707 4691 -1 4721 4699 4742 -1 4715 4742 4699 -1 4711 4694 4732 -1 4710 4676 4734 -1 4706 4700 4743 -1 4723 4744 4734 -1 4716 4701 4736 -1 4725 4701 4695 -1 4683 4731 4718 -1 4703 4739 4680 -1 4740 4690 4745 -1 4690 4713 4745 -1 4745 4713 4714 -1 4746 4741 4691 -1 4691 4711 4746 -1 4714 4707 4747 -1 4712 4687 4733 -1 4710 4734 4733 -1 4748 4742 4715 -1 4749 4715 4692 -1 4709 4697 4739 -1 4727 4698 4735 -1 4682 4720 4730 -1 4746 4711 4732 -1 4706 4743 4722 -1 4707 4741 4747 -1 4748 4715 4749 -1 4749 4692 4737 -1 4750 4735 4736 -1 4736 4701 4725 -1 4709 4739 4751 -1 4752 4728 4708 -1 4742 4753 4721 -1 4723 4724 4754 -1 4725 4722 4755 -1 4756 4683 4727 -1 4756 4731 4683 -1 4738 4682 4730 -1 4708 4740 4752 -1 4733 4734 4744 -1 4740 4745 4757 -1 4745 4714 4757 -1 4748 4753 4742 -1 4714 4747 4758 -1 4744 4723 4759 -1 4724 4696 4760 -1 4696 4761 4760 -1 4750 4736 4762 -1 4696 4693 4761 -1 4763 4735 4764 -1 4728 4761 4693 -1 4765 4703 4719 -1 4727 4735 4763 -1 4746 4766 4741 -1 4752 4740 4767 -1 4768 4712 4733 -1 4729 4721 4769 -1 4746 4732 4766 -1 4769 4721 4753 -1 4758 4757 4714 -1 4744 4770 4733 -1 4753 4748 4771 -1 4759 4723 4754 -1 4736 4725 4755 -1 4737 4709 4751 -1 4764 4735 4750 -1 4722 4743 4772 -1 4773 4747 4741 -1 4741 4766 4773 -1 4768 4719 4712 -1 4766 4732 4774 -1 4775 4752 4767 -1 4728 4752 4775 -1 4748 4749 4771 -1 4755 4772 4776 -1 4755 4722 4772 -1 4736 4755 4776 -1 4760 4761 4777 -1 4761 4728 4777 -1 4777 4728 4775 -1 4739 4703 4765 -1 4747 4773 4778 -1 4773 4766 4779 -1 4770 4768 4733 -1 4780 4726 4738 -1 4762 4736 4776 -1 4731 4756 4781 -1 4738 4730 4782 -1 4727 4763 4756 -1 4777 4775 4783 -1 4729 4769 4784 -1 4732 4731 4774 -1 4758 4747 4778 -1 4724 4760 4754 -1 4780 4738 4782 -1 4785 4764 4750 -1 4751 4739 4765 -1 4783 4775 4786 -1 4767 4786 4775 -1 4719 4768 4787 -1 4784 4730 4729 -1 4779 4766 4774 -1 4774 4731 4781 -1 4770 4744 4788 -1 4759 4788 4744 -1 4759 4754 4789 -1 4751 4790 4737 -1 4765 4719 4791 -1 4730 4784 4782 -1 4768 4770 4792 -1 4756 4763 4793 -1 4767 4740 4757 -1 4757 4758 4794 -1 4771 4795 4753 -1 4759 4789 4796 -1 4749 4797 4771 -1 4737 4790 4749 -1 4785 4750 4762 -1 4781 4756 4793 -1 4791 4719 4787 -1 4779 4778 4773 -1 4798 4768 4792 -1 4779 4774 4799 -1 4781 4799 4774 -1 4794 4758 4778 -1 4769 4753 4795 -1 4797 4795 4771 -1 4790 4797 4749 -1 4754 4760 4800 -1 4801 4743 4802 -1 4772 4743 4801 -1 4778 4779 4803 -1 4787 4768 4798 -1 4786 4767 4804 -1 4788 4759 4796 -1 4767 4757 4804 -1 4794 4778 4805 -1 4805 4778 4803 -1 4806 4769 4807 -1 4784 4769 4806 -1 4769 4795 4807 -1 4790 4751 4808 -1 4760 4777 4809 -1 4783 4786 4810 -1 4785 4762 4811 -1 4776 4772 4812 -1 4798 4791 4787 -1 4762 4776 4812 -1 4784 4813 4782 -1 4763 4764 4814 -1 4794 4804 4757 -1 4813 4784 4806 -1 4779 4815 4803 -1 4815 4779 4799 -1 4799 4781 4816 -1 4760 4809 4800 -1 4809 4777 4817 -1 4783 4817 4777 -1 4804 4794 4818 -1 4794 4805 4819 -1 4820 4796 4789 -1 4805 4803 4815 -1 4765 4808 4751 -1 4785 4811 4821 -1 4817 4783 4810 -1 4815 4799 4822 -1 4818 4794 4819 -1 4816 4781 4793 -1 4814 4793 4763 -1 4797 4823 4795 -1 4754 4800 4789 -1 4824 4765 4791 -1 4825 4810 4786 -1 4786 4804 4825 -1 4822 4799 4816 -1 4802 4826 4801 -1 4805 4827 4819 -1 4815 4827 4805 -1 4792 4770 4828 -1 4814 4764 4829 -1 4764 4785 4829 -1 4812 4772 4801 -1 4797 4790 4830 -1 4829 4785 4821 -1 4762 4812 4811 -1 4792 4831 4798 -1 4806 4807 4832 -1 4818 4819 4833 -1 4770 4788 4828 -1 4833 4819 4834 -1 4827 4815 4822 -1 4819 4827 4834 -1 4796 4828 4788 -1 4797 4830 4823 -1 4790 4808 4830 -1 4800 4809 4817 -1 4808 4765 4835 -1 4791 4798 4836 -1 4831 4836 4798 -1 4813 4806 4837 -1 4837 4806 4832 -1 4807 4795 4838 -1 4816 4793 4839 -1 4793 4814 4839 -1 4825 4804 4840 -1 4835 4765 4824 -1 4840 4804 4818 -1 4818 4833 4840 -1 4832 4807 4841 -1 4822 4816 4842 -1 4839 4842 4816 -1 4812 4801 4826 -1 4823 4843 4795 -1 4844 4814 4829 -1 4820 4845 4796 -1 4800 4820 4789 -1 4846 4823 4830 -1 4792 4828 4831 -1 4843 4841 4807 -1 4807 4838 4843 -1 4795 4843 4838 -1 4840 4833 4847 -1 4796 4845 4828 -1 4830 4808 4846 -1 4800 4817 4848 -1 4810 4825 4849 -1 4811 4812 4850 -1 4822 4851 4827 -1 4791 4836 4852 -1 4840 4853 4825 -1 4812 4826 4854 -1 4842 4839 4855 -1 4844 4839 4814 -1 4834 4827 4851 -1 4817 4849 4848 -1 4817 4810 4849 -1 4835 4824 4852 -1 4824 4791 4852 -1 4802 4856 4826 -1 4802 4857 4856 -1 4832 4858 4837 -1 4853 4840 4847 -1 4847 4833 4859 -1 4829 4821 4844 -1 4850 4812 4854 -1 4820 4800 4860 -1 4854 4826 4856 -1 4849 4825 4861 -1 4858 4832 4841 -1 4811 4850 4821 -1 4843 4823 4862 -1 4859 4833 4834 -1 4846 4862 4823 -1 4856 4857 4863 -1 4864 4849 4861 -1 4861 4825 4853 -1 4822 4842 4865 -1 4866 4844 4821 -1 4834 4851 4867 -1 4855 4839 4844 -1 4800 4848 4860 -1 4848 4849 4864 -1 4851 4822 4865 -1 4843 4868 4841 -1 4855 4844 4866 -1 4828 4845 4869 -1 4869 4831 4828 -1 4845 4820 4870 -1 4871 4846 4872 -1 4872 4808 4835 -1 4846 4808 4872 -1 4842 4855 4873 -1 4874 4821 4850 -1 4859 4853 4847 -1 4859 4834 4867 -1 4868 4843 4862 -1 4862 4846 4871 -1 4860 4870 4820 -1 4875 4854 4856 -1 4851 4876 4877 -1 4851 4865 4876 -1 4865 4842 4873 -1 4853 4859 4878 -1 4855 4866 4879 -1 4872 4835 4880 -1 4848 4864 4881 -1 4864 4861 4882 -1 4866 4821 4883 -1 4836 4831 4884 -1 4850 4854 4875 -1 4867 4851 4877 -1 4821 4874 4883 -1 4866 4885 4886 -1 4861 4853 4878 -1 4873 4855 4879 -1 4859 4867 4887 -1 4888 4872 4889 -1 4835 4852 4880 -1 4852 4836 4890 -1 4836 4884 4890 -1 4866 4886 4879 -1 4884 4831 4891 -1 4866 4883 4885 -1 4874 4850 4892 -1 4850 4875 4892 -1 4887 4867 4877 -1 4868 4862 4871 -1 4893 4831 4869 -1 4871 4872 4888 -1 4869 4845 4870 -1 4889 4872 4880 -1 4881 4864 4882 -1 4831 4893 4891 -1 4878 4859 4887 -1 4848 4881 4860 -1 4865 4873 4876 -1 4892 4894 4874 -1 4879 4895 4873 -1 4896 4869 4870 -1 4870 4860 4896 -1 4876 4873 4897 -1 4883 4874 4894 -1 4878 4887 4898 -1 4887 4877 4899 -1 4896 4893 4869 -1 4888 4900 4871 -1 4896 4860 4901 -1 4860 4881 4901 -1 4880 4852 4890 -1 4873 4895 4902 -1 4897 4873 4902 -1 4879 4886 4895 -1 4899 4877 4903 -1 4901 4881 4904 -1 4877 4876 4903 -1 4861 4905 4882 -1 4861 4878 4905 -1 4885 4883 4906 -1 4906 4883 4894 -1 4898 4887 4907 -1 4887 4899 4907 -1 4892 4875 4908 -1 4884 4909 4890 -1 4882 4910 4881 -1 4895 4886 4911 -1 4896 4912 4893 -1 4894 4892 4913 -1 4892 4908 4913 -1 4903 4876 4914 -1 4904 4881 4910 -1 4876 4897 4914 -1 4905 4910 4882 -1 4905 4878 4898 -1 4911 4902 4895 -1 4889 4880 4915 -1 4916 4898 4907 -1 4890 4909 4880 -1 4909 4884 4917 -1 4888 4918 4900 -1 4919 4901 4904 -1 4888 4889 4918 -1 4917 4884 4891 -1 4893 4912 4891 -1 4896 4920 4912 -1 4903 4921 4907 -1 4899 4903 4907 -1 4885 4906 4886 -1 4922 4921 4903 -1 4914 4897 4902 -1 4916 4921 4923 -1 4916 4907 4921 -1 4880 4909 4915 -1 4894 4924 4906 -1 4925 4917 4891 -1 4896 4919 4920 -1 4896 4901 4919 -1 4918 4889 4926 -1 4889 4915 4926 -1 4894 4927 4924 -1 4913 4927 4894 -1 4922 4903 4914 -1 4891 4912 4925 -1 4886 4906 4911 -1 4906 4924 4928 -1 4910 4929 4930 -1 4913 4908 4931 -1 4909 4917 4932 -1 4916 4905 4898 -1 4923 4933 4916 -1 4908 4934 4931 -1 4920 4935 4912 -1 4920 4919 4935 -1 4906 4936 4911 -1 4918 4926 4937 -1 4904 4910 4930 -1 4915 4909 4932 -1 4924 4927 4938 -1 4902 4911 4939 -1 4905 4940 4910 -1 4905 4941 4940 -1 4914 4902 4939 -1 4911 4936 4942 -1 4943 4923 4921 -1 4927 4913 4931 -1 4943 4921 4922 -1 4929 4910 4940 -1 4944 4943 4922 -1 4914 4944 4922 -1 4905 4916 4941 -1 4911 4945 4939 -1 4934 4946 4931 -1 4923 4943 4933 -1 4942 4945 4911 -1 4919 4904 4947 -1 4930 4947 4904 -1 4948 4915 4932 -1 4938 4927 4949 -1 4914 4939 4944 -1 4950 4929 4940 -1 4931 4949 4927 -1 4932 4917 4925 -1 4916 4933 4941 -1 4943 4951 4933 -1 4900 4918 4952 -1 4935 4919 4953 -1 4928 4936 4906 -1 4926 4915 4948 -1 4929 4950 4930 -1 4954 4944 4939 -1 4925 4912 4955 -1 4954 4939 4945 -1 4935 4955 4912 -1 4933 4951 4941 -1 4945 4942 4956 -1 4919 4947 4953 -1 4924 4938 4957 -1 4946 4949 4931 -1 4936 4928 4957 -1 4928 4924 4957 -1 4947 4930 4958 -1 4959 4950 4940 -1 4954 4960 4944 -1 4954 4945 4956 -1 4955 4935 4961 -1 4935 4953 4961 -1 4962 4942 4936 -1 4956 4942 4962 -1 4958 4930 4963 -1 4926 4948 4964 -1 4963 4930 4950 -1 4938 4949 4965 -1 4949 4946 4965 -1 4941 4966 4940 -1 4943 4944 4951 -1 4932 4925 4967 -1 4953 4947 4968 -1 4968 4947 4958 -1 4937 4926 4964 -1 4967 4925 4969 -1 4925 4955 4969 -1 4936 4957 4970 -1 4940 4966 4971 -1 4969 4955 4961 -1 4954 4956 4972 -1 4956 4962 4973 -1 4953 4968 4974 -1 4957 4938 4965 -1 4948 4932 4975 -1 4976 4958 4963 -1 4962 4936 4970 -1 4963 4950 4959 -1 4959 4940 4977 -1 4951 4966 4941 -1 4951 4944 4978 -1 4960 4954 4972 -1 4972 4956 4973 -1 4961 4953 4979 -1 4979 4953 4974 -1 4974 4968 4976 -1 4976 4968 4958 -1 4959 4980 4963 -1 4944 4960 4978 -1 4966 4951 4981 -1 4964 4948 4975 -1 4951 4978 4981 -1 4978 4960 4982 -1 4979 4974 4983 -1 4976 4963 4984 -1 4984 4963 4980 -1 4985 4957 4965 -1 4970 4986 4962 -1 4940 4971 4977 -1 4957 4987 4970 -1 4981 4978 4982 -1 4983 4974 4988 -1 4974 4976 4988 -1 4984 4989 4976 -1 4975 4932 4967 -1 4971 4966 4990 -1 4990 4966 4981 -1 4991 4986 4970 -1 4962 4986 4973 -1 4991 4970 4987 -1 4979 4983 4992 -1 4988 4976 4989 -1 4973 4993 4972 -1 4980 4959 4994 -1 4959 4977 4994 -1 4967 4969 4995 -1 4987 4985 4996 -1 4985 4987 4957 -1 4985 4997 4996 -1 4995 4969 4961 -1 4960 4972 4993 -1 4983 4998 4992 -1 4983 4988 4998 -1 4964 4975 4999 -1 4973 4986 5000 -1 4990 5001 4971 -1 4975 4967 5002 -1 4961 4979 4992 -1 4981 4982 5003 -1 4998 4988 5004 -1 4988 4989 5004 -1 4982 4960 4993 -1 4984 4980 5005 -1 5006 4984 5005 -1 4975 5002 4999 -1 4991 4987 5007 -1 5001 4977 4971 -1 4990 4981 5001 -1 5003 4982 5008 -1 4982 4993 5008 -1 4993 4973 5009 -1 5006 4989 4984 -1 4996 4997 5010 -1 5007 4987 4996 -1 4994 5005 4980 -1 4967 4995 5002 -1 4961 4992 4995 -1 5011 4986 4991 -1 5012 5008 4993 -1 5005 4994 5013 -1 4981 5003 5001 -1 4995 5014 5002 -1 5014 4995 4992 -1 5004 4989 5015 -1 4989 5006 5015 -1 5003 5016 5001 -1 4992 5017 5014 -1 5004 5018 4998 -1 5007 4996 5019 -1 5020 4973 5000 -1 5021 5000 5022 -1 5010 5019 4996 -1 4977 5001 5023 -1 5016 5023 5001 -1 5016 5003 5008 -1 5000 4986 5011 -1 4993 5009 5012 -1 5008 5012 5024 -1 5009 4973 5020 -1 5006 5005 5025 -1 5026 5025 5005 -1 4994 4977 5013 -1 5027 4999 5002 -1 5016 5008 5024 -1 5028 5011 4991 -1 4991 5007 5028 -1 4998 5017 4992 -1 5029 5023 5016 -1 5024 5029 5016 -1 5019 5030 5007 -1 5031 5004 5015 -1 5009 5020 5032 -1 5002 5014 5033 -1 5019 5010 5034 -1 5026 5005 5013 -1 4998 5018 5017 -1 5021 5020 5000 -1 5028 5035 5011 -1 5007 5036 5028 -1 5030 5036 5007 -1 5031 5018 5004 -1 5037 5012 5009 -1 5000 5035 5022 -1 5000 5011 5035 -1 5027 5002 5033 -1 5033 5014 5017 -1 5038 5020 5021 -1 5022 5038 5021 -1 5015 5039 5031 -1 5040 5015 5006 -1 5025 5040 5006 -1 5034 5030 5019 -1 5041 5025 5026 -1 5013 4977 5023 -1 5012 5037 5024 -1 5032 5020 5038 -1 5017 5018 5042 -1 5022 5035 5043 -1 5040 5025 5044 -1 5025 5041 5044 -1 5013 5041 5026 -1 5037 5009 5032 -1 5033 5017 5042 -1 5024 5037 5029 -1 5045 5046 5013 -1 5013 5023 5045 -1 5042 5018 5047 -1 5047 5018 5031 -1 5046 5045 5037 -1 5039 5015 5048 -1 5029 5045 5023 -1 5037 5045 5029 -1 5022 5043 5049 -1 5040 5048 5015 -1 5033 5050 5027 -1 5013 5051 5041 -1 5046 5051 5013 -1 5046 5052 5051 -1 5053 5042 5047 -1 5038 5022 5054 -1 5052 5055 5051 -1 5046 5037 5052 -1 5047 5031 5056 -1 5054 5022 5049 -1 5055 5052 5057 -1 5058 5055 5057 -1 5052 5032 5057 -1 5044 5041 5051 -1 5057 5032 5038 -1 5051 5055 5059 -1 5037 5032 5052 -1 5048 5040 5060 -1 5044 5061 5040 -1 5057 5054 5058 -1 5054 5057 5038 -1 5051 5059 5044 -1 5059 5055 5062 -1 5055 5058 5062 -1 5049 5043 5063 -1 5049 5058 5054 -1 5061 5044 5059 -1 5033 5042 5064 -1 5064 5042 5053 -1 5053 5047 5056 -1 5061 5060 5040 -1 5059 5062 5065 -1 5063 5066 5049 -1 5050 5033 5064 -1 5062 5058 5066 -1 5058 5049 5066 -1 5059 5065 5061 -1 5060 5061 5065 -1 5062 5066 5065 -1 5067 5068 5069 -1 5070 5068 5067 -1 5071 5070 5067 -1 5072 5073 5074 -1 5075 5071 5067 -1 5069 5072 5074 -1 5067 5069 5076 -1 5077 5074 5073 -1 5074 5076 5069 -1 5075 5067 5078 -1 5073 5079 5080 -1 5067 5076 5078 -1 5081 5075 5078 -1 5076 5074 5082 -1 5082 5074 5077 -1 5073 5080 5083 -1 5084 5078 5076 -1 5082 5084 5076 -1 5075 5081 5085 -1 5077 5073 5083 -1 5084 5086 5078 -1 5081 5087 5085 -1 5081 5078 5086 -1 5081 5086 5088 -1 5084 5082 5089 -1 5082 5077 5090 -1 5087 5081 5088 -1 5091 5083 5080 -1 5086 5084 5089 -1 5092 5089 5082 -1 5092 5082 5090 -1 5092 5090 5093 -1 5089 5094 5086 -1 5088 5086 5094 -1 5085 5087 5095 -1 5095 5096 5085 -1 5089 5092 5097 -1 5097 5094 5089 -1 5093 5097 5092 -1 5095 5087 5098 -1 5087 5088 5094 -1 5090 5077 5083 -1 5099 5090 5083 -1 5096 5095 5100 -1 5087 5094 5098 -1 5095 5098 5100 -1 5101 5097 5093 -1 5099 5102 5090 -1 5103 5093 5090 -1 5098 5094 5104 -1 5094 5097 5105 -1 5105 5097 5101 -1 5105 5104 5094 -1 5096 5100 5106 -1 5098 5104 5100 -1 5103 5090 5102 -1 5093 5107 5101 -1 5103 5107 5093 -1 5091 5108 5083 -1 5101 5109 5105 -1 5105 5109 5110 -1 5105 5110 5104 -1 5111 5109 5101 -1 5111 5101 5107 -1 5110 5100 5104 -1 5096 5106 5112 -1 5108 5091 5113 -1 5108 5099 5083 -1 5114 5107 5103 -1 5106 5100 5110 -1 5103 5102 5115 -1 5115 5114 5103 -1 5107 5114 5111 -1 5112 5106 5116 -1 5117 5109 5111 -1 5106 5110 5118 -1 5118 5110 5109 -1 5114 5117 5111 -1 5115 5102 5119 -1 5118 5109 5120 -1 5109 5117 5120 -1 5102 5099 5119 -1 5108 5113 5121 -1 5118 5120 5122 -1 5123 5106 5118 -1 5108 5124 5099 -1 5115 5119 5125 -1 5120 5117 5126 -1 5126 5117 5114 -1 5124 5127 5099 -1 5126 5114 5115 -1 5123 5118 5128 -1 5128 5118 5122 -1 5106 5123 5116 -1 5116 5129 5130 -1 5131 5130 5129 -1 5129 5116 5132 -1 5099 5127 5119 -1 5124 5108 5121 -1 5127 5124 5133 -1 5134 5121 5135 -1 5134 5124 5121 -1 5126 5115 5125 -1 5127 5125 5119 -1 5122 5120 5126 -1 5122 5136 5128 -1 5132 5116 5123 -1 5129 5137 5131 -1 5138 5131 5137 -1 5139 5131 5138 -1 5140 5139 5138 -1 5129 5132 5141 -1 5142 5135 5121 -1 5122 5126 5143 -1 5144 5126 5125 -1 5143 5136 5122 -1 5143 5126 5144 -1 5128 5136 5145 -1 5125 5127 5146 -1 5124 5134 5147 -1 5133 5124 5147 -1 5144 5148 5143 -1 5143 5148 5136 -1 5140 5138 5149 -1 5150 5137 5151 -1 5129 5151 5137 -1 5129 5141 5151 -1 5146 5152 5125 -1 5145 5136 5153 -1 5153 5136 5148 -1 5123 5154 5132 -1 5128 5154 5123 -1 5145 5154 5128 -1 5147 5134 5135 -1 5144 5125 5152 -1 5155 5154 5145 -1 5155 5145 5153 -1 5127 5133 5156 -1 5127 5156 5146 -1 5154 5157 5132 -1 5158 5132 5157 -1 5149 5138 5159 -1 5159 5137 5150 -1 5138 5137 5159 -1 5149 5160 5140 -1 5132 5158 5141 -1 5151 5141 5158 -1 5161 5148 5144 -1 5147 5135 5162 -1 5147 5163 5133 -1 5155 5153 5164 -1 5158 5157 5165 -1 5144 5152 5161 -1 5153 5148 5166 -1 5166 5148 5161 -1 5164 5153 5166 -1 5167 5158 5165 -1 5155 5164 5154 -1 5157 5154 5164 -1 5150 5151 5167 -1 5167 5151 5158 -1 5168 5149 5159 -1 5161 5152 5169 -1 5164 5166 5170 -1 5169 5152 5146 -1 5146 5156 5171 -1 5163 5156 5133 -1 5164 5172 5157 -1 5172 5164 5170 -1 5142 5173 5135 -1 5147 5162 5174 -1 5175 5150 5167 -1 5150 5175 5176 -1 5157 5172 5165 -1 5150 5176 5159 -1 5168 5177 5149 -1 5178 5177 5168 -1 5177 5160 5149 -1 5159 5176 5168 -1 5173 5162 5135 -1 5179 5166 5161 -1 5170 5166 5179 -1 5180 5170 5179 -1 5170 5180 5172 -1 5181 5173 5142 -1 5171 5156 5163 -1 5161 5182 5179 -1 5183 5180 5179 -1 5167 5184 5175 -1 5185 5161 5169 -1 5165 5172 5186 -1 5165 5184 5167 -1 5186 5184 5165 -1 5183 5179 5187 -1 5180 5186 5172 -1 5146 5171 5169 -1 5188 5186 5180 -1 5187 5179 5182 -1 5184 5189 5175 -1 5176 5175 5189 -1 5168 5176 5190 -1 5186 5191 5184 -1 5189 5184 5191 -1 5186 5188 5191 -1 5177 5178 5192 -1 5193 5194 5195 -1 5160 5193 5195 -1 5193 5177 5196 -1 5160 5177 5193 -1 5178 5168 5190 -1 5194 5197 5198 -1 5181 5199 5173 -1 5200 5162 5173 -1 5147 5201 5163 -1 5171 5163 5202 -1 5174 5201 5147 -1 5182 5161 5185 -1 5190 5176 5189 -1 5200 5174 5162 -1 5201 5202 5163 -1 5180 5183 5188 -1 5173 5199 5203 -1 5173 5204 5200 -1 5182 5185 5205 -1 5191 5206 5207 -1 5183 5208 5188 -1 5182 5209 5187 -1 5169 5205 5185 -1 5191 5207 5189 -1 5189 5207 5190 -1 5193 5210 5194 -1 5211 5210 5193 -1 5177 5192 5196 -1 5211 5193 5196 -1 5194 5210 5197 -1 5212 5197 5213 -1 5198 5197 5212 -1 5183 5187 5214 -1 5191 5188 5206 -1 5203 5199 5215 -1 5188 5208 5206 -1 5183 5216 5208 -1 5174 5200 5217 -1 5218 5202 5201 -1 5214 5187 5209 -1 5219 5220 5221 -1 5222 5219 5221 -1 5223 5220 5219 -1 5224 5219 5222 -1 5225 5207 5206 -1 5226 5183 5214 -1 5216 5183 5226 -1 5227 5190 5228 -1 5205 5169 5229 -1 5207 5228 5190 -1 5190 5227 5178 -1 5230 5212 5213 -1 5178 5231 5192 -1 5231 5178 5227 -1 5210 5213 5197 -1 5204 5173 5203 -1 5201 5174 5217 -1 5220 5223 5232 -1 5233 5202 5218 -1 5169 5171 5229 -1 5182 5205 5209 -1 5224 5222 5234 -1 5235 5224 5234 -1 5206 5208 5225 -1 5236 5216 5226 -1 5237 5203 5215 -1 5228 5207 5238 -1 5204 5217 5200 -1 5218 5201 5217 -1 5171 5202 5239 -1 5239 5229 5171 -1 5236 5208 5216 -1 5207 5225 5238 -1 5209 5240 5214 -1 5241 5220 5232 -1 5242 5221 5220 -1 5243 5222 5221 -1 5244 5221 5242 -1 5221 5244 5243 -1 5222 5243 5245 -1 5222 5245 5234 -1 5229 5239 5246 -1 5241 5242 5220 -1 5241 5232 5247 -1 5225 5208 5236 -1 5234 5245 5248 -1 5240 5209 5249 -1 5242 5241 5250 -1 5214 5240 5251 -1 5247 5250 5241 -1 5225 5236 5252 -1 5234 5248 5253 -1 5235 5234 5253 -1 5235 5253 5254 -1 5228 5238 5255 -1 5227 5228 5256 -1 5257 5231 5258 -1 5227 5259 5231 -1 5196 5192 5257 -1 5257 5192 5231 -1 5260 5261 5213 -1 5213 5210 5260 -1 5211 5260 5210 -1 5262 5260 5211 -1 5230 5213 5263 -1 5262 5211 5264 -1 5265 5230 5263 -1 5264 5211 5196 -1 5263 5213 5261 -1 5264 5196 5257 -1 5233 5239 5202 -1 5252 5236 5226 -1 5238 5225 5252 -1 5266 5244 5242 -1 5267 5243 5244 -1 5268 5269 5267 -1 5243 5267 5245 -1 5226 5214 5251 -1 5270 5238 5252 -1 5255 5238 5270 -1 5271 5254 5253 -1 5267 5269 5272 -1 5273 5217 5204 -1 5267 5244 5268 -1 5245 5267 5272 -1 5248 5245 5272 -1 5274 5230 5275 -1 5230 5265 5275 -1 5276 5256 5228 -1 5265 5263 5261 -1 5259 5227 5277 -1 5227 5256 5277 -1 5261 5260 5278 -1 5249 5209 5205 -1 5231 5259 5258 -1 5279 5257 5280 -1 5280 5257 5258 -1 5270 5252 5281 -1 5282 5204 5203 -1 5268 5283 5269 -1 5218 5217 5273 -1 5284 5250 5247 -1 5266 5242 5250 -1 5285 5284 5247 -1 5248 5272 5286 -1 5252 5226 5281 -1 5237 5282 5203 -1 5284 5285 5287 -1 5228 5255 5276 -1 5268 5288 5283 -1 5246 5239 5289 -1 5290 5272 5269 -1 5286 5272 5290 -1 5244 5266 5268 -1 5266 5250 5291 -1 5265 5261 5292 -1 5278 5292 5261 -1 5262 5278 5260 -1 5264 5293 5262 -1 5293 5264 5294 -1 5264 5279 5294 -1 5279 5264 5257 -1 5248 5286 5295 -1 5255 5270 5276 -1 5296 5250 5284 -1 5204 5297 5273 -1 5298 5283 5299 -1 5298 5269 5283 -1 5268 5266 5300 -1 5288 5268 5300 -1 5240 5249 5301 -1 5251 5240 5301 -1 5302 5295 5286 -1 5251 5281 5226 -1 5276 5270 5303 -1 5276 5304 5256 -1 5305 5284 5287 -1 5269 5298 5290 -1 5288 5299 5283 -1 5286 5290 5302 -1 5291 5300 5266 -1 5259 5277 5306 -1 5307 5265 5292 -1 5249 5205 5308 -1 5309 5278 5262 -1 5262 5293 5309 -1 5280 5310 5279 -1 5294 5279 5310 -1 5311 5280 5258 -1 5312 5313 5314 -1 5312 5314 5300 -1 5291 5315 5312 -1 5305 5296 5284 -1 5310 5313 5312 -1 5291 5312 5300 -1 5316 5310 5312 -1 5316 5312 5315 -1 5218 5273 5317 -1 5250 5296 5318 -1 5239 5233 5319 -1 5239 5319 5289 -1 5320 5271 5253 -1 5321 5229 5246 -1 5205 5229 5321 -1 5322 5277 5256 -1 5322 5256 5304 -1 5281 5323 5270 -1 5288 5314 5299 -1 5300 5314 5288 -1 5299 5324 5298 -1 5298 5325 5326 -1 5290 5298 5326 -1 5327 5295 5302 -1 5282 5237 5328 -1 5315 5329 5316 -1 5274 5275 5330 -1 5331 5274 5330 -1 5248 5295 5320 -1 5332 5333 5334 -1 5320 5253 5248 -1 5291 5250 5318 -1 5233 5218 5335 -1 5319 5233 5335 -1 5303 5304 5276 -1 5308 5205 5321 -1 5306 5277 5322 -1 5281 5251 5336 -1 5325 5337 5326 -1 5303 5270 5323 -1 5305 5338 5296 -1 5305 5287 5339 -1 5316 5293 5294 -1 5316 5294 5310 -1 5259 5306 5258 -1 5340 5275 5265 -1 5340 5265 5307 -1 5307 5292 5341 -1 5309 5342 5278 -1 5292 5343 5341 -1 5278 5343 5292 -1 5309 5293 5344 -1 5293 5345 5344 -1 5258 5346 5311 -1 5311 5347 5310 -1 5280 5311 5310 -1 5310 5347 5313 -1 5345 5293 5316 -1 5345 5316 5329 -1 5348 5349 5332 -1 5349 5350 5332 -1 5275 5340 5351 -1 5352 5353 5350 -1 5295 5327 5354 -1 5341 5352 5355 -1 5352 5341 5343 -1 5320 5295 5354 -1 5332 5350 5353 -1 5318 5296 5356 -1 5352 5357 5353 -1 5357 5352 5343 -1 5258 5306 5358 -1 5359 5357 5343 -1 5360 5353 5357 -1 5336 5251 5301 -1 5357 5361 5360 -1 5361 5357 5359 -1 5325 5362 5337 -1 5363 5364 5365 -1 5337 5366 5326 -1 5365 5364 5367 -1 5290 5326 5366 -1 5368 5314 5313 -1 5348 5369 5349 -1 5299 5314 5324 -1 5314 5368 5324 -1 5298 5324 5325 -1 5313 5347 5368 -1 5350 5349 5370 -1 5204 5282 5297 -1 5291 5329 5315 -1 5318 5329 5291 -1 5353 5333 5332 -1 5275 5371 5330 -1 5338 5305 5372 -1 5373 5304 5374 -1 5339 5372 5305 -1 5353 5360 5333 -1 5350 5355 5352 -1 5356 5296 5338 -1 5334 5333 5375 -1 5304 5373 5322 -1 5376 5271 5320 -1 5377 5333 5360 -1 5360 5361 5377 -1 5378 5361 5359 -1 5363 5361 5378 -1 5378 5379 5363 -1 5337 5322 5373 -1 5377 5375 5333 -1 5367 5375 5377 -1 5373 5366 5337 -1 5366 5373 5380 -1 5378 5381 5379 -1 5361 5363 5365 -1 5323 5281 5336 -1 5271 5376 5382 -1 5303 5374 5304 -1 5362 5325 5383 -1 5324 5383 5325 -1 5347 5311 5384 -1 5349 5369 5385 -1 5358 5346 5258 -1 5346 5384 5311 -1 5307 5386 5340 -1 5307 5341 5386 -1 5342 5343 5278 -1 5324 5387 5383 -1 5343 5342 5388 -1 5331 5330 5389 -1 5331 5389 5385 -1 5384 5346 5390 -1 5347 5384 5390 -1 5290 5366 5302 -1 5327 5302 5391 -1 5392 5340 5386 -1 5351 5371 5275 -1 5393 5372 5339 -1 5306 5383 5358 -1 5335 5218 5317 -1 5306 5362 5383 -1 5359 5394 5378 -1 5359 5343 5388 -1 5395 5378 5394 -1 5306 5322 5362 -1 5362 5322 5337 -1 5396 5378 5395 -1 5378 5396 5381 -1 5374 5380 5373 -1 5367 5377 5365 -1 5365 5377 5361 -1 5393 5396 5395 -1 5374 5303 5323 -1 5393 5395 5372 -1 5387 5358 5383 -1 5346 5358 5387 -1 5342 5309 5397 -1 5336 5398 5323 -1 5344 5345 5399 -1 5368 5347 5390 -1 5399 5345 5400 -1 5338 5372 5395 -1 5401 5328 5237 -1 5345 5329 5402 -1 5329 5403 5402 -1 5329 5318 5403 -1 5356 5403 5318 -1 5320 5354 5404 -1 5405 5330 5371 -1 5320 5404 5376 -1 5386 5341 5406 -1 5355 5350 5370 -1 5394 5359 5407 -1 5406 5355 5408 -1 5341 5355 5406 -1 5409 5359 5388 -1 5308 5321 5410 -1 5309 5344 5397 -1 5380 5374 5411 -1 5380 5412 5366 -1 5366 5412 5302 -1 5387 5390 5346 -1 5324 5368 5390 -1 5289 5319 5335 -1 5413 5408 5355 -1 5246 5289 5414 -1 5355 5370 5413 -1 5344 5399 5397 -1 5415 5249 5308 -1 5407 5359 5416 -1 5301 5417 5336 -1 5418 5395 5394 -1 5389 5330 5405 -1 5338 5395 5418 -1 5419 5349 5385 -1 5382 5376 5420 -1 5349 5419 5370 -1 5382 5420 5421 -1 5317 5273 5422 -1 5351 5340 5392 -1 5374 5323 5398 -1 5392 5386 5423 -1 5412 5380 5411 -1 5390 5387 5324 -1 5386 5406 5424 -1 5414 5321 5246 -1 5354 5327 5425 -1 5327 5391 5425 -1 5418 5426 5338 -1 5356 5338 5426 -1 5342 5427 5388 -1 5356 5426 5403 -1 5406 5408 5428 -1 5342 5397 5429 -1 5351 5392 5430 -1 5431 5376 5404 -1 5416 5359 5409 -1 5385 5389 5419 -1 5419 5389 5405 -1 5432 5394 5407 -1 5345 5402 5400 -1 5282 5328 5433 -1 5297 5282 5433 -1 5394 5432 5418 -1 5302 5412 5391 -1 5405 5434 5419 -1 5392 5423 5430 -1 5273 5297 5422 -1 5435 5411 5374 -1 5424 5423 5386 -1 5432 5436 5418 -1 5408 5413 5437 -1 5419 5434 5370 -1 5370 5434 5413 -1 5406 5428 5424 -1 5418 5436 5426 -1 5376 5431 5420 -1 5410 5415 5308 -1 5409 5388 5427 -1 5427 5342 5429 -1 5249 5415 5301 -1 5407 5438 5432 -1 5426 5439 5403 -1 5440 5422 5297 -1 5438 5441 5432 -1 5432 5441 5436 -1 5374 5398 5435 -1 5423 5424 5442 -1 5351 5430 5371 -1 5321 5414 5443 -1 5434 5437 5413 -1 5428 5408 5437 -1 5336 5444 5398 -1 5420 5445 5421 -1 5416 5446 5407 -1 5446 5438 5407 -1 5409 5427 5429 -1 5429 5397 5447 -1 5399 5400 5448 -1 5447 5397 5449 -1 5439 5426 5436 -1 5402 5450 5400 -1 5439 5450 5402 -1 5402 5403 5439 -1 5451 5441 5438 -1 5441 5451 5436 -1 5448 5449 5397 -1 5431 5404 5452 -1 5409 5446 5416 -1 5436 5453 5450 -1 5450 5439 5436 -1 5412 5411 5454 -1 5317 5455 5335 -1 5430 5456 5371 -1 5405 5371 5456 -1 5434 5405 5456 -1 5417 5301 5415 -1 5420 5431 5457 -1 5446 5409 5429 -1 5448 5453 5449 -1 5401 5458 5328 -1 5451 5449 5453 -1 5453 5436 5451 -1 5400 5450 5448 -1 5423 5459 5430 -1 5423 5442 5459 -1 5455 5317 5422 -1 5454 5411 5435 -1 5454 5391 5412 -1 5289 5335 5460 -1 5460 5414 5289 -1 5447 5446 5429 -1 5438 5447 5451 -1 5446 5447 5438 -1 5399 5448 5397 -1 5424 5428 5461 -1 5447 5449 5451 -1 5425 5404 5354 -1 5453 5448 5450 -1 5462 5417 5415 -1 5437 5461 5428 -1 5444 5417 5463 -1 5431 5452 5457 -1 5336 5417 5444 -1 5433 5440 5297 -1 5435 5398 5464 -1 5455 5460 5335 -1 5442 5424 5461 -1 5430 5459 5456 -1 5456 5437 5434 -1 5410 5462 5415 -1 5465 5425 5391 -1 5458 5433 5328 -1 5444 5464 5398 -1 5464 5466 5435 -1 5443 5414 5467 -1 5456 5468 5437 -1 5437 5468 5461 -1 5454 5435 5466 -1 5391 5454 5465 -1 5456 5459 5468 -1 5468 5459 5469 -1 5468 5469 5442 -1 5442 5461 5468 -1 5470 5410 5321 -1 5471 5404 5425 -1 5472 5457 5452 -1 5473 5445 5420 -1 5466 5465 5454 -1 5469 5459 5442 -1 5425 5465 5471 -1 5433 5458 5474 -1 5440 5433 5475 -1 5420 5457 5473 -1 5460 5467 5414 -1 5475 5433 5474 -1 5452 5404 5471 -1 5476 5455 5422 -1 5460 5455 5477 -1 5473 5457 5472 -1 5465 5466 5478 -1 5478 5471 5465 -1 5417 5462 5479 -1 5463 5417 5479 -1 5463 5480 5444 -1 5481 5482 5473 -1 5483 5466 5464 -1 5470 5321 5443 -1 5473 5472 5484 -1 5485 5452 5471 -1 5464 5444 5480 -1 5486 5482 5481 -1 5422 5440 5476 -1 5483 5464 5487 -1 5488 5471 5478 -1 5485 5471 5488 -1 5489 5458 5401 -1 5410 5470 5462 -1 5490 5463 5479 -1 5464 5480 5487 -1 5484 5481 5473 -1 5466 5483 5478 -1 5491 5474 5458 -1 5492 5475 5474 -1 5452 5484 5472 -1 5485 5484 5452 -1 5481 5484 5493 -1 5460 5477 5494 -1 5479 5462 5495 -1 5458 5489 5491 -1 5486 5481 5496 -1 5496 5481 5493 -1 5476 5440 5497 -1 5467 5460 5494 -1 5493 5484 5498 -1 5470 5495 5462 -1 5483 5487 5499 -1 5463 5500 5480 -1 5500 5501 5480 -1 5501 5487 5480 -1 5487 5501 5499 -1 5485 5498 5484 -1 5485 5488 5502 -1 5440 5475 5497 -1 5493 5498 5503 -1 5498 5485 5502 -1 5495 5504 5479 -1 5490 5479 5504 -1 5505 5506 5496 -1 5496 5507 5505 -1 5474 5491 5492 -1 5500 5463 5490 -1 5507 5496 5493 -1 5477 5455 5476 -1 5495 5470 5508 -1 5509 5478 5483 -1 5502 5488 5510 -1 5478 5510 5488 -1 5505 5511 5506 -1 5501 5500 5512 -1 5507 5493 5503 -1 5499 5509 5483 -1 5504 5512 5490 -1 5500 5490 5512 -1 5497 5475 5513 -1 5514 5498 5502 -1 5514 5502 5510 -1 5476 5494 5477 -1 5467 5494 5515 -1 5505 5516 5511 -1 5508 5504 5495 -1 5509 5510 5478 -1 5513 5475 5492 -1 5513 5517 5497 -1 5514 5503 5498 -1 5505 5507 5516 -1 5518 5512 5504 -1 5476 5497 5519 -1 5470 5443 5520 -1 5508 5470 5520 -1 5521 5510 5522 -1 5521 5514 5510 -1 5499 5501 5523 -1 5524 5509 5499 -1 5515 5443 5467 -1 5491 5489 5525 -1 5520 5526 5508 -1 5510 5509 5522 -1 5504 5508 5527 -1 5528 5529 5530 -1 5530 5511 5528 -1 5523 5501 5512 -1 5443 5515 5531 -1 5516 5528 5511 -1 5512 5532 5523 -1 5533 5514 5521 -1 5524 5499 5523 -1 5503 5514 5533 -1 5531 5520 5443 -1 5534 5513 5492 -1 5494 5476 5535 -1 5508 5526 5527 -1 5509 5524 5522 -1 5536 5528 5516 -1 5519 5497 5517 -1 5532 5512 5518 -1 5507 5537 5536 -1 5507 5536 5516 -1 5524 5523 5538 -1 5476 5519 5535 -1 5515 5494 5535 -1 5537 5507 5503 -1 5533 5537 5503 -1 5527 5518 5504 -1 5539 5517 5513 -1 5524 5538 5522 -1 5536 5540 5528 -1 5539 5513 5541 -1 5542 5543 5544 -1 5492 5491 5534 -1 5521 5545 5533 -1 5541 5513 5534 -1 5540 5529 5528 -1 5522 5545 5521 -1 5543 5529 5546 -1 5527 5547 5518 -1 5529 5540 5546 -1 5536 5537 5548 -1 5544 5549 5542 -1 5491 5525 5534 -1 5539 5550 5517 -1 5546 5544 5543 -1 5537 5533 5548 -1 5545 5522 5551 -1 5531 5526 5520 -1 5534 5525 5552 -1 5547 5527 5553 -1 5550 5519 5517 -1 5554 5555 5549 -1 5535 5556 5515 -1 5522 5538 5557 -1 5558 5541 5534 -1 5549 5544 5559 -1 5546 5540 5560 -1 5540 5536 5560 -1 5559 5544 5546 -1 5561 5555 5554 -1 5515 5556 5562 -1 5532 5518 5547 -1 5557 5551 5522 -1 5527 5526 5553 -1 5519 5563 5535 -1 5535 5564 5556 -1 5548 5560 5536 -1 5548 5533 5545 -1 5558 5534 5552 -1 5551 5548 5545 -1 5554 5565 5561 -1 5531 5515 5566 -1 5567 5552 5525 -1 5568 5532 5547 -1 5523 5532 5569 -1 5532 5568 5569 -1 5558 5539 5541 -1 5538 5523 5569 -1 5566 5526 5531 -1 5546 5570 5559 -1 5559 5571 5549 -1 5553 5572 5547 -1 5559 5570 5573 -1 5549 5571 5554 -1 5574 5546 5560 -1 5560 5548 5574 -1 5548 5551 5575 -1 5566 5515 5562 -1 5576 5553 5526 -1 5547 5572 5568 -1 5574 5570 5546 -1 5563 5519 5550 -1 5558 5577 5539 -1 5557 5538 5578 -1 5574 5548 5575 -1 5579 5576 5526 -1 5559 5573 5571 -1 5554 5571 5580 -1 5581 5554 5580 -1 5572 5553 5576 -1 5574 5582 5570 -1 5557 5575 5551 -1 5565 5554 5581 -1 5566 5579 5526 -1 5574 5575 5582 -1 5563 5564 5535 -1 5569 5568 5578 -1 5556 5564 5583 -1 5538 5569 5578 -1 5552 5567 5584 -1 5585 5565 5586 -1 5587 5588 5571 -1 5571 5573 5587 -1 5562 5556 5583 -1 5581 5586 5565 -1 5582 5589 5570 -1 5577 5558 5590 -1 5572 5576 5591 -1 5582 5575 5592 -1 5575 5557 5592 -1 5583 5564 5593 -1 5552 5584 5594 -1 5595 5576 5579 -1 5589 5573 5570 -1 5568 5572 5596 -1 5578 5568 5597 -1 5563 5593 5564 -1 5592 5557 5578 -1 5580 5571 5588 -1 5589 5582 5598 -1 5558 5552 5590 -1 5595 5591 5576 -1 5596 5572 5591 -1 5568 5596 5597 -1 5550 5539 5577 -1 5580 5588 5599 -1 5600 5589 5598 -1 5552 5594 5590 -1 5573 5600 5601 -1 5573 5589 5600 -1 5582 5592 5598 -1 5581 5580 5602 -1 5597 5603 5578 -1 5579 5562 5583 -1 5578 5603 5592 -1 5566 5562 5579 -1 5592 5603 5598 -1 5586 5581 5604 -1 5605 5585 5586 -1 5550 5606 5563 -1 5604 5581 5602 -1 5600 5598 5607 -1 5587 5573 5601 -1 5608 5579 5583 -1 5609 5587 5601 -1 5588 5587 5609 -1 5550 5577 5606 -1 5591 5610 5596 -1 5580 5599 5611 -1 5594 5584 5612 -1 5599 5588 5609 -1 5602 5580 5611 -1 5597 5596 5610 -1 5603 5607 5598 -1 5608 5613 5579 -1 5591 5595 5614 -1 5601 5600 5615 -1 5616 5600 5607 -1 5605 5586 5617 -1 5591 5614 5610 -1 5613 5595 5579 -1 5610 5618 5597 -1 5607 5603 5619 -1 5620 5621 5590 -1 5577 5590 5621 -1 5603 5597 5622 -1 5616 5615 5600 -1 5613 5608 5623 -1 5616 5607 5624 -1 5590 5594 5625 -1 5614 5595 5626 -1 5603 5622 5619 -1 5611 5599 5627 -1 5602 5611 5628 -1 5597 5618 5622 -1 5621 5606 5577 -1 5583 5593 5629 -1 5583 5623 5608 -1 5604 5602 5628 -1 5617 5586 5604 -1 5630 5601 5631 -1 5609 5601 5630 -1 5624 5607 5632 -1 5625 5594 5612 -1 5607 5619 5632 -1 5599 5609 5633 -1 5627 5599 5633 -1 5628 5611 5634 -1 5595 5635 5626 -1 5590 5625 5620 -1 5622 5618 5636 -1 5563 5606 5637 -1 5631 5601 5615 -1 5593 5563 5637 -1 5634 5611 5627 -1 5613 5623 5638 -1 5639 5604 5640 -1 5614 5641 5610 -1 5632 5619 5642 -1 5619 5622 5636 -1 5631 5615 5643 -1 5583 5629 5623 -1 5604 5628 5640 -1 5616 5624 5644 -1 5617 5604 5639 -1 5633 5609 5630 -1 5595 5613 5645 -1 5624 5632 5646 -1 5641 5614 5626 -1 5635 5595 5645 -1 5615 5616 5643 -1 5630 5631 5647 -1 5648 5625 5612 -1 5646 5632 5642 -1 5618 5610 5641 -1 5627 5633 5649 -1 5628 5634 5640 -1 5634 5627 5649 -1 5640 5634 5650 -1 5645 5613 5638 -1 5619 5636 5651 -1 5642 5619 5651 -1 5646 5644 5624 -1 5641 5626 5652 -1 5636 5618 5653 -1 5629 5593 5654 -1 5655 5617 5639 -1 5656 5630 5647 -1 5630 5656 5633 -1 5618 5641 5653 -1 5637 5654 5593 -1 5657 5636 5653 -1 5651 5636 5657 -1 5633 5658 5649 -1 5639 5640 5650 -1 5634 5649 5650 -1 5644 5659 5616 -1 5643 5616 5659 -1 5626 5635 5652 -1 5642 5651 5660 -1 5646 5642 5660 -1 5647 5631 5643 -1 5655 5639 5661 -1 5629 5662 5623 -1 5623 5662 5638 -1 5612 5663 5664 -1 5648 5612 5664 -1 5665 5644 5646 -1 5653 5641 5652 -1 5625 5648 5620 -1 5644 5665 5659 -1 5658 5633 5656 -1 5637 5606 5621 -1 5660 5666 5646 -1 5657 5667 5651 -1 5643 5659 5668 -1 5647 5643 5668 -1 5665 5646 5666 -1 5660 5651 5667 -1 5649 5658 5669 -1 5661 5639 5650 -1 5669 5658 5656 -1 5645 5638 5670 -1 5659 5665 5671 -1 5650 5649 5669 -1 5635 5645 5672 -1 5673 5668 5659 -1 5661 5674 5655 -1 5652 5635 5675 -1 5657 5653 5676 -1 5671 5665 5666 -1 5663 5677 5678 -1 5673 5679 5668 -1 5675 5635 5672 -1 5676 5653 5652 -1 5680 5666 5660 -1 5621 5681 5637 -1 5671 5673 5659 -1 5647 5668 5679 -1 5679 5682 5656 -1 5671 5666 5680 -1 5620 5648 5683 -1 5660 5667 5684 -1 5684 5680 5660 -1 5672 5645 5670 -1 5678 5677 5685 -1 5656 5647 5679 -1 5664 5663 5678 -1 5656 5682 5669 -1 5667 5657 5676 -1 5661 5650 5686 -1 5687 5648 5664 -1 5681 5621 5688 -1 5637 5689 5654 -1 5629 5654 5662 -1 5686 5650 5669 -1 5673 5671 5690 -1 5691 5652 5675 -1 5652 5691 5676 -1 5688 5621 5620 -1 5669 5682 5692 -1 5693 5684 5667 -1 5694 5638 5662 -1 5671 5680 5695 -1 5690 5671 5695 -1 5674 5661 5696 -1 5683 5648 5687 -1 5688 5620 5683 -1 5697 5684 5693 -1 5684 5697 5680 -1 5667 5676 5693 -1 5681 5689 5637 -1 5695 5680 5698 -1 5654 5689 5662 -1 5699 5676 5700 -1 5692 5682 5701 -1 5676 5691 5700 -1 5661 5686 5696 -1 5680 5697 5698 -1 5687 5664 5678 -1 5694 5662 5702 -1 5678 5685 5703 -1 5693 5676 5704 -1 5686 5669 5692 -1 5679 5673 5690 -1 5704 5676 5699 -1 5689 5681 5702 -1 5662 5689 5702 -1 5698 5697 5705 -1 5706 5703 5685 -1 5687 5678 5707 -1 5690 5695 5708 -1 5709 5682 5679 -1 5670 5710 5672 -1 5697 5693 5711 -1 5712 5686 5692 -1 5686 5713 5696 -1 5698 5705 5708 -1 5712 5713 5686 -1 5688 5683 5687 -1 5695 5698 5708 -1 5697 5711 5705 -1 5682 5709 5701 -1 5679 5690 5709 -1 5693 5704 5714 -1 5694 5670 5638 -1 5678 5703 5715 -1 5675 5672 5716 -1 5672 5710 5716 -1 5700 5691 5717 -1 5711 5693 5718 -1 5705 5711 5719 -1 5708 5705 5719 -1 5711 5718 5719 -1 5688 5720 5681 -1 5699 5700 5717 -1 5703 5706 5721 -1 5718 5693 5714 -1 5690 5708 5722 -1 5710 5670 5723 -1 5691 5675 5724 -1 5688 5687 5725 -1 5691 5724 5717 -1 5720 5702 5681 -1 5723 5670 5694 -1 5699 5726 5704 -1 5690 5722 5709 -1 5712 5692 5727 -1 5687 5707 5725 -1 5696 5713 5728 -1 5704 5726 5714 -1 5715 5703 5721 -1 5722 5708 5729 -1 5692 5701 5727 -1 5708 5719 5729 -1 5678 5730 5707 -1 5675 5716 5724 -1 5718 5714 5731 -1 5730 5678 5715 -1 5694 5702 5723 -1 5732 5709 5722 -1 5718 5731 5733 -1 5719 5718 5733 -1 5720 5688 5725 -1 5710 5723 5734 -1 5710 5734 5735 -1 5710 5735 5716 -1 5732 5736 5709 -1 5719 5733 5729 -1 5737 5724 5716 -1 5724 5737 5717 -1 5699 5717 5737 -1 5709 5736 5701 -1 5726 5699 5738 -1 5723 5702 5739 -1 5740 5723 5739 -1 5722 5729 5732 -1 5713 5712 5741 -1 5728 5713 5741 -1 5742 5743 5728 -1 5725 5707 5744 -1 5745 5737 5716 -1 5738 5699 5737 -1 5720 5739 5702 -1 5715 5721 5746 -1 5734 5723 5740 -1 5707 5730 5744 -1 5730 5715 5747 -1 5727 5701 5736 -1 5745 5716 5748 -1 5731 5714 5749 -1 5747 5715 5746 -1 5736 5750 5727 -1 5751 5743 5742 -1 5742 5728 5741 -1 5714 5726 5738 -1 5751 5742 5752 -1 5729 5733 5753 -1 5720 5754 5739 -1 5749 5714 5738 -1 5754 5740 5739 -1 5727 5750 5755 -1 5736 5732 5756 -1 5748 5716 5735 -1 5727 5755 5712 -1 5755 5741 5712 -1 5757 5746 5721 -1 5758 5744 5730 -1 5725 5744 5759 -1 5757 5721 5760 -1 5729 5753 5761 -1 5732 5729 5761 -1 5761 5762 5732 -1 5741 5755 5763 -1 5731 5749 5764 -1 5733 5731 5764 -1 5734 5740 5765 -1 5755 5750 5766 -1 5756 5732 5762 -1 5750 5736 5756 -1 5742 5741 5763 -1 5733 5764 5753 -1 5766 5750 5756 -1 5737 5745 5738 -1 5767 5725 5759 -1 5720 5725 5767 -1 5761 5753 5768 -1 5740 5754 5765 -1 5758 5730 5747 -1 5764 5749 5769 -1 5755 5766 5770 -1 5749 5738 5769 -1 5759 5744 5771 -1 5735 5734 5772 -1 5769 5738 5773 -1 5752 5742 5774 -1 5734 5765 5772 -1 5735 5772 5775 -1 5770 5763 5755 -1 5768 5753 5764 -1 5774 5742 5776 -1 5747 5746 5777 -1 5767 5754 5720 -1 5738 5745 5773 -1 5748 5735 5778 -1 5778 5735 5775 -1 5746 5757 5777 -1 5745 5748 5779 -1 5780 5758 5747 -1 5781 5765 5754 -1 5744 5758 5771 -1 5782 5775 5772 -1 5756 5762 5783 -1 5761 5784 5762 -1 5771 5758 5780 -1 5761 5768 5785 -1 5766 5756 5783 -1 5776 5742 5786 -1 5763 5786 5742 -1 5768 5764 5785 -1 5769 5773 5787 -1 5763 5770 5786 -1 5776 5786 5788 -1 5775 5782 5789 -1 5764 5769 5785 -1 5778 5775 5790 -1 5779 5748 5778 -1 5754 5767 5781 -1 5784 5761 5785 -1 5783 5762 5784 -1 5786 5770 5791 -1 5792 5770 5766 -1 5790 5775 5789 -1 5772 5765 5793 -1 5773 5745 5779 -1 5776 5788 5794 -1 5765 5781 5793 -1 5782 5772 5793 -1 5747 5777 5795 -1 5771 5796 5759 -1 5767 5759 5796 -1 5788 5786 5791 -1 5791 5770 5797 -1 5792 5766 5783 -1 5770 5792 5797 -1 5780 5747 5795 -1 5798 5794 5788 -1 5788 5791 5799 -1 5800 5769 5787 -1 5785 5769 5800 -1 5784 5785 5801 -1 5797 5792 5802 -1 5792 5783 5803 -1 5804 5784 5801 -1 5783 5784 5803 -1 5805 5767 5796 -1 5781 5767 5805 -1 5781 5805 5806 -1 5799 5791 5797 -1 5785 5800 5801 -1 5807 5798 5788 -1 5788 5799 5808 -1 5803 5784 5804 -1 5808 5807 5788 -1 5773 5779 5787 -1 5771 5809 5796 -1 5802 5792 5803 -1 5781 5806 5793 -1 5799 5797 5810 -1 5782 5811 5789 -1 5779 5778 5812 -1 5807 5808 5813 -1 5805 5796 5814 -1 5806 5811 5793 -1 5782 5793 5811 -1 5810 5797 5802 -1 5811 5806 5815 -1 5800 5787 5816 -1 5787 5779 5816 -1 5778 5790 5817 -1 5818 5796 5809 -1 5808 5799 5810 -1 5804 5801 5819 -1 5812 5778 5817 -1 5790 5789 5820 -1 5803 5821 5802 -1 5822 5802 5821 -1 5814 5796 5818 -1 5803 5804 5821 -1 5820 5789 5811 -1 5813 5808 5823 -1 5808 5810 5823 -1 5801 5800 5824 -1 5814 5806 5805 -1 5817 5790 5820 -1 5825 5802 5822 -1 5804 5819 5826 -1 5802 5825 5810 -1 5827 5813 5823 -1 5822 5821 5828 -1 5810 5825 5823 -1 5829 5804 5826 -1 5825 5822 5828 -1 5800 5816 5824 -1 5815 5806 5814 -1 5819 5801 5830 -1 5821 5804 5829 -1 5816 5779 5831 -1 5832 5812 5817 -1 5820 5811 5833 -1 5830 5834 5819 -1 5811 5815 5833 -1 5779 5812 5831 -1 5835 5828 5821 -1 5826 5819 5834 -1 5801 5824 5830 -1 5835 5821 5829 -1 5812 5832 5831 -1 5836 5837 5838 -1 5836 5838 5839 -1 5838 5840 5839 -1 5837 5841 5842 -1 5842 5841 5843 -1 5841 5837 5836 -1 5843 5841 5844 -1 5840 5845 5839 -1 5846 5847 5848 -1 5845 5840 5848 -1 5846 5849 5847 -1 5841 5836 5850 -1 5836 5839 5850 -1 5847 5849 5851 -1 5844 5841 5852 -1 5850 5839 5853 -1 5852 5841 5850 -1 5845 5848 5854 -1 5847 5855 5848 -1 5853 5839 5845 -1 5851 5849 5856 -1 5847 5851 5855 -1 5855 5854 5848 -1 5853 5845 5857 -1 5845 5854 5857 -1 5854 5855 5858 -1 5858 5855 5859 -1 5860 5854 5858 -1 5859 5855 5851 -1 5844 5852 5861 -1 5862 5853 5857 -1 5863 5850 5853 -1 5854 5860 5857 -1 5851 5856 5864 -1 5863 5853 5862 -1 5865 5861 5866 -1 5852 5850 5863 -1 5867 5865 5866 -1 5851 5868 5859 -1 5869 5870 5867 -1 5864 5856 5871 -1 5870 5869 5872 -1 5860 5862 5857 -1 5851 5864 5868 -1 5864 5871 5873 -1 5868 5864 5874 -1 5869 5875 5872 -1 5861 5852 5876 -1 5877 5858 5859 -1 5874 5864 5873 -1 5878 5852 5863 -1 5876 5852 5878 -1 5869 5867 5879 -1 5860 5858 5877 -1 5866 5861 5876 -1 5880 5859 5868 -1 5875 5869 5879 -1 5868 5874 5881 -1 5882 5867 5866 -1 5883 5884 5875 -1 5885 5884 5883 -1 5862 5886 5863 -1 5874 5873 5887 -1 5888 5866 5876 -1 5873 5889 5887 -1 5879 5867 5882 -1 5880 5868 5881 -1 5882 5866 5888 -1 5890 5885 5883 -1 5887 5891 5874 -1 5862 5860 5892 -1 5892 5860 5877 -1 5876 5878 5893 -1 5888 5876 5893 -1 5887 5889 5894 -1 5895 5882 5888 -1 5874 5891 5881 -1 5862 5892 5886 -1 5896 5887 5894 -1 5883 5875 5879 -1 5892 5877 5897 -1 5859 5880 5898 -1 5898 5880 5899 -1 5887 5896 5900 -1 5863 5886 5878 -1 5877 5859 5898 -1 5892 5901 5886 -1 5878 5886 5902 -1 5882 5895 5879 -1 5881 5903 5880 -1 5904 5879 5895 -1 5899 5880 5903 -1 5901 5902 5886 -1 5883 5879 5905 -1 5905 5879 5904 -1 5897 5877 5906 -1 5881 5891 5907 -1 5887 5900 5891 -1 5908 5883 5905 -1 5890 5883 5908 -1 5877 5898 5906 -1 5878 5902 5893 -1 5888 5893 5895 -1 5896 5909 5900 -1 5906 5898 5899 -1 5903 5881 5907 -1 5909 5896 5910 -1 5901 5911 5902 -1 5899 5903 5912 -1 5901 5892 5913 -1 5913 5892 5897 -1 5895 5893 5914 -1 5891 5915 5907 -1 5916 5902 5911 -1 5893 5902 5916 -1 5895 5914 5904 -1 5890 5908 5917 -1 5897 5906 5918 -1 5904 5919 5905 -1 5900 5920 5891 -1 5913 5897 5918 -1 5912 5903 5921 -1 5914 5919 5904 -1 5920 5915 5891 -1 5908 5905 5922 -1 5901 5913 5911 -1 5921 5903 5907 -1 5900 5909 5923 -1 5909 5910 5924 -1 5925 5893 5916 -1 5919 5922 5905 -1 5917 5908 5926 -1 5927 5906 5899 -1 5914 5928 5919 -1 5924 5923 5909 -1 5911 5929 5930 -1 5914 5893 5925 -1 5920 5900 5923 -1 5911 5913 5929 -1 5908 5922 5926 -1 5931 5917 5932 -1 5918 5906 5927 -1 5933 5914 5925 -1 5912 5927 5899 -1 5929 5913 5918 -1 5917 5926 5934 -1 5932 5917 5934 -1 5928 5922 5919 -1 5935 5931 5932 -1 5929 5918 5936 -1 5918 5927 5936 -1 5937 5916 5930 -1 5916 5911 5930 -1 5938 5922 5928 -1 5933 5928 5914 -1 5939 5924 5910 -1 5940 5927 5912 -1 5941 5921 5942 -1 5921 5907 5942 -1 5926 5922 5938 -1 5915 5920 5943 -1 5927 5940 5936 -1 5912 5921 5941 -1 5925 5916 5937 -1 5929 5936 5944 -1 5942 5907 5915 -1 5912 5941 5945 -1 5933 5925 5946 -1 5947 5928 5933 -1 5942 5915 5943 -1 5941 5942 5948 -1 5930 5929 5949 -1 5946 5925 5937 -1 5929 5944 5949 -1 5938 5928 5947 -1 5935 5932 5950 -1 5950 5951 5935 -1 5936 5940 5952 -1 5940 5912 5945 -1 5945 5941 5948 -1 5948 5942 5953 -1 5934 5926 5954 -1 5934 5955 5932 -1 5923 5924 5956 -1 5954 5926 5938 -1 5955 5934 5954 -1 5953 5942 5943 -1 5940 5957 5952 -1 5957 5940 5945 -1 5944 5936 5952 -1 5956 5924 5958 -1 5924 5939 5959 -1 5954 5938 5960 -1 5955 5954 5961 -1 5950 5932 5955 -1 5947 5933 5962 -1 5945 5948 5963 -1 5959 5958 5924 -1 5964 5959 5939 -1 5939 5965 5964 -1 5920 5923 5966 -1 5967 5964 5965 -1 5930 5949 5968 -1 5938 5947 5969 -1 5969 5960 5938 -1 5937 5930 5970 -1 5933 5946 5971 -1 5933 5971 5962 -1 5920 5966 5943 -1 5930 5968 5970 -1 5947 5962 5969 -1 5950 5972 5951 -1 5966 5923 5956 -1 5944 5952 5973 -1 5957 5973 5952 -1 5960 5961 5954 -1 5973 5957 5974 -1 5960 5969 5975 -1 5972 5950 5976 -1 5977 5958 5959 -1 5946 5937 5971 -1 5953 5963 5948 -1 5949 5978 5968 -1 5937 5970 5979 -1 5971 5937 5979 -1 5966 5980 5943 -1 5963 5957 5945 -1 5966 5956 5981 -1 5982 5981 5956 -1 5958 5982 5956 -1 5977 5982 5958 -1 5969 5962 5975 -1 5976 5983 5972 -1 5949 5944 5984 -1 5985 5964 5967 -1 5944 5973 5984 -1 5953 5943 5980 -1 5986 5977 5959 -1 5966 5987 5980 -1 5949 5984 5978 -1 5962 5971 5988 -1 5989 5950 5955 -1 5966 5981 5987 -1 5957 5990 5974 -1 5957 5963 5990 -1 5985 5991 5964 -1 5992 5960 5975 -1 5971 5979 5988 -1 5961 5993 5955 -1 5993 5989 5955 -1 5977 5994 5982 -1 5991 5959 5964 -1 5968 5995 5970 -1 5961 5960 5992 -1 5950 5989 5976 -1 5996 5974 5990 -1 5953 5980 5997 -1 5963 5953 5998 -1 5968 5978 5995 -1 5999 5975 5962 -1 5992 5975 5999 -1 5997 5980 6000 -1 5959 5991 5986 -1 5988 6001 5962 -1 5978 5984 6002 -1 5994 5977 6003 -1 5979 5970 6004 -1 6004 5970 5995 -1 5984 5973 6005 -1 5983 5976 6006 -1 5990 5963 5996 -1 5984 6005 6002 -1 6005 5973 5974 -1 5974 5996 6007 -1 5994 6008 5982 -1 6003 5977 5986 -1 5995 5978 6002 -1 5986 5991 6009 -1 5991 5985 6010 -1 6006 5976 5989 -1 6011 5983 6006 -1 5996 5963 5998 -1 5998 5953 5997 -1 5981 5982 6008 -1 6001 5999 5962 -1 5987 6000 5980 -1 6004 5995 6012 -1 6002 6013 5995 -1 6014 5961 5992 -1 5991 6010 6009 -1 5996 5998 6015 -1 6016 5997 6000 -1 5987 5981 6017 -1 6003 6008 5994 -1 6001 5988 6018 -1 6005 5974 6007 -1 6001 6019 5999 -1 6007 5996 6015 -1 6010 6020 6021 -1 6015 5998 5997 -1 6013 6012 5995 -1 6018 5988 6022 -1 6014 5992 5999 -1 5993 5961 6014 -1 6006 5989 6023 -1 6023 6024 6006 -1 6001 6018 6019 -1 6014 5999 6019 -1 6009 6010 6021 -1 6005 6007 6025 -1 5993 6023 5989 -1 6013 6002 6026 -1 5988 5979 6022 -1 6027 6003 5986 -1 6027 5986 6009 -1 6002 6005 6025 -1 6011 6006 6024 -1 6022 5979 6004 -1 6028 6007 6015 -1 6015 5997 6029 -1 6030 6021 6020 -1 6024 6023 6031 -1 5997 6016 6029 -1 6017 5981 6008 -1 6016 6000 6032 -1 6027 6033 6003 -1 6018 6022 6034 -1 6035 6023 5993 -1 6000 5987 6036 -1 6037 6030 6020 -1 6038 6037 6020 -1 6002 6025 6026 -1 6024 6031 6039 -1 6017 6036 5987 -1 6004 6012 6040 -1 6041 5993 6014 -1 6008 6003 6033 -1 6025 6007 6042 -1 6012 6013 6043 -1 6044 6034 6022 -1 6015 6045 6028 -1 6019 6041 6014 -1 6041 6035 5993 -1 6023 6035 6046 -1 6016 6032 6029 -1 6008 6047 6017 -1 6044 6004 6040 -1 6022 6004 6044 -1 6019 6018 6048 -1 6026 6025 6049 -1 6024 6039 6050 -1 6031 6023 6046 -1 6043 6013 6026 -1 6041 6019 6051 -1 6052 6008 6033 -1 6053 6015 6029 -1 6045 6015 6053 -1 6042 6007 6028 -1 6018 6034 6048 -1 6050 6039 6054 -1 6021 6055 6009 -1 6037 6038 6056 -1 6040 6012 6043 -1 6037 6057 6030 -1 6058 6051 6048 -1 6051 6019 6048 -1 6046 6035 6041 -1 6042 6049 6025 -1 6036 6017 6047 -1 6029 6032 6059 -1 6044 6040 6060 -1 6036 6061 6000 -1 6039 6031 6062 -1 6053 6029 6059 -1 6063 6050 6054 -1 6062 6031 6046 -1 6032 6000 6061 -1 6042 6028 6064 -1 6064 6028 6045 -1 6049 6042 6064 -1 6030 6057 6021 -1 6061 6065 6032 -1 6051 6066 6041 -1 6049 6043 6026 -1 6040 6043 6060 -1 6009 6055 6067 -1 6036 6047 6068 -1 6027 6009 6067 -1 6066 6069 6041 -1 6058 6048 6070 -1 6057 6037 6071 -1 6071 6037 6056 -1 6046 6041 6069 -1 6054 6039 6062 -1 6059 6032 6065 -1 6061 6036 6072 -1 6052 6068 6047 -1 6044 6073 6034 -1 6034 6070 6048 -1 6055 6021 6057 -1 6046 6069 6074 -1 6008 6052 6047 -1 6075 6043 6049 -1 6076 6052 6033 -1 6063 6054 6077 -1 6068 6052 6078 -1 6027 6079 6033 -1 6066 6051 6058 -1 6055 6057 6080 -1 6081 6071 6056 -1 6081 6056 6082 -1 6049 6064 6083 -1 6054 6062 6077 -1 6059 6065 6084 -1 6073 6070 6034 -1 6067 6055 6085 -1 6074 6069 6086 -1 6087 6043 6075 -1 6060 6043 6088 -1 6072 6036 6068 -1 6089 6083 6064 -1 6064 6045 6089 -1 6083 6075 6049 -1 6062 6046 6074 -1 6074 6090 6062 -1 6045 6053 6091 -1 6076 6078 6052 -1 6079 6092 6033 -1 6058 6093 6066 -1 6080 6085 6055 -1 6070 6094 6058 -1 6053 6059 6095 -1 6096 6077 6062 -1 6076 6033 6092 -1 6066 6093 6097 -1 6097 6086 6066 -1 6069 6066 6086 -1 6027 6067 6079 -1 6045 6091 6089 -1 6057 6098 6080 -1 6081 6082 6099 -1 6090 6074 6100 -1 6043 6087 6088 -1 6061 6101 6065 -1 6057 6071 6098 -1 6077 6096 6102 -1 6088 6103 6060 -1 6060 6073 6044 -1 6070 6073 6104 -1 6086 6105 6074 -1 6084 6065 6101 -1 6059 6084 6095 -1 6075 6083 6106 -1 6075 6106 6087 -1 6095 6091 6053 -1 6093 6058 6094 -1 6107 6070 6104 -1 6094 6070 6107 -1 6090 6096 6062 -1 6068 6108 6072 -1 6068 6078 6109 -1 6110 6061 6072 -1 6079 6067 6085 -1 6111 6073 6060 -1 6098 6085 6080 -1 6098 6071 6081 -1 6105 6100 6074 -1 6089 6106 6083 -1 6110 6072 6108 -1 6109 6108 6068 -1 6081 6099 6112 -1 6087 6113 6088 -1 6110 6114 6061 -1 6103 6088 6113 -1 6109 6078 6076 -1 6079 6085 6092 -1 6098 6081 6112 -1 6091 6095 6115 -1 6076 6116 6109 -1 6117 6105 6086 -1 6101 6061 6114 -1 6103 6111 6060 -1 6084 6101 6118 -1 6119 6102 6120 -1 6107 6121 6094 -1 6093 6094 6121 -1 6097 6122 6086 -1 6123 6096 6090 -1 6100 6105 6117 -1 6096 6123 6102 -1 6123 6120 6102 -1 6095 6118 6115 -1 6095 6084 6118 -1 6121 6107 6124 -1 6092 6116 6076 -1 6121 6097 6093 -1 6125 6073 6111 -1 6106 6089 6126 -1 6089 6091 6115 -1 6112 6099 6127 -1 6099 6128 6127 -1 6090 6100 6123 -1 6113 6087 6129 -1 6130 6092 6085 -1 6104 6073 6125 -1 6085 6098 6131 -1 6131 6098 6112 -1 6104 6132 6107 -1 6126 6087 6106 -1 6133 6124 6107 -1 6117 6086 6122 -1 6134 6089 6115 -1 6126 6089 6134 -1 6135 6114 6110 -1 6136 6119 6120 -1 6132 6133 6107 -1 6087 6126 6129 -1 6118 6101 6137 -1 6138 6127 6128 -1 6132 6104 6125 -1 6139 6085 6131 -1 6108 6109 6140 -1 6121 6124 6097 -1 6141 6122 6097 -1 6142 6108 6140 -1 6116 6140 6109 -1 6143 6092 6130 -1 6124 6141 6097 -1 6110 6108 6135 -1 6117 6122 6144 -1 6120 6123 6145 -1 6113 6129 6146 -1 6100 6147 6123 -1 6101 6114 6137 -1 6148 6137 6114 -1 6143 6116 6092 -1 6111 6149 6125 -1 6131 6112 6150 -1 6120 6145 6151 -1 6111 6103 6152 -1 6127 6138 6153 -1 6135 6148 6114 -1 6142 6135 6108 -1 6117 6144 6154 -1 6127 6150 6112 -1 6147 6100 6154 -1 6137 6155 6118 -1 6151 6136 6120 -1 6130 6085 6139 -1 6132 6156 6133 -1 6124 6133 6156 -1 6145 6123 6147 -1 6100 6117 6154 -1 6157 6127 6153 -1 6103 6113 6152 -1 6132 6125 6149 -1 6115 6118 6155 -1 6152 6149 6111 -1 6144 6122 6141 -1 6129 6126 6158 -1 6159 6139 6131 -1 6140 6116 6143 -1 6160 6124 6156 -1 6141 6124 6161 -1 6145 6147 6162 -1 6136 6151 6163 -1 6148 6135 6164 -1 6134 6115 6165 -1 6124 6160 6161 -1 6132 6166 6156 -1 6157 6167 6127 -1 6113 6146 6152 -1 6168 6152 6146 -1 6144 6141 6161 -1 6169 6135 6142 -1 6160 6156 6170 -1 6162 6151 6145 -1 6146 6129 6171 -1 6168 6146 6171 -1 6172 6163 6151 -1 6147 6154 6173 -1 6157 6153 6174 -1 6163 6175 6136 -1 6129 6158 6171 -1 6134 6158 6126 -1 6115 6155 6165 -1 6176 6149 6152 -1 6155 6137 6177 -1 6149 6166 6132 -1 6131 6150 6178 -1 6150 6127 6167 -1 6137 6148 6177 -1 6168 6179 6152 -1 6162 6147 6173 -1 6169 6164 6135 -1 6130 6180 6143 -1 6151 6162 6172 -1 6154 6144 6181 -1 6177 6148 6164 -1 6172 6182 6163 -1 6183 6164 6169 -1 6159 6131 6178 -1 6158 6184 6171 -1 6178 6150 6167 -1 6161 6160 6185 -1 6176 6152 6179 -1 6130 6139 6159 -1 6156 6166 6170 -1 6158 6134 6186 -1 6187 6161 6185 -1 6144 6161 6187 -1 6144 6187 6181 -1 6173 6154 6181 -1 6185 6160 6188 -1 6175 6163 6182 -1 6182 6189 6175 -1 6166 6149 6176 -1 6142 6140 6190 -1 6158 6186 6184 -1 6180 6190 6143 -1 6130 6159 6180 -1 6160 6170 6191 -1 6165 6155 6192 -1 6162 6173 6193 -1 6164 6183 6177 -1 6190 6169 6142 -1 6134 6165 6194 -1 6171 6195 6168 -1 6172 6162 6193 -1 6188 6160 6191 -1 6195 6171 6196 -1 6179 6168 6195 -1 6174 6197 6157 -1 6198 6180 6159 -1 6198 6159 6178 -1 6171 6184 6196 -1 6176 6179 6199 -1 6140 6143 6190 -1 6186 6134 6194 -1 6193 6200 6172 -1 6199 6179 6195 -1 6169 6201 6183 -1 6166 6176 6202 -1 6166 6202 6170 -1 6187 6185 6203 -1 6192 6155 6204 -1 6155 6177 6204 -1 6183 6204 6177 -1 6172 6205 6182 -1 6189 6182 6206 -1 6186 6194 6207 -1 6187 6208 6181 -1 6173 6181 6209 -1 6169 6190 6201 -1 6210 6185 6188 -1 6184 6186 6211 -1 6178 6167 6212 -1 6203 6185 6210 -1 6213 6165 6192 -1 6193 6173 6209 -1 6213 6194 6165 -1 6170 6214 6191 -1 6215 6190 6180 -1 6200 6205 6172 -1 6187 6203 6208 -1 6201 6216 6183 -1 6201 6190 6217 -1 6194 6213 6207 -1 6215 6180 6198 -1 6186 6207 6211 -1 6209 6200 6193 -1 6167 6157 6212 -1 6191 6218 6188 -1 6181 6208 6209 -1 6176 6199 6202 -1 6215 6217 6190 -1 6189 6206 6219 -1 6196 6184 6220 -1 6192 6204 6221 -1 6204 6183 6216 -1 6182 6205 6206 -1 6222 6210 6188 -1 6203 6210 6223 -1 6208 6203 6224 -1 6214 6170 6202 -1 6201 6217 6225 -1 6191 6214 6218 -1 6205 6226 6206 -1 6202 6199 6227 -1 6208 6228 6209 -1 6229 6210 6222 -1 6223 6210 6229 -1 6198 6178 6230 -1 6231 6211 6207 -1 6188 6218 6222 -1 6216 6221 6204 -1 6214 6202 6232 -1 6233 6196 6220 -1 6196 6233 6195 -1 6184 6211 6220 -1 6218 6214 6234 -1 6230 6178 6212 -1 6216 6201 6235 -1 6235 6201 6225 -1 6226 6205 6236 -1 6219 6206 6237 -1 6205 6200 6236 -1 6206 6226 6237 -1 6208 6224 6228 -1 6234 6214 6238 -1 6200 6209 6228 -1 6217 6215 6239 -1 6221 6216 6240 -1 6227 6241 6202 -1 6215 6198 6239 -1 6220 6211 6231 -1 6242 6234 6238 -1 6222 6218 6234 -1 6230 6212 6243 -1 6216 6235 6240 -1 6202 6241 6232 -1 6199 6244 6227 -1 6245 6228 6224 -1 6239 6225 6217 -1 6238 6214 6232 -1 6198 6230 6239 -1 6195 6244 6199 -1 6224 6203 6223 -1 6231 6207 6246 -1 6242 6238 6247 -1 6213 6192 6248 -1 6192 6221 6248 -1 6233 6244 6195 -1 6249 6223 6229 -1 6224 6223 6249 -1 6233 6220 6250 -1 6213 6251 6207 -1 6252 6238 6232 -1 6236 6200 6228 -1 6240 6235 6253 -1 6225 6253 6235 -1 6220 6231 6246 -1 6220 6246 6250 -1 6254 6237 6226 -1 6207 6251 6246 -1 6244 6233 6250 -1 6255 6237 6256 -1 6225 6239 6257 -1 6258 6255 6256 -1 6252 6247 6238 -1 6222 6234 6259 -1 6260 6226 6236 -1 6241 6227 6261 -1 6240 6248 6221 -1 6259 6234 6242 -1 6227 6262 6261 -1 6254 6226 6260 -1 6249 6229 6222 -1 6248 6240 6263 -1 6253 6263 6240 -1 6259 6264 6222 -1 6227 6244 6262 -1 6245 6224 6249 -1 6256 6237 6254 -1 6265 6246 6251 -1 6266 6239 6230 -1 6259 6242 6267 -1 6262 6244 6250 -1 6236 6228 6268 -1 6268 6228 6245 -1 6249 6222 6264 -1 6252 6232 6269 -1 6251 6213 6270 -1 6248 6263 6271 -1 6272 6262 6250 -1 6225 6273 6253 -1 6260 6236 6274 -1 6246 6275 6250 -1 6275 6246 6265 -1 6257 6273 6225 -1 6232 6241 6269 -1 6247 6252 6269 -1 6213 6248 6270 -1 6249 6264 6276 -1 6236 6268 6277 -1 6278 6254 6260 -1 6256 6254 6278 -1 6265 6251 6270 -1 6258 6256 6279 -1 6269 6241 6280 -1 6242 6247 6281 -1 6281 6267 6242 -1 6272 6282 6262 -1 6276 6264 6259 -1 6277 6274 6236 -1 6250 6275 6272 -1 6256 6278 6279 -1 6245 6249 6276 -1 6282 6261 6262 -1 6269 6283 6247 -1 6281 6247 6283 -1 6280 6241 6261 -1 6258 6279 6284 -1 6276 6259 6267 -1 6239 6266 6257 -1 6277 6268 6285 -1 6286 6263 6253 -1 6253 6273 6286 -1 6287 6268 6245 -1 6269 6288 6283 -1 6271 6270 6248 -1 6288 6269 6280 -1 6289 6271 6263 -1 6274 6277 6290 -1 6261 6291 6280 -1 6261 6282 6291 -1 6292 6275 6265 -1 6279 6278 6293 -1 6273 6257 6294 -1 6284 6279 6295 -1 6257 6266 6296 -1 6276 6267 6297 -1 6274 6278 6260 -1 6272 6275 6298 -1 6294 6286 6273 -1 6281 6299 6267 -1 6285 6290 6277 -1 6265 6270 6300 -1 6245 6276 6287 -1 6278 6274 6301 -1 6302 6293 6278 -1 6285 6268 6287 -1 6279 6293 6295 -1 6284 6295 6303 -1 6281 6283 6299 -1 6288 6280 6304 -1 6294 6257 6296 -1 6305 6295 6293 -1 6297 6267 6299 -1 6301 6274 6290 -1 6287 6276 6306 -1 6278 6301 6302 -1 6283 6307 6299 -1 6271 6289 6308 -1 6282 6309 6291 -1 6309 6282 6272 -1 6270 6271 6308 -1 6302 6305 6293 -1 6283 6288 6307 -1 6263 6286 6289 -1 6290 6285 6310 -1 6304 6280 6291 -1 6270 6308 6300 -1 6272 6298 6311 -1 6298 6275 6292 -1 6276 6297 6312 -1 6276 6312 6306 -1 6313 6286 6294 -1 6294 6296 6314 -1 6315 6289 6286 -1 6290 6316 6301 -1 6304 6291 6309 -1 6287 6310 6285 -1 6317 6310 6287 -1 6318 6289 6315 -1 6318 6308 6289 -1 6313 6294 6314 -1 6306 6317 6287 -1 6315 6286 6313 -1 6309 6319 6304 -1 6297 6299 6312 -1 6316 6290 6310 -1 6306 6312 6320 -1 6300 6308 6321 -1 6272 6311 6309 -1 6322 6308 6318 -1 6316 6323 6301 -1 6324 6304 6319 -1 6302 6301 6323 -1 6288 6325 6307 -1 6326 6299 6327 -1 6328 6265 6300 -1 6312 6299 6326 -1 6317 6306 6320 -1 6308 6322 6321 -1 6325 6288 6304 -1 6307 6327 6299 -1 6327 6307 6325 -1 6292 6265 6328 -1 6326 6320 6312 -1 6317 6320 6329 -1 6329 6330 6317 -1 6311 6298 6331 -1 6309 6311 6319 -1 6326 6332 6320 -1 6330 6310 6317 -1 6333 6310 6330 -1 6316 6310 6333 -1 6334 6304 6324 -1 6325 6304 6334 -1 6331 6298 6292 -1 6315 6335 6318 -1 6322 6318 6335 -1 6334 6324 6336 -1 6292 6328 6337 -1 6329 6320 6332 -1 6328 6300 6321 -1 6321 6322 6338 -1 6339 6325 6334 -1 6325 6339 6327 -1 6338 6322 6335 -1 6331 6292 6337 -1 6340 6331 6337 -1 6341 6331 6340 -1 6331 6341 6311 -1 6324 6342 6336 -1 6319 6311 6341 -1 6319 6341 6343 -1 6324 6319 6343 -1 6332 6326 6344 -1 6329 6345 6330 -1 6328 6321 6346 -1 6343 6342 6324 -1 6327 6344 6326 -1 6345 6347 6330 -1 6347 6333 6330 -1 6327 6348 6344 -1 6337 6328 6349 -1 6340 6337 6349 -1 6350 6342 6343 -1 6348 6327 6339 -1 6334 6350 6339 -1 6332 6344 6351 -1 6332 6345 6329 -1 6328 6346 6349 -1 6336 6342 6350 -1 6350 6334 6336 -1 6349 6346 6352 -1 6346 6321 6353 -1 6340 6349 6354 -1 6341 6340 6355 -1 6348 6339 6356 -1 6343 6341 6355 -1 6351 6344 6348 -1 6353 6321 6338 -1 6340 6354 6355 -1 6350 6343 6357 -1 6348 6356 6358 -1 6355 6357 6343 -1 6348 6358 6351 -1 6339 6350 6356 -1 6356 6350 6359 -1 6360 6361 6362 -1 6361 6360 6363 -1 6364 6365 6362 -1 6361 6366 6362 -1 6367 6365 6364 -1 6361 6363 6368 -1 6368 6363 6369 -1 6364 6362 6366 -1 6370 6368 6369 -1 6369 6371 6370 -1 6372 6364 6366 -1 6361 6373 6374 -1 6368 6373 6361 -1 6361 6374 6366 -1 6371 6375 6376 -1 6368 6370 6377 -1 6364 6372 6367 -1 6368 6377 6373 -1 6378 6373 6377 -1 6377 6370 6371 -1 6379 6376 6375 -1 6366 6380 6372 -1 6374 6373 6378 -1 6381 6367 6372 -1 6380 6366 6374 -1 6377 6371 6376 -1 6377 6376 6382 -1 6378 6377 6382 -1 6381 6372 6383 -1 6384 6372 6380 -1 6381 6383 6385 -1 6386 6385 6383 -1 6384 6383 6372 -1 6380 6387 6384 -1 6374 6387 6380 -1 6388 6379 6389 -1 6382 6376 6390 -1 6391 6385 6386 -1 6376 6379 6388 -1 6392 6393 6394 -1 6395 6392 6394 -1 6374 6378 6396 -1 6382 6397 6378 -1 6376 6388 6390 -1 6389 6398 6388 -1 6378 6397 6396 -1 6374 6396 6387 -1 6396 6397 6399 -1 6399 6397 6382 -1 6400 6395 6394 -1 6383 6401 6386 -1 6402 6391 6386 -1 6384 6387 6403 -1 6404 6400 6394 -1 6405 6406 6407 -1 6396 6408 6387 -1 6390 6409 6382 -1 6384 6410 6383 -1 6411 6405 6407 -1 6396 6399 6408 -1 6409 6390 6412 -1 6390 6388 6413 -1 6388 6398 6414 -1 6399 6382 6409 -1 6384 6403 6410 -1 6415 6402 6416 -1 6386 6416 6402 -1 6383 6410 6417 -1 6413 6412 6390 -1 6418 6419 6420 -1 6421 6419 6418 -1 6422 6404 6394 -1 6406 6421 6423 -1 6403 6387 6408 -1 6411 6424 6393 -1 6386 6401 6416 -1 6394 6393 6425 -1 6401 6417 6426 -1 6383 6417 6401 -1 6388 6414 6413 -1 6404 6422 6427 -1 6428 6414 6429 -1 6430 6404 6427 -1 6429 6431 6428 -1 6432 6408 6399 -1 6431 6433 6434 -1 6411 6407 6435 -1 6422 6394 6425 -1 6436 6437 6430 -1 6438 6437 6436 -1 6439 6438 6436 -1 6408 6432 6440 -1 6412 6441 6409 -1 6412 6413 6441 -1 6442 6413 6414 -1 6426 6416 6401 -1 6426 6417 6443 -1 6406 6423 6407 -1 6423 6421 6418 -1 6417 6410 6444 -1 6445 6407 6446 -1 6410 6403 6447 -1 6448 6449 6450 -1 6425 6393 6424 -1 6432 6399 6409 -1 6446 6423 6451 -1 6407 6423 6446 -1 6452 6449 6453 -1 6435 6407 6454 -1 6434 6433 6455 -1 6456 6457 6458 -1 6408 6440 6403 -1 6427 6422 6459 -1 6414 6428 6460 -1 6452 6453 6461 -1 6439 6436 6462 -1 6428 6431 6434 -1 6407 6445 6454 -1 6420 6448 6450 -1 6415 6458 6457 -1 6450 6463 6420 -1 6410 6447 6444 -1 6456 6458 6464 -1 6432 6409 6465 -1 6420 6463 6418 -1 6415 6416 6466 -1 6413 6442 6441 -1 6416 6426 6467 -1 6443 6417 6444 -1 6430 6427 6459 -1 6468 6439 6462 -1 6435 6454 6469 -1 6411 6435 6424 -1 6434 6455 6470 -1 6465 6409 6441 -1 6466 6416 6467 -1 6423 6418 6471 -1 6441 6442 6472 -1 6459 6422 6425 -1 6442 6414 6460 -1 6403 6473 6447 -1 6443 6467 6426 -1 6471 6418 6463 -1 6424 6474 6425 -1 6451 6423 6471 -1 6475 6430 6459 -1 6452 6461 6476 -1 6449 6452 6476 -1 6476 6450 6449 -1 6477 6459 6425 -1 6442 6460 6472 -1 6430 6475 6436 -1 6475 6462 6436 -1 6428 6434 6470 -1 6432 6465 6440 -1 6424 6435 6478 -1 6477 6425 6474 -1 6479 6428 6470 -1 6480 6468 6481 -1 6482 6483 6484 -1 6473 6403 6440 -1 6458 6485 6464 -1 6466 6458 6415 -1 6463 6450 6486 -1 6441 6472 6465 -1 6428 6479 6460 -1 6485 6487 6464 -1 6446 6451 6488 -1 6462 6475 6489 -1 6490 6450 6476 -1 6468 6462 6481 -1 6466 6467 6491 -1 6443 6492 6467 -1 6482 6484 6493 -1 6488 6451 6471 -1 6494 6495 6496 -1 6497 6473 6440 -1 6498 6476 6461 -1 6440 6465 6497 -1 6499 6500 6501 -1 6500 6502 6503 -1 6486 6450 6490 -1 6472 6460 6504 -1 6458 6466 6491 -1 6471 6463 6486 -1 6474 6424 6478 -1 6475 6459 6505 -1 6470 6455 6506 -1 6507 6506 6455 -1 6478 6469 6508 -1 6435 6469 6478 -1 6502 6509 6503 -1 6500 6503 6501 -1 6477 6474 6478 -1 6510 6493 6484 -1 6471 6486 6511 -1 6512 6513 6514 -1 6515 6496 6495 -1 6459 6477 6505 -1 6471 6511 6488 -1 6516 6517 6518 -1 6516 6519 6517 -1 6512 6498 6461 -1 6445 6446 6488 -1 6485 6458 6491 -1 6501 6520 6483 -1 6521 6483 6520 -1 6484 6483 6521 -1 6483 6499 6501 -1 6443 6444 6522 -1 6523 6524 6525 -1 6444 6447 6526 -1 6527 6528 6529 -1 6530 6531 6532 -1 6467 6492 6491 -1 6510 6484 6533 -1 6443 6522 6492 -1 6534 6514 6513 -1 6475 6505 6489 -1 6488 6535 6445 -1 6447 6473 6526 -1 6454 6445 6535 -1 6519 6536 6517 -1 6537 6515 6538 -1 6481 6462 6489 -1 6539 6479 6470 -1 6503 6540 6541 -1 6497 6465 6542 -1 6509 6540 6503 -1 6465 6472 6542 -1 6509 6524 6523 -1 6543 6480 6544 -1 6544 6545 6543 -1 6494 6543 6545 -1 6472 6504 6546 -1 6504 6460 6479 -1 6531 6547 6532 -1 6548 6487 6549 -1 6487 6485 6549 -1 6550 6480 6481 -1 6470 6506 6551 -1 6525 6531 6530 -1 6508 6469 6454 -1 6552 6548 6553 -1 6552 6553 6554 -1 6527 6554 6528 -1 6555 6549 6485 -1 6541 6501 6503 -1 6478 6556 6477 -1 6557 6558 6559 -1 6488 6560 6535 -1 6518 6561 6558 -1 6562 6518 6517 -1 6512 6514 6563 -1 6564 6486 6490 -1 6564 6511 6486 -1 6506 6507 6565 -1 6566 6567 6568 -1 6532 6567 6566 -1 6523 6525 6569 -1 6550 6544 6480 -1 6501 6570 6520 -1 6570 6501 6541 -1 6546 6504 6571 -1 6559 6558 6561 -1 6498 6512 6572 -1 6490 6476 6498 -1 6573 6533 6574 -1 6536 6575 6517 -1 6484 6521 6576 -1 6529 6528 6577 -1 6547 6567 6532 -1 6495 6538 6515 -1 6578 6575 6536 -1 6540 6509 6523 -1 6525 6530 6579 -1 6569 6525 6579 -1 6489 6550 6481 -1 6561 6518 6562 -1 6489 6505 6580 -1 6581 6582 6583 -1 6523 6569 6584 -1 6585 6479 6539 -1 6563 6572 6512 -1 6586 6533 6484 -1 6444 6526 6522 -1 6533 6586 6574 -1 6521 6520 6587 -1 6578 6588 6575 -1 6573 6574 6589 -1 6590 6478 6508 -1 6554 6553 6528 -1 6578 6589 6588 -1 6505 6477 6556 -1 6491 6555 6485 -1 6497 6591 6473 -1 6550 6592 6544 -1 6593 6505 6556 -1 6511 6560 6488 -1 6594 6529 6595 -1 6596 6597 6598 -1 6504 6479 6585 -1 6597 6599 6598 -1 6595 6600 6594 -1 6580 6505 6593 -1 6601 6594 6600 -1 6526 6473 6591 -1 6490 6498 6602 -1 6539 6470 6551 -1 6508 6454 6535 -1 6576 6586 6484 -1 6564 6490 6602 -1 6603 6589 6574 -1 6604 6521 6587 -1 6605 6606 6601 -1 6550 6489 6607 -1 6556 6478 6590 -1 6608 6491 6492 -1 6534 6581 6514 -1 6582 6609 6610 -1 6565 6557 6611 -1 6611 6557 6559 -1 6495 6494 6612 -1 6607 6592 6550 -1 6561 6562 6613 -1 6606 6605 6614 -1 6615 6602 6498 -1 6616 6617 6541 -1 6540 6616 6541 -1 6575 6618 6517 -1 6540 6523 6584 -1 6545 6544 6619 -1 6620 6548 6549 -1 6612 6494 6545 -1 6574 6621 6603 -1 6472 6546 6542 -1 6576 6521 6604 -1 6570 6541 6617 -1 6529 6577 6595 -1 6588 6603 6622 -1 6603 6588 6589 -1 6492 6522 6623 -1 6593 6556 6624 -1 6572 6615 6498 -1 6601 6600 6625 -1 6568 6596 6626 -1 6618 6562 6517 -1 6592 6619 6544 -1 6621 6622 6603 -1 6569 6579 6627 -1 6588 6618 6575 -1 6586 6621 6574 -1 6614 6610 6609 -1 6535 6628 6629 -1 6620 6549 6555 -1 6530 6532 6630 -1 6620 6553 6548 -1 6579 6530 6627 -1 6537 6538 6631 -1 6581 6583 6514 -1 6583 6563 6514 -1 6623 6608 6492 -1 6632 6614 6605 -1 6611 6633 6565 -1 6560 6511 6634 -1 6580 6593 6635 -1 6562 6636 6613 -1 6599 6537 6631 -1 6607 6489 6580 -1 6522 6526 6637 -1 6495 6612 6538 -1 6620 6555 6638 -1 6535 6629 6508 -1 6616 6540 6584 -1 6564 6602 6639 -1 6569 6627 6584 -1 6555 6491 6608 -1 6564 6634 6511 -1 6571 6504 6640 -1 6640 6504 6585 -1 6520 6570 6587 -1 6621 6586 6576 -1 6641 6539 6551 -1 6565 6642 6506 -1 6542 6546 6643 -1 6644 6645 6582 -1 6646 6601 6625 -1 6646 6605 6601 -1 6637 6526 6591 -1 6535 6560 6628 -1 6602 6615 6647 -1 6590 6508 6629 -1 6641 6585 6539 -1 6555 6608 6638 -1 6551 6506 6642 -1 6642 6565 6648 -1 6553 6577 6528 -1 6627 6530 6630 -1 6553 6649 6577 -1 6605 6646 6632 -1 6649 6553 6620 -1 6650 6559 6561 -1 6639 6602 6647 -1 6634 6564 6639 -1 6610 6614 6651 -1 6610 6644 6582 -1 6626 6596 6598 -1 6618 6588 6622 -1 6570 6617 6652 -1 6624 6556 6590 -1 6643 6546 6653 -1 6546 6571 6653 -1 6654 6608 6623 -1 6583 6582 6645 -1 6633 6611 6650 -1 6566 6568 6626 -1 6559 6650 6611 -1 6560 6634 6655 -1 6583 6656 6563 -1 6623 6522 6637 -1 6650 6561 6657 -1 6613 6657 6561 -1 6656 6572 6563 -1 6607 6580 6658 -1 6613 6636 6657 -1 6651 6614 6632 -1 6562 6618 6659 -1 6644 6610 6651 -1 6638 6660 6620 -1 6618 6661 6662 -1 6551 6642 6641 -1 6663 6545 6619 -1 6612 6545 6663 -1 6497 6542 6643 -1 6576 6622 6621 -1 6617 6616 6652 -1 6635 6593 6624 -1 6660 6649 6620 -1 6631 6538 6612 -1 6636 6562 6659 -1 6631 6664 6599 -1 6659 6618 6662 -1 6598 6599 6664 -1 6585 6641 6665 -1 6639 6666 6634 -1 6622 6661 6618 -1 6634 6666 6667 -1 6638 6608 6668 -1 6565 6633 6648 -1 6667 6655 6634 -1 6571 6669 6653 -1 6669 6571 6640 -1 6584 6627 6670 -1 6656 6583 6645 -1 6637 6671 6623 -1 6628 6560 6655 -1 6640 6585 6665 -1 6532 6672 6630 -1 6592 6607 6673 -1 6658 6673 6607 -1 6665 6641 6674 -1 6532 6566 6672 -1 6675 6661 6622 -1 6652 6587 6570 -1 6622 6576 6675 -1 6671 6654 6623 -1 6676 6633 6650 -1 6635 6624 6677 -1 6619 6592 6678 -1 6679 6616 6584 -1 6680 6650 6657 -1 6580 6635 6658 -1 6584 6670 6679 -1 6637 6591 6681 -1 6566 6626 6682 -1 6595 6577 6683 -1 6497 6643 6591 -1 6572 6684 6615 -1 6600 6595 6685 -1 6590 6686 6624 -1 6672 6566 6682 -1 6687 6641 6642 -1 6627 6630 6670 -1 6608 6654 6668 -1 6663 6619 6678 -1 6652 6688 6587 -1 6648 6633 6676 -1 6676 6650 6680 -1 6689 6616 6679 -1 6629 6628 6690 -1 6639 6647 6691 -1 6664 6631 6692 -1 6685 6693 6600 -1 6691 6666 6639 -1 6674 6641 6687 -1 6678 6592 6673 -1 6632 6646 6694 -1 6695 6660 6638 -1 6625 6600 6693 -1 6629 6686 6590 -1 6670 6630 6696 -1 6677 6624 6697 -1 6671 6637 6698 -1 6616 6689 6652 -1 6645 6699 6656 -1 6626 6598 6700 -1 6682 6626 6700 -1 6701 6612 6663 -1 6640 6665 6702 -1 6673 6658 6703 -1 6702 6665 6674 -1 6631 6612 6701 -1 6629 6690 6686 -1 6604 6675 6576 -1 6695 6638 6668 -1 6598 6664 6700 -1 6687 6642 6704 -1 6660 6705 6649 -1 6686 6697 6624 -1 6646 6625 6706 -1 6707 6657 6636 -1 6689 6708 6652 -1 6694 6646 6706 -1 6698 6637 6681 -1 6635 6703 6658 -1 6694 6709 6632 -1 6672 6682 6710 -1 6685 6595 6683 -1 6711 6672 6710 -1 6707 6680 6657 -1 6643 6681 6591 -1 6632 6709 6651 -1 6636 6659 6712 -1 6707 6636 6712 -1 6713 6643 6653 -1 6683 6577 6649 -1 6625 6693 6714 -1 6714 6706 6625 -1 6692 6631 6701 -1 6648 6704 6642 -1 6661 6675 6715 -1 6654 6716 6668 -1 6656 6684 6572 -1 6661 6715 6662 -1 6671 6716 6654 -1 6704 6648 6717 -1 6679 6670 6718 -1 6653 6669 6719 -1 6688 6652 6708 -1 6676 6717 6648 -1 6702 6669 6640 -1 6669 6702 6720 -1 6699 6684 6656 -1 6709 6721 6651 -1 6690 6628 6655 -1 6630 6672 6711 -1 6695 6722 6660 -1 6712 6659 6662 -1 6715 6675 6723 -1 6724 6723 6675 -1 6713 6653 6725 -1 6675 6604 6724 -1 6726 6700 6664 -1 6630 6711 6696 -1 6604 6587 6724 -1 6725 6653 6719 -1 6587 6688 6724 -1 6722 6695 6727 -1 6708 6728 6688 -1 6717 6729 6704 -1 6683 6693 6685 -1 6684 6730 6615 -1 6677 6703 6635 -1 6716 6671 6731 -1 6615 6730 6647 -1 6655 6667 6732 -1 6733 6647 6734 -1 6735 6717 6676 -1 6676 6680 6735 -1 6651 6721 6644 -1 6666 6691 6736 -1 6668 6727 6695 -1 6718 6670 6696 -1 6643 6713 6681 -1 6704 6737 6687 -1 6673 6738 6678 -1 6682 6739 6710 -1 6716 6727 6668 -1 6693 6683 6740 -1 6741 6727 6716 -1 6742 6740 6683 -1 6663 6678 6743 -1 6714 6693 6740 -1 6730 6734 6647 -1 6698 6731 6671 -1 6690 6655 6732 -1 6733 6691 6647 -1 6730 6684 6699 -1 6701 6663 6744 -1 6707 6735 6680 -1 6690 6745 6686 -1 6700 6726 6746 -1 6736 6747 6666 -1 6682 6700 6746 -1 6712 6662 6748 -1 6747 6667 6666 -1 6718 6689 6679 -1 6715 6748 6662 -1 6724 6688 6728 -1 6749 6703 6677 -1 6729 6737 6704 -1 6710 6750 6711 -1 6717 6751 6729 -1 6667 6752 6732 -1 6741 6716 6731 -1 6743 6678 6738 -1 6705 6742 6649 -1 6753 6708 6689 -1 6669 6720 6719 -1 6696 6754 6718 -1 6702 6674 6720 -1 6724 6755 6723 -1 6735 6707 6712 -1 6683 6649 6742 -1 6697 6686 6745 -1 6687 6737 6756 -1 6706 6757 6694 -1 6758 6737 6729 -1 6759 6726 6664 -1 6697 6749 6677 -1 6748 6760 6712 -1 6735 6751 6717 -1 6705 6660 6761 -1 6660 6722 6761 -1 6698 6681 6762 -1 6706 6714 6757 -1 6733 6763 6691 -1 6748 6723 6755 -1 6753 6689 6718 -1 6764 6720 6674 -1 6735 6712 6765 -1 6763 6736 6691 -1 6663 6743 6744 -1 6674 6687 6756 -1 6753 6728 6708 -1 6709 6694 6757 -1 6728 6755 6724 -1 6756 6737 6766 -1 6711 6767 6696 -1 6699 6645 6768 -1 6760 6765 6712 -1 6758 6729 6751 -1 6673 6769 6738 -1 6748 6715 6723 -1 6731 6698 6770 -1 6743 6738 6771 -1 6735 6765 6751 -1 6732 6745 6690 -1 6696 6767 6772 -1 6754 6753 6718 -1 6692 6701 6773 -1 6705 6774 6742 -1 6775 6722 6727 -1 6673 6703 6776 -1 6745 6777 6697 -1 6692 6759 6664 -1 6697 6777 6749 -1 6667 6747 6752 -1 6776 6769 6673 -1 6713 6725 6778 -1 6719 6778 6725 -1 6779 6728 6753 -1 6779 6753 6780 -1 6770 6781 6731 -1 6742 6774 6740 -1 6762 6770 6698 -1 6705 6761 6774 -1 6745 6732 6752 -1 6674 6756 6764 -1 6753 6754 6782 -1 6754 6696 6772 -1 6783 6784 6765 -1 6760 6783 6765 -1 6681 6713 6762 -1 6766 6737 6758 -1 6741 6775 6727 -1 6701 6744 6773 -1 6783 6760 6748 -1 6773 6759 6692 -1 6785 6783 6748 -1 6785 6748 6755 -1 6769 6771 6738 -1 6786 6757 6714 -1 6730 6699 6768 -1 6703 6787 6776 -1 6739 6788 6710 -1 6782 6780 6753 -1 6751 6765 6784 -1 6752 6789 6745 -1 6790 6720 6764 -1 6767 6711 6750 -1 6722 6775 6791 -1 6761 6722 6791 -1 6709 6757 6792 -1 6739 6682 6746 -1 6709 6792 6721 -1 6762 6713 6778 -1 6751 6793 6758 -1 6740 6786 6714 -1 6746 6726 6794 -1 6779 6785 6755 -1 6755 6728 6779 -1 6719 6795 6778 -1 6787 6703 6749 -1 6795 6719 6720 -1 6774 6796 6740 -1 6797 6751 6784 -1 6784 6798 6797 -1 6745 6789 6777 -1 6783 6798 6784 -1 6644 6721 6799 -1 6759 6794 6726 -1 6794 6800 6746 -1 6764 6756 6766 -1 6801 6783 6785 -1 6777 6802 6749 -1 6750 6710 6788 -1 6645 6644 6803 -1 6767 6804 6772 -1 6805 6744 6743 -1 6754 6772 6806 -1 6806 6782 6754 -1 6741 6731 6781 -1 6781 6775 6741 -1 6807 6785 6779 -1 6808 6734 6730 -1 6750 6809 6767 -1 6789 6752 6810 -1 6811 6796 6774 -1 6812 6739 6800 -1 6739 6746 6800 -1 6757 6813 6792 -1 6798 6801 6814 -1 6798 6783 6801 -1 6644 6799 6803 -1 6721 6792 6799 -1 6750 6788 6809 -1 6786 6813 6757 -1 6815 6752 6747 -1 6645 6803 6768 -1 6771 6805 6743 -1 6807 6801 6785 -1 6764 6766 6816 -1 6802 6787 6749 -1 6773 6817 6759 -1 6804 6767 6809 -1 6720 6818 6795 -1 6806 6772 6804 -1 6793 6751 6797 -1 6819 6809 6788 -1 6734 6820 6733 -1 6770 6762 6821 -1 6807 6779 6780 -1 6740 6796 6786 -1 6764 6816 6790 -1 6780 6782 6822 -1 6788 6739 6812 -1 6815 6747 6736 -1 6823 6771 6769 -1 6768 6808 6730 -1 6808 6768 6824 -1 6823 6805 6771 -1 6817 6794 6759 -1 6758 6793 6766 -1 6808 6820 6734 -1 6789 6810 6825 -1 6789 6826 6777 -1 6826 6802 6777 -1 6791 6775 6827 -1 6744 6805 6828 -1 6812 6819 6788 -1 6744 6828 6773 -1 6774 6761 6829 -1 6795 6818 6830 -1 6781 6770 6831 -1 6811 6774 6829 -1 6832 6807 6822 -1 6809 6819 6833 -1 6817 6773 6828 -1 6780 6822 6807 -1 6761 6791 6829 -1 6790 6818 6720 -1 6793 6797 6834 -1 6814 6834 6797 -1 6806 6822 6782 -1 6825 6826 6789 -1 6763 6733 6820 -1 6776 6835 6769 -1 6797 6798 6814 -1 6806 6804 6836 -1 6803 6824 6768 -1 6762 6778 6821 -1 6766 6837 6816 -1 6807 6832 6801 -1 6809 6836 6804 -1 6835 6823 6769 -1 6775 6781 6827 -1 6838 6814 6801 -1 6831 6827 6781 -1 6821 6778 6795 -1 6792 6813 6839 -1 6823 6840 6805 -1 6837 6766 6793 -1 6841 6839 6813 -1 6815 6842 6810 -1 6815 6810 6752 -1 6763 6820 6843 -1 6803 6799 6844 -1 6829 6791 6827 -1 6787 6845 6776 -1 6794 6846 6800 -1 6736 6763 6847 -1 6811 6848 6796 -1 6824 6803 6844 -1 6770 6821 6849 -1 6815 6736 6847 -1 6832 6838 6801 -1 6824 6844 6850 -1 6840 6828 6805 -1 6851 6849 6821 -1 6793 6834 6852 -1 6842 6825 6810 -1 6808 6843 6820 -1 6786 6796 6853 -1 6776 6845 6835 -1 6821 6795 6851 -1 6813 6786 6853 -1 6790 6816 6854 -1 6814 6855 6834 -1 6833 6836 6809 -1 6828 6856 6817 -1 6770 6849 6831 -1 6839 6857 6799 -1 6799 6857 6844 -1 6814 6838 6855 -1 6792 6839 6799 -1 6812 6800 6858 -1 6858 6800 6846 -1 6846 6794 6817 -1 6838 6832 6859 -1 6837 6852 6860 -1 6852 6837 6793 -1 6848 6853 6796 -1 6830 6818 6861 -1 6829 6827 6862 -1 6790 6854 6818 -1 6813 6853 6841 -1 6837 6854 6816 -1 6824 6850 6863 -1 6864 6833 6819 -1 6812 6864 6819 -1 6763 6843 6865 -1 6847 6763 6865 -1 6808 6824 6863 -1 6858 6864 6812 -1 6855 6838 6859 -1 6830 6851 6795 -1 6850 6844 6857 -1 6866 6802 6826 -1 6866 6787 6802 -1 6846 6817 6867 -1 6808 6863 6843 -1 6787 6868 6845 -1 6827 6831 6869 -1 6854 6861 6818 -1 6852 6834 6870 -1 6848 6811 6871 -1 6829 6871 6811 -1 6872 6847 6865 -1 6826 6825 6873 -1 6866 6826 6873 -1 6872 6815 6847 -1 6856 6874 6817 -1 6857 6839 6841 -1 6842 6815 6872 -1 6853 6848 6875 -1 6845 6868 6876 -1 6861 6877 6830 -1 6827 6869 6862 -1 6840 6856 6828 -1 6825 6842 6878 -1 6835 6845 6876 -1 6846 6867 6879 -1 6852 6880 6860 -1 6858 6846 6879 -1 6852 6870 6880 -1 6832 6822 6881 -1 6831 6849 6882 -1 6874 6867 6817 -1 6835 6883 6823 -1 6860 6854 6837 -1 6836 6833 6884 -1 6840 6823 6883 -1 6829 6862 6885 -1 6787 6866 6868 -1 6884 6833 6864 -1 6830 6877 6851 -1 6859 6886 6855 -1 6872 6878 6842 -1 6806 6881 6822 -1 6881 6836 6884 -1 6836 6881 6806 -1 6871 6829 6885 -1 6887 6876 6868 -1 6875 6848 6871 -1 6883 6856 6840 -1 6865 6843 6888 -1 6853 6889 6841 -1 6889 6857 6841 -1 6873 6825 6878 -1 6890 6835 6876 -1 6855 6870 6834 -1 6883 6835 6890 -1 6868 6866 6891 -1 6886 6859 6892 -1 6893 6854 6860 -1 6882 6869 6831 -1 6894 6869 6882 -1 6895 6878 6872 -1 6863 6888 6843 -1 6857 6889 6896 -1 6864 6897 6884 -1 6878 6895 6873 -1 6881 6898 6832 -1 6896 6850 6857 -1 6854 6893 6861 -1 6851 6882 6849 -1 6865 6899 6872 -1 6877 6900 6851 -1 6891 6866 6873 -1 6901 6863 6850 -1 6870 6855 6886 -1 6874 6856 6902 -1 6868 6891 6887 -1 6867 6874 6903 -1 6903 6874 6902 -1 6904 6877 6861 -1 6901 6850 6896 -1 6871 6885 6905 -1 6897 6881 6884 -1 6889 6853 6875 -1 6904 6861 6893 -1 6899 6865 6888 -1 6906 6862 6869 -1 6859 6832 6898 -1 6851 6900 6882 -1 6906 6869 6894 -1 6907 6858 6879 -1 6907 6897 6864 -1 6858 6907 6864 -1 6863 6908 6888 -1 6908 6863 6901 -1 6856 6883 6909 -1 6860 6910 6893 -1 6875 6911 6889 -1 6882 6912 6894 -1 6913 6880 6870 -1 6914 6905 6885 -1 6915 6876 6887 -1 6895 6916 6873 -1 6913 6870 6886 -1 6898 6881 6917 -1 6892 6913 6886 -1 6896 6889 6911 -1 6906 6885 6862 -1 6872 6899 6895 -1 6871 6905 6875 -1 6860 6880 6910 -1 6902 6856 6909 -1 6887 6891 6918 -1 6897 6907 6919 -1 6890 6909 6883 -1 6885 6906 6920 -1 6859 6898 6917 -1 6891 6873 6916 -1 6893 6921 6904 -1 6888 6922 6899 -1 6906 6894 6923 -1 6903 6924 6867 -1 6924 6879 6867 -1 6895 6899 6925 -1 6926 6881 6897 -1 6911 6875 6927 -1 6919 6926 6897 -1 6912 6923 6894 -1 6910 6880 6928 -1 6882 6900 6912 -1 6920 6914 6885 -1 6929 6900 6930 -1 6915 6887 6918 -1 6906 6923 6920 -1 6890 6876 6915 -1 6926 6917 6881 -1 6915 6931 6890 -1 6900 6877 6904 -1 6904 6930 6900 -1 6924 6907 6879 -1 6892 6859 6917 -1 6927 6875 6905 -1 6927 6905 6932 -1 6901 6896 6933 -1 6931 6909 6890 -1 6922 6888 6908 -1 6901 6934 6908 -1 6921 6893 6910 -1 6925 6916 6895 -1 6918 6935 6936 -1 6937 6913 6892 -1 6933 6934 6901 -1 6902 6909 6938 -1 6922 6908 6934 -1 6880 6913 6928 -1 6929 6912 6900 -1 6891 6916 6935 -1 6922 6925 6899 -1 6935 6918 6891 -1 6907 6939 6919 -1 6930 6904 6921 -1 6940 6907 6924 -1 6941 6913 6937 -1 6911 6927 6942 -1 6943 6920 6923 -1 6938 6909 6931 -1 6921 6910 6928 -1 6934 6933 6944 -1 6940 6924 6903 -1 6939 6926 6919 -1 6943 6923 6912 -1 6905 6914 6932 -1 6911 6945 6896 -1 6937 6892 6917 -1 6922 6934 6946 -1 6940 6939 6907 -1 6917 6926 6947 -1 6896 6945 6948 -1 6933 6896 6948 -1 6914 6920 6949 -1 6934 6944 6946 -1 6945 6911 6942 -1 6912 6929 6943 -1 6932 6914 6949 -1 6950 6916 6925 -1 6921 6928 6951 -1 6903 6902 6938 -1 6936 6952 6918 -1 6953 6947 6926 -1 6950 6935 6916 -1 6918 6954 6915 -1 6930 6955 6929 -1 6933 6948 6944 -1 6936 6935 6950 -1 6956 6928 6941 -1 6939 6953 6926 -1 6927 6932 6957 -1 6913 6941 6928 -1 6955 6930 6921 -1 6917 6947 6937 -1 6945 6942 6948 -1 6954 6958 6915 -1 6959 6950 6925 -1 6931 6915 6958 -1 6956 6941 6937 -1 6960 6961 6903 -1 6929 6955 6962 -1 6961 6940 6903 -1 6963 6939 6940 -1 6922 6946 6925 -1 6963 6953 6939 -1 6964 6932 6949 -1 6942 6927 6957 -1 6956 6937 6947 -1 6952 6954 6918 -1 6956 6951 6928 -1 6957 6932 6964 -1 6962 6955 6965 -1 6921 6966 6955 -1 6951 6966 6921 -1 6920 6943 6949 -1 6947 6967 6956 -1 6958 6968 6931 -1 6947 6953 6967 -1 6953 6963 6967 -1 6963 6940 6961 -1 6944 6948 6969 -1 6929 6962 6943 -1 6925 6946 6959 -1 6938 6931 6968 -1 6903 6938 6960 -1 6948 6942 6970 -1 6961 6960 6971 -1 6942 6957 6970 -1 6972 6954 6952 -1 6955 6966 6965 -1 6973 6938 6968 -1 6950 6959 6974 -1 6975 6976 6951 -1 6951 6956 6975 -1 6936 6950 6977 -1 6956 6967 6975 -1 6944 6978 6946 -1 6949 6979 6964 -1 6968 6958 6973 -1 6973 6960 6938 -1 6957 6964 6980 -1 6981 6979 6949 -1 6948 6970 6969 -1 6982 6975 6967 -1 6943 6981 6949 -1 6977 6950 6974 -1 6946 6978 6959 -1 6972 6983 6954 -1 6962 6981 6943 -1 6984 6967 6963 -1 6969 6978 6944 -1 6966 6985 6965 -1 6954 6983 6958 -1 6965 6981 6962 -1 6936 6977 6952 -1 6966 6951 6976 -1 6972 6952 6977 -1 6986 6978 6969 -1 6957 6980 6970 -1 6960 6973 6987 -1 6970 6980 6969 -1 6982 6967 6984 -1 6983 6973 6958 -1 6974 6959 6988 -1 6964 6979 6989 -1 6976 6985 6966 -1 6975 6990 6976 -1 6990 6975 6982 -1 6964 6989 6980 -1 6987 6971 6960 -1 6991 6979 6981 -1 6985 6976 6992 -1 6988 6959 6978 -1 6993 6994 6971 -1 6979 6991 6989 -1 6992 6976 6990 -1 6977 6974 6988 -1 6969 6980 6986 -1 6981 6965 6991 -1 6980 6989 6986 -1 6973 6983 6987 -1 6986 6988 6978 -1 6987 6983 6972 -1 6994 6961 6971 -1 6965 6985 6991 -1 6984 6994 6993 -1 6984 6963 6994 -1 6961 6994 6963 -1 6992 6991 6985 -1 6986 6989 6995 -1 6996 6982 6993 -1 6977 6988 6997 -1 6988 6998 6997 -1 6995 6998 6986 -1 6987 6972 6999 -1 6989 6991 7000 -1 6982 6984 6993 -1 6990 6982 6992 -1 6993 6971 7001 -1 6972 6977 6997 -1 6986 6998 6988 -1 6996 7000 6992 -1 6997 6998 6999 -1 6992 7000 6991 -1 6982 6996 6992 -1 6998 7002 6999 -1 6999 6972 6997 -1 7000 6996 7002 -1 7002 6996 7001 -1 7000 6995 6989 -1 7001 6996 6993 -1 6971 6987 6999 -1 6999 7001 6971 -1 6995 7000 7002 -1 6995 7002 6998 -1 7002 7001 6999 -1" solid="false" coordIndex="0 1 2 -1 3 4 5 -1 1 6 2 -1 3 2 7 -1 7 4 3 -1 8 2 6 -1 7 2 8 -1 4 9 5 -1 10 4 7 -1 0 2 3 -1 11 1 0 -1 5 9 12 -1 12 13 5 -1 14 15 16 -1 4 10 17 -1 18 15 19 -1 1 20 21 -1 3 5 22 -1 19 15 23 -1 6 24 8 -1 15 18 16 -1 25 3 22 -1 9 26 12 -1 6 1 21 -1 9 4 17 -1 19 12 18 -1 13 22 5 -1 12 19 13 -1 11 20 1 -1 26 18 12 -1 11 0 27 -1 27 0 25 -1 3 25 0 -1 28 18 26 -1 29 23 15 -1 30 19 23 -1 13 31 22 -1 7 8 10 -1 32 33 14 -1 14 29 15 -1 26 9 17 -1 13 19 30 -1 14 33 29 -1 23 29 34 -1 22 31 35 -1 34 36 23 -1 29 33 37 -1 14 16 38 -1 35 39 22 -1 18 28 16 -1 25 22 39 -1 30 23 36 -1 13 30 31 -1 26 17 40 -1 28 26 40 -1 41 11 27 -1 31 30 36 -1 6 21 24 -1 32 14 38 -1 34 29 42 -1 31 36 43 -1 27 25 44 -1 25 39 44 -1 45 21 20 -1 43 35 31 -1 41 20 11 -1 28 38 16 -1 29 37 42 -1 44 46 27 -1 47 48 49 -1 50 21 45 -1 32 38 51 -1 24 21 52 -1 32 47 49 -1 24 53 8 -1 33 32 49 -1 49 54 33 -1 55 43 36 -1 54 49 48 -1 10 8 53 -1 20 41 56 -1 36 34 55 -1 54 37 33 -1 41 27 46 -1 35 43 57 -1 39 35 58 -1 55 34 59 -1 45 20 56 -1 47 32 51 -1 60 61 62 -1 63 61 60 -1 55 64 43 -1 37 54 65 -1 58 35 57 -1 44 39 66 -1 37 67 42 -1 54 48 60 -1 10 68 17 -1 65 67 37 -1 58 66 39 -1 52 21 50 -1 63 48 47 -1 60 48 63 -1 69 70 71 -1 41 46 72 -1 50 45 73 -1 65 54 74 -1 54 60 74 -1 44 75 46 -1 10 53 68 -1 64 57 43 -1 76 63 47 -1 59 34 42 -1 70 69 61 -1 66 75 44 -1 77 28 40 -1 56 73 45 -1 58 78 66 -1 64 55 79 -1 76 80 63 -1 81 71 82 -1 57 83 58 -1 60 62 74 -1 61 63 80 -1 70 61 80 -1 74 62 84 -1 84 61 69 -1 62 61 84 -1 85 70 86 -1 71 70 85 -1 71 81 69 -1 81 82 87 -1 88 73 56 -1 57 64 89 -1 90 69 81 -1 75 66 78 -1 83 78 58 -1 76 47 51 -1 40 17 68 -1 38 91 51 -1 92 67 65 -1 84 93 74 -1 56 41 88 -1 94 24 52 -1 80 86 70 -1 72 46 95 -1 84 69 90 -1 87 82 96 -1 67 97 42 -1 53 24 94 -1 42 97 59 -1 82 71 85 -1 98 84 90 -1 79 89 64 -1 41 72 88 -1 75 95 46 -1 97 55 59 -1 65 74 99 -1 38 28 77 -1 100 68 53 -1 97 67 92 -1 89 83 57 -1 91 38 101 -1 74 93 99 -1 90 102 98 -1 99 92 65 -1 103 82 85 -1 96 82 103 -1 97 79 55 -1 91 76 51 -1 93 84 104 -1 50 94 52 -1 80 76 105 -1 97 92 106 -1 77 101 38 -1 94 100 53 -1 103 85 107 -1 108 75 78 -1 98 102 109 -1 83 89 110 -1 111 108 78 -1 73 88 112 -1 92 99 113 -1 77 40 114 -1 84 98 115 -1 115 104 84 -1 109 102 116 -1 113 93 104 -1 99 93 113 -1 68 114 40 -1 76 91 105 -1 85 86 117 -1 107 85 117 -1 78 83 111 -1 88 72 118 -1 86 80 117 -1 101 119 91 -1 95 75 108 -1 107 120 103 -1 113 104 121 -1 115 98 122 -1 98 109 122 -1 114 123 124 -1 114 68 123 -1 110 89 125 -1 89 79 126 -1 94 50 127 -1 128 77 114 -1 123 68 100 -1 106 92 129 -1 130 100 94 -1 79 97 131 -1 112 88 118 -1 118 132 112 -1 105 117 80 -1 110 111 83 -1 128 133 77 -1 104 115 134 -1 77 133 101 -1 113 129 92 -1 135 91 119 -1 105 91 135 -1 131 126 79 -1 136 94 127 -1 126 137 89 -1 117 105 138 -1 50 139 127 -1 107 117 140 -1 139 50 73 -1 110 125 141 -1 72 95 118 -1 106 131 97 -1 135 138 105 -1 125 89 137 -1 119 101 133 -1 121 104 134 -1 128 114 142 -1 140 117 138 -1 143 106 129 -1 144 129 113 -1 124 142 114 -1 139 73 112 -1 137 126 131 -1 115 122 145 -1 146 145 122 -1 132 118 147 -1 107 140 148 -1 142 149 128 -1 118 95 147 -1 122 109 146 -1 120 107 150 -1 133 128 151 -1 138 135 152 -1 139 112 153 -1 138 152 140 -1 123 100 130 -1 154 112 132 -1 111 110 155 -1 144 113 121 -1 130 94 136 -1 156 140 152 -1 157 140 156 -1 130 158 123 -1 129 144 143 -1 151 128 149 -1 148 159 150 -1 150 107 148 -1 152 135 160 -1 134 115 145 -1 158 124 123 -1 95 108 147 -1 119 133 151 -1 161 142 124 -1 157 148 140 -1 154 132 162 -1 162 132 147 -1 163 111 155 -1 164 135 119 -1 144 165 143 -1 125 137 166 -1 108 111 163 -1 121 134 167 -1 152 168 156 -1 160 168 152 -1 131 169 137 -1 159 148 157 -1 127 139 170 -1 167 144 121 -1 169 131 106 -1 108 171 147 -1 171 108 163 -1 164 119 151 -1 166 141 125 -1 157 156 172 -1 146 173 145 -1 135 164 174 -1 110 141 155 -1 165 144 175 -1 176 160 135 -1 142 177 149 -1 178 127 170 -1 130 136 179 -1 176 180 160 -1 173 146 181 -1 177 182 149 -1 178 136 127 -1 153 112 154 -1 175 144 167 -1 166 183 141 -1 147 171 184 -1 145 185 134 -1 171 163 186 -1 172 156 168 -1 142 161 177 -1 130 187 158 -1 141 188 155 -1 185 167 134 -1 151 149 182 -1 174 176 135 -1 186 184 171 -1 189 186 163 -1 137 190 166 -1 124 158 191 -1 191 161 124 -1 178 179 136 -1 192 139 153 -1 187 193 158 -1 169 190 137 -1 155 194 163 -1 168 160 180 -1 106 143 195 -1 170 139 192 -1 164 151 182 -1 191 158 193 -1 183 166 190 -1 185 145 173 -1 178 170 192 -1 187 130 179 -1 196 154 162 -1 162 147 184 -1 195 169 106 -1 194 189 163 -1 185 197 167 -1 183 188 141 -1 155 188 194 -1 175 197 198 -1 199 193 187 -1 175 167 197 -1 143 165 200 -1 191 201 161 -1 201 202 161 -1 169 203 190 -1 204 203 169 -1 188 183 194 -1 172 168 205 -1 174 164 206 -1 168 180 205 -1 161 202 177 -1 187 179 199 -1 195 143 200 -1 207 200 165 -1 207 165 175 -1 192 153 208 -1 154 196 209 -1 162 184 196 -1 186 210 184 -1 211 157 172 -1 190 212 183 -1 190 203 212 -1 207 175 198 -1 153 154 213 -1 197 185 214 -1 164 182 206 -1 183 215 194 -1 196 184 216 -1 210 186 189 -1 191 217 201 -1 177 206 182 -1 215 218 194 -1 169 195 204 -1 154 209 213 -1 209 196 216 -1 193 217 191 -1 211 172 205 -1 180 176 219 -1 220 199 179 -1 198 197 214 -1 200 207 221 -1 207 198 222 -1 185 173 223 -1 195 200 224 -1 225 178 192 -1 223 173 226 -1 193 199 227 -1 224 200 221 -1 204 228 203 -1 208 153 213 -1 221 207 222 -1 174 219 176 -1 174 206 229 -1 230 180 219 -1 180 231 205 -1 230 231 180 -1 216 184 210 -1 212 215 183 -1 214 185 223 -1 225 192 208 -1 222 198 232 -1 199 220 227 -1 204 233 228 -1 212 234 215 -1 205 231 235 -1 202 201 236 -1 179 178 220 -1 237 193 227 -1 238 203 228 -1 218 215 234 -1 195 233 204 -1 212 203 234 -1 174 229 219 -1 195 224 239 -1 198 214 232 -1 210 189 240 -1 211 205 235 -1 201 217 236 -1 236 241 202 -1 202 206 177 -1 239 224 221 -1 242 221 222 -1 218 243 194 -1 239 233 195 -1 237 217 193 -1 210 244 216 -1 240 244 210 -1 238 245 203 -1 208 213 246 -1 246 213 247 -1 220 178 225 -1 240 189 248 -1 213 209 247 -1 189 194 243 -1 214 223 249 -1 250 216 244 -1 206 251 229 -1 231 230 252 -1 236 217 237 -1 228 233 238 -1 222 232 253 -1 254 222 253 -1 241 255 206 -1 237 227 256 -1 232 214 249 -1 242 222 254 -1 257 241 236 -1 248 189 258 -1 209 216 250 -1 203 245 234 -1 202 241 206 -1 227 220 259 -1 232 249 253 -1 251 206 255 -1 234 260 218 -1 248 244 240 -1 234 245 260 -1 256 257 237 -1 236 237 257 -1 243 258 189 -1 261 218 260 -1 220 225 262 -1 263 219 229 -1 257 264 241 -1 219 263 230 -1 241 264 255 -1 250 244 265 -1 253 249 266 -1 233 267 238 -1 268 249 223 -1 220 262 269 -1 258 243 270 -1 243 218 261 -1 244 248 271 -1 239 221 272 -1 259 256 227 -1 251 273 229 -1 266 249 268 -1 267 274 238 -1 263 229 273 -1 265 244 271 -1 275 264 257 -1 262 225 276 -1 272 221 242 -1 260 245 274 -1 209 250 247 -1 242 254 277 -1 245 238 274 -1 243 261 270 -1 260 278 261 -1 267 233 239 -1 257 256 279 -1 230 263 280 -1 254 253 281 -1 239 272 282 -1 264 283 255 -1 252 284 231 -1 235 231 284 -1 274 285 260 -1 271 248 258 -1 269 259 220 -1 279 275 257 -1 267 239 286 -1 273 280 263 -1 276 208 246 -1 287 276 246 -1 239 282 286 -1 247 288 246 -1 252 230 280 -1 225 208 276 -1 284 252 289 -1 277 272 242 -1 270 278 290 -1 278 270 261 -1 285 278 260 -1 259 291 256 -1 266 281 253 -1 291 279 256 -1 275 292 264 -1 289 252 280 -1 287 246 288 -1 293 284 289 -1 277 282 272 -1 266 268 294 -1 295 262 296 -1 262 276 296 -1 284 297 235 -1 288 247 250 -1 250 298 288 -1 269 262 295 -1 265 271 299 -1 300 271 258 -1 258 270 300 -1 301 273 251 -1 254 281 277 -1 281 266 294 -1 283 264 292 -1 251 255 301 -1 265 298 250 -1 290 278 302 -1 285 302 278 -1 303 289 280 -1 270 290 300 -1 292 275 304 -1 283 292 305 -1 306 285 274 -1 291 259 307 -1 273 308 280 -1 267 306 274 -1 307 279 291 -1 301 255 283 -1 296 276 287 -1 309 286 282 -1 298 265 310 -1 285 306 311 -1 267 286 311 -1 294 312 281 -1 286 309 313 -1 297 284 293 -1 277 281 282 -1 271 300 314 -1 315 312 294 -1 311 306 267 -1 316 290 302 -1 281 317 282 -1 312 317 281 -1 269 318 259 -1 299 271 314 -1 314 290 319 -1 285 320 302 -1 287 288 321 -1 288 298 321 -1 290 314 300 -1 297 293 322 -1 293 289 303 -1 313 311 286 -1 309 282 317 -1 298 310 323 -1 310 265 299 -1 324 312 315 -1 321 325 287 -1 273 301 308 -1 283 305 301 -1 326 301 305 -1 307 259 318 -1 327 299 314 -1 317 312 328 -1 292 329 305 -1 330 312 324 -1 316 319 290 -1 296 287 325 -1 316 331 319 -1 332 297 322 -1 313 309 333 -1 307 304 279 -1 279 304 275 -1 317 333 309 -1 326 334 301 -1 308 301 334 -1 304 329 292 -1 335 336 320 -1 330 328 312 -1 320 285 335 -1 307 318 337 -1 311 335 285 -1 307 337 304 -1 280 308 303 -1 295 296 338 -1 339 295 338 -1 340 325 321 -1 320 316 302 -1 336 341 320 -1 310 299 342 -1 327 342 299 -1 343 319 331 -1 327 319 343 -1 314 319 327 -1 313 344 311 -1 330 324 345 -1 335 311 346 -1 333 317 347 -1 321 298 323 -1 348 347 317 -1 293 303 349 -1 316 320 341 -1 323 310 350 -1 337 351 304 -1 332 322 352 -1 329 353 305 -1 318 269 354 -1 331 316 341 -1 303 308 334 -1 295 354 269 -1 348 317 355 -1 318 356 357 -1 337 318 357 -1 358 293 349 -1 330 345 359 -1 293 358 352 -1 344 360 311 -1 322 293 352 -1 333 344 313 -1 318 354 356 -1 355 317 328 -1 349 303 334 -1 328 330 355 -1 343 331 361 -1 344 333 347 -1 296 325 338 -1 339 354 295 -1 355 330 359 -1 339 338 362 -1 363 304 351 -1 364 304 363 -1 340 321 365 -1 321 323 365 -1 346 311 360 -1 310 342 350 -1 366 326 305 -1 341 336 367 -1 337 357 368 -1 335 346 336 -1 327 343 361 -1 336 346 369 -1 360 344 370 -1 334 326 371 -1 353 366 305 -1 358 372 352 -1 364 329 304 -1 338 325 340 -1 373 327 361 -1 338 374 362 -1 348 355 375 -1 370 344 376 -1 344 347 376 -1 349 334 371 -1 375 355 359 -1 377 346 360 -1 331 378 379 -1 331 341 378 -1 374 338 340 -1 366 371 326 -1 339 380 354 -1 360 370 377 -1 350 365 323 -1 367 336 369 -1 342 327 373 -1 329 381 353 -1 382 337 368 -1 381 383 366 -1 353 381 366 -1 349 372 358 -1 351 337 382 -1 378 341 367 -1 384 368 357 -1 371 385 349 -1 380 339 362 -1 361 331 379 -1 386 356 380 -1 356 354 380 -1 357 356 386 -1 386 384 357 -1 351 387 363 -1 388 342 373 -1 371 366 389 -1 375 390 348 -1 391 349 385 -1 382 368 384 -1 390 375 392 -1 389 366 383 -1 369 346 393 -1 376 347 390 -1 372 349 391 -1 387 351 382 -1 394 375 359 -1 347 348 390 -1 374 340 365 -1 365 350 395 -1 364 363 396 -1 397 329 364 -1 381 329 397 -1 381 398 383 -1 397 398 381 -1 386 380 399 -1 376 400 370 -1 399 384 386 -1 401 385 371 -1 380 362 402 -1 380 402 399 -1 392 375 394 -1 393 346 377 -1 373 361 403 -1 404 369 393 -1 404 405 369 -1 376 390 406 -1 392 406 390 -1 401 371 389 -1 342 388 350 -1 393 377 370 -1 388 373 403 -1 379 378 407 -1 382 384 408 -1 409 363 387 -1 365 395 410 -1 370 400 411 -1 379 403 361 -1 367 407 378 -1 376 406 400 -1 401 412 385 -1 387 382 408 -1 374 365 410 -1 396 397 364 -1 398 413 383 -1 384 399 408 -1 413 414 383 -1 367 369 405 -1 383 414 389 -1 415 389 414 -1 363 409 396 -1 409 387 416 -1 404 393 417 -1 418 392 394 -1 393 370 411 -1 403 379 419 -1 405 420 367 -1 389 415 401 -1 400 406 421 -1 421 406 422 -1 410 395 423 -1 395 350 424 -1 406 392 422 -1 424 350 388 -1 393 411 425 -1 426 399 402 -1 407 419 379 -1 427 397 396 -1 398 397 427 -1 407 367 420 -1 428 391 429 -1 391 428 372 -1 374 410 430 -1 430 410 423 -1 385 412 429 -1 391 385 429 -1 417 393 431 -1 425 431 393 -1 422 392 418 -1 405 404 432 -1 432 404 417 -1 415 412 401 -1 433 409 416 -1 434 362 374 -1 396 409 433 -1 419 435 403 -1 408 399 426 -1 436 416 387 -1 427 413 398 -1 395 424 423 -1 403 424 388 -1 421 411 400 -1 421 422 437 -1 438 402 362 -1 436 387 408 -1 437 422 439 -1 440 425 411 -1 432 417 441 -1 408 426 436 -1 441 417 431 -1 434 374 430 -1 418 439 422 -1 427 396 442 -1 419 407 443 -1 405 432 444 -1 445 431 425 -1 440 445 425 -1 411 421 440 -1 424 403 446 -1 420 405 444 -1 403 435 446 -1 414 413 447 -1 415 414 447 -1 433 442 396 -1 446 435 448 -1 449 437 439 -1 450 415 447 -1 451 431 445 -1 439 452 449 -1 439 418 452 -1 451 441 431 -1 420 444 453 -1 435 419 448 -1 454 402 438 -1 445 440 455 -1 413 427 456 -1 362 434 438 -1 456 457 413 -1 416 436 458 -1 413 457 447 -1 424 446 459 -1 449 460 437 -1 407 420 453 -1 448 419 443 -1 444 432 441 -1 446 448 461 -1 412 415 450 -1 462 447 457 -1 402 454 426 -1 450 447 462 -1 421 437 460 -1 433 416 458 -1 453 444 463 -1 453 443 407 -1 430 464 434 -1 441 465 444 -1 466 412 450 -1 462 466 450 -1 429 412 467 -1 455 468 445 -1 459 446 461 -1 434 464 469 -1 449 452 470 -1 451 465 441 -1 455 440 460 -1 427 442 471 -1 445 468 451 -1 440 421 460 -1 423 424 459 -1 430 423 472 -1 433 458 473 -1 455 460 474 -1 456 427 471 -1 438 434 469 -1 436 475 458 -1 423 459 472 -1 449 470 476 -1 430 472 464 -1 465 463 444 -1 466 467 412 -1 465 451 477 -1 458 475 478 -1 479 459 461 -1 459 479 472 -1 442 433 473 -1 453 463 480 -1 451 468 477 -1 448 443 481 -1 436 426 482 -1 443 453 480 -1 483 464 484 -1 472 484 464 -1 471 442 485 -1 486 448 481 -1 457 456 487 -1 482 426 454 -1 438 469 488 -1 465 489 463 -1 481 443 490 -1 443 480 490 -1 469 464 483 -1 484 472 491 -1 463 489 492 -1 485 442 473 -1 454 438 488 -1 477 489 465 -1 477 468 493 -1 474 468 455 -1 462 457 494 -1 467 466 495 -1 491 472 479 -1 469 496 488 -1 469 483 496 -1 486 481 497 -1 487 494 457 -1 490 497 481 -1 498 473 458 -1 499 463 492 -1 485 473 500 -1 456 471 487 -1 493 468 474 -1 480 501 490 -1 480 463 499 -1 461 448 486 -1 492 489 502 -1 471 485 503 -1 504 454 488 -1 486 497 505 -1 466 462 494 -1 497 490 501 -1 506 499 492 -1 461 486 507 -1 475 436 482 -1 507 486 505 -1 501 480 499 -1 492 502 506 -1 458 478 498 -1 505 497 508 -1 498 500 473 -1 500 503 485 -1 475 509 478 -1 466 494 510 -1 503 487 471 -1 488 496 511 -1 508 497 512 -1 501 512 497 -1 482 454 513 -1 512 501 514 -1 501 499 514 -1 461 507 479 -1 509 475 482 -1 495 466 510 -1 494 487 515 -1 516 483 484 -1 499 506 514 -1 507 517 479 -1 487 503 518 -1 488 511 504 -1 519 496 483 -1 505 520 507 -1 500 518 503 -1 513 454 504 -1 518 521 487 -1 511 496 519 -1 515 487 521 -1 516 519 483 -1 484 522 516 -1 491 522 484 -1 491 479 517 -1 494 515 510 -1 520 505 508 -1 504 523 513 -1 491 517 522 -1 482 513 509 -1 517 507 524 -1 478 509 525 -1 504 511 526 -1 523 504 526 -1 527 528 515 -1 510 515 528 -1 522 517 529 -1 530 518 500 -1 498 478 531 -1 528 527 532 -1 516 533 519 -1 521 518 534 -1 524 507 535 -1 507 520 535 -1 536 500 498 -1 524 529 517 -1 531 478 525 -1 511 537 526 -1 519 537 511 -1 498 531 536 -1 530 500 538 -1 530 534 518 -1 500 536 538 -1 509 513 525 -1 521 527 515 -1 520 508 539 -1 516 540 533 -1 516 522 540 -1 541 528 532 -1 531 525 542 -1 522 529 540 -1 529 524 535 -1 534 530 543 -1 520 539 535 -1 532 527 544 -1 527 521 545 -1 525 513 546 -1 536 531 538 -1 537 519 547 -1 533 547 519 -1 540 529 548 -1 525 546 542 -1 549 535 539 -1 535 548 529 -1 550 526 537 -1 535 549 548 -1 532 544 551 -1 533 540 552 -1 521 534 545 -1 545 544 527 -1 541 532 551 -1 540 548 553 -1 523 526 550 -1 554 513 523 -1 513 554 546 -1 547 533 555 -1 556 534 543 -1 557 530 538 -1 530 557 543 -1 549 558 553 -1 548 549 553 -1 559 537 547 -1 533 552 555 -1 552 540 553 -1 560 523 550 -1 561 557 538 -1 531 542 562 -1 557 556 543 -1 562 538 531 -1 552 553 563 -1 554 523 560 -1 542 546 564 -1 564 562 542 -1 556 557 561 -1 562 561 538 -1 564 546 554 -1 562 565 561 -1 562 564 565 -1 564 566 565 -1 567 81 87 -1 567 87 568 -1 569 568 570 -1 567 568 569 -1 90 81 567 -1 570 568 571 -1 87 571 568 -1 571 572 570 -1 102 90 567 -1 571 87 96 -1 102 567 573 -1 574 575 576 -1 572 571 577 -1 578 574 576 -1 567 569 573 -1 579 576 575 -1 576 579 578 -1 571 96 577 -1 575 570 572 -1 570 574 569 -1 574 570 575 -1 103 577 96 -1 580 581 582 -1 583 584 577 -1 585 586 587 -1 588 586 585 -1 581 589 579 -1 572 577 584 -1 573 569 590 -1 569 591 590 -1 589 581 592 -1 580 592 581 -1 577 103 583 -1 575 572 593 -1 591 569 594 -1 569 574 594 -1 578 579 589 -1 102 573 116 -1 595 580 586 -1 116 573 590 -1 586 588 595 -1 596 588 585 -1 580 582 587 -1 586 580 587 -1 592 580 595 -1 572 584 597 -1 598 578 589 -1 120 583 103 -1 593 572 597 -1 579 582 581 -1 595 588 599 -1 574 578 598 -1 579 575 593 -1 582 579 600 -1 600 587 582 -1 601 116 590 -1 602 589 592 -1 588 603 599 -1 574 598 594 -1 593 600 579 -1 600 604 587 -1 585 587 604 -1 109 116 601 -1 588 596 603 -1 590 591 605 -1 605 601 590 -1 592 595 602 -1 598 589 602 -1 606 596 607 -1 595 599 608 -1 591 594 609 -1 603 596 606 -1 610 608 599 -1 594 598 611 -1 611 598 602 -1 599 603 612 -1 602 595 613 -1 612 603 606 -1 595 608 613 -1 614 609 594 -1 593 615 600 -1 604 600 615 -1 607 585 616 -1 585 607 596 -1 585 604 616 -1 605 591 609 -1 607 617 606 -1 614 594 611 -1 618 611 602 -1 613 618 602 -1 109 601 146 -1 613 608 619 -1 609 614 620 -1 621 606 617 -1 622 606 621 -1 615 623 604 -1 606 622 612 -1 624 612 622 -1 593 625 615 -1 616 604 623 -1 612 624 626 -1 624 622 627 -1 599 612 628 -1 615 625 629 -1 593 597 625 -1 615 629 623 -1 146 601 630 -1 631 614 611 -1 630 601 605 -1 605 609 632 -1 599 628 610 -1 584 633 597 -1 628 612 626 -1 625 597 633 -1 632 609 620 -1 583 120 150 -1 634 583 150 -1 617 607 635 -1 584 583 636 -1 619 608 637 -1 623 638 616 -1 621 639 622 -1 621 617 635 -1 622 639 627 -1 637 608 610 -1 640 634 150 -1 629 625 633 -1 634 636 583 -1 627 641 624 -1 630 605 642 -1 632 642 605 -1 633 636 643 -1 584 636 633 -1 611 618 631 -1 619 637 644 -1 621 635 645 -1 632 620 646 -1 639 621 645 -1 635 607 616 -1 628 626 647 -1 620 614 631 -1 627 639 648 -1 626 624 641 -1 623 629 649 -1 146 630 181 -1 641 627 648 -1 623 649 650 -1 638 623 650 -1 649 629 651 -1 618 613 652 -1 642 632 646 -1 620 631 653 -1 647 626 654 -1 629 633 651 -1 626 641 654 -1 613 619 644 -1 610 655 656 -1 610 628 655 -1 657 645 635 -1 643 651 633 -1 652 613 644 -1 641 648 654 -1 653 646 620 -1 654 648 658 -1 631 618 659 -1 630 660 181 -1 659 618 661 -1 639 662 648 -1 642 663 630 -1 634 640 636 -1 651 664 649 -1 616 657 635 -1 610 665 637 -1 665 610 656 -1 653 631 659 -1 652 661 618 -1 639 645 662 -1 660 630 663 -1 664 650 649 -1 628 647 655 -1 657 616 638 -1 643 636 666 -1 646 653 667 -1 150 159 668 -1 660 669 181 -1 670 651 643 -1 665 644 637 -1 653 659 671 -1 636 640 666 -1 653 671 667 -1 157 672 159 -1 673 159 672 -1 640 150 668 -1 646 667 642 -1 663 642 674 -1 675 644 665 -1 676 655 647 -1 647 654 676 -1 677 676 654 -1 654 658 677 -1 678 638 650 -1 173 181 669 -1 661 671 659 -1 670 664 651 -1 673 668 159 -1 664 679 650 -1 660 663 680 -1 680 663 674 -1 674 642 667 -1 681 665 656 -1 666 640 668 -1 662 658 648 -1 656 655 676 -1 682 669 660 -1 682 660 680 -1 645 657 683 -1 662 645 683 -1 157 211 672 -1 644 684 685 -1 675 684 644 -1 668 686 666 -1 680 674 687 -1 664 670 679 -1 671 688 667 -1 657 638 678 -1 689 657 678 -1 681 675 665 -1 682 690 669 -1 643 666 691 -1 673 692 668 -1 678 650 693 -1 686 668 692 -1 671 661 694 -1 661 685 694 -1 685 661 652 -1 685 652 644 -1 695 656 676 -1 692 673 672 -1 666 686 691 -1 650 679 693 -1 696 674 667 -1 683 657 689 -1 687 674 697 -1 697 674 696 -1 686 692 698 -1 694 688 671 -1 173 669 699 -1 675 681 684 -1 695 681 656 -1 643 691 670 -1 658 662 700 -1 700 677 658 -1 211 692 672 -1 680 687 682 -1 699 669 690 -1 684 681 701 -1 693 679 702 -1 703 691 686 -1 688 696 667 -1 682 687 704 -1 226 173 699 -1 685 705 694 -1 706 683 707 -1 683 706 662 -1 700 662 706 -1 677 700 708 -1 695 676 709 -1 679 670 710 -1 676 677 709 -1 670 711 710 -1 712 681 695 -1 710 702 679 -1 678 693 713 -1 695 709 714 -1 701 681 712 -1 705 685 715 -1 709 677 708 -1 684 716 715 -1 685 684 715 -1 711 670 691 -1 703 698 717 -1 686 698 703 -1 694 705 718 -1 716 684 701 -1 719 709 708 -1 704 720 682 -1 692 211 721 -1 693 702 722 -1 694 723 688 -1 723 694 718 -1 692 724 698 -1 717 725 703 -1 713 689 678 -1 714 709 719 -1 226 699 726 -1 690 726 699 -1 705 715 727 -1 691 703 725 -1 712 695 728 -1 695 714 728 -1 690 682 720 -1 719 708 729 -1 725 711 691 -1 702 730 722 -1 708 700 729 -1 704 687 697 -1 722 713 693 -1 701 712 728 -1 698 731 717 -1 717 731 732 -1 725 717 732 -1 689 707 683 -1 223 226 726 -1 688 733 696 -1 734 711 725 -1 710 711 735 -1 704 736 720 -1 727 715 716 -1 700 706 737 -1 729 700 738 -1 721 211 235 -1 697 696 739 -1 704 697 739 -1 692 721 724 -1 735 730 710 -1 702 710 730 -1 688 723 733 -1 718 705 727 -1 737 738 700 -1 740 716 701 -1 740 701 728 -1 736 704 741 -1 223 726 268 -1 733 739 696 -1 704 739 741 -1 706 707 742 -1 734 725 732 -1 711 734 735 -1 707 689 743 -1 727 716 744 -1 740 744 716 -1 724 731 698 -1 690 720 745 -1 713 746 689 -1 728 714 747 -1 736 745 720 -1 747 714 748 -1 742 737 706 -1 707 743 742 -1 714 719 748 -1 726 690 745 -1 719 729 748 -1 738 748 729 -1 722 730 749 -1 728 750 740 -1 728 747 750 -1 689 746 743 -1 751 268 726 -1 737 752 738 -1 732 731 753 -1 754 741 739 -1 722 746 713 -1 747 748 755 -1 733 756 739 -1 727 757 718 -1 730 735 749 -1 752 737 758 -1 748 738 752 -1 294 268 751 -1 736 741 754 -1 745 751 726 -1 757 727 744 -1 721 759 724 -1 749 760 722 -1 735 734 761 -1 750 747 762 -1 763 733 723 -1 764 763 723 -1 718 764 723 -1 722 760 746 -1 721 235 765 -1 754 739 766 -1 739 756 766 -1 756 733 767 -1 757 744 768 -1 734 732 769 -1 742 743 770 -1 753 769 732 -1 749 735 761 -1 751 315 294 -1 771 718 757 -1 752 758 748 -1 767 733 763 -1 754 772 773 -1 745 736 774 -1 743 775 770 -1 737 742 770 -1 761 734 776 -1 235 297 765 -1 773 774 736 -1 740 750 777 -1 736 754 773 -1 731 724 778 -1 718 771 764 -1 766 756 767 -1 751 745 779 -1 744 740 777 -1 758 755 748 -1 743 746 780 -1 780 775 743 -1 772 766 781 -1 776 734 769 -1 774 782 745 -1 766 772 754 -1 764 771 783 -1 737 770 784 -1 750 762 777 -1 785 746 760 -1 771 757 786 -1 757 768 786 -1 763 787 767 -1 773 772 788 -1 746 785 780 -1 731 778 753 -1 755 758 789 -1 790 770 775 -1 790 784 770 -1 768 744 777 -1 747 755 791 -1 764 787 763 -1 783 787 764 -1 778 724 759 -1 789 758 784 -1 758 737 784 -1 774 792 782 -1 774 773 792 -1 761 793 749 -1 782 779 745 -1 794 761 776 -1 765 759 721 -1 747 791 762 -1 766 767 795 -1 796 315 751 -1 779 796 751 -1 760 749 793 -1 788 792 773 -1 791 755 789 -1 788 772 781 -1 796 324 315 -1 787 783 797 -1 795 781 766 -1 792 788 798 -1 793 761 794 -1 799 762 791 -1 789 799 791 -1 776 769 800 -1 297 332 765 -1 760 793 801 -1 796 802 324 -1 786 768 803 -1 782 796 779 -1 753 804 769 -1 768 777 805 -1 778 806 753 -1 783 771 786 -1 797 807 787 -1 793 794 808 -1 788 809 798 -1 775 780 810 -1 811 812 765 -1 781 795 813 -1 759 765 812 -1 785 760 801 -1 795 767 807 -1 778 759 814 -1 803 768 805 -1 767 787 807 -1 789 784 815 -1 785 816 780 -1 817 818 793 -1 804 753 806 -1 801 793 818 -1 811 765 332 -1 788 781 809 -1 759 812 814 -1 792 798 782 -1 777 819 805 -1 819 777 762 -1 819 762 820 -1 769 804 800 -1 345 324 802 -1 775 810 821 -1 794 776 808 -1 784 790 822 -1 797 783 823 -1 815 799 789 -1 814 806 778 -1 801 818 824 -1 801 824 785 -1 825 780 816 -1 825 810 780 -1 813 826 781 -1 762 799 827 -1 813 795 828 -1 795 807 829 -1 790 775 821 -1 830 790 821 -1 783 786 823 -1 796 782 802 -1 805 831 803 -1 829 807 797 -1 822 815 784 -1 831 805 832 -1 793 808 817 -1 816 785 824 -1 810 825 821 -1 762 827 820 -1 826 809 781 -1 806 814 833 -1 805 819 832 -1 832 819 820 -1 822 790 830 -1 795 829 828 -1 786 803 823 -1 824 818 834 -1 798 809 835 -1 825 836 821 -1 804 806 837 -1 838 804 837 -1 800 804 838 -1 800 808 776 -1 823 803 839 -1 840 812 811 -1 841 797 823 -1 826 813 828 -1 345 802 842 -1 799 815 827 -1 837 806 843 -1 803 831 839 -1 844 802 782 -1 359 345 842 -1 332 352 845 -1 815 822 827 -1 841 823 846 -1 332 845 847 -1 843 806 833 -1 823 839 846 -1 848 844 782 -1 798 848 782 -1 818 817 834 -1 811 332 849 -1 797 841 829 -1 820 827 850 -1 851 835 809 -1 845 352 372 -1 809 826 851 -1 828 852 826 -1 853 814 812 -1 816 824 854 -1 828 855 852 -1 817 808 856 -1 849 332 847 -1 825 816 857 -1 836 825 857 -1 798 835 858 -1 853 812 840 -1 808 838 856 -1 822 850 827 -1 829 855 828 -1 832 820 850 -1 848 798 858 -1 831 832 859 -1 830 821 860 -1 854 824 834 -1 852 861 826 -1 822 830 862 -1 808 800 838 -1 861 851 826 -1 863 851 861 -1 864 847 845 -1 861 852 855 -1 842 802 865 -1 856 866 817 -1 811 849 840 -1 850 859 832 -1 841 846 867 -1 850 822 862 -1 865 802 844 -1 868 851 863 -1 372 864 845 -1 869 854 834 -1 864 870 847 -1 855 871 861 -1 849 847 870 -1 857 816 854 -1 871 855 829 -1 865 872 842 -1 829 841 873 -1 846 874 867 -1 860 821 836 -1 850 862 875 -1 862 830 860 -1 839 831 876 -1 359 842 872 -1 877 837 878 -1 837 877 838 -1 876 831 859 -1 835 851 868 -1 872 865 879 -1 859 850 880 -1 876 846 839 -1 844 848 881 -1 878 837 843 -1 862 860 882 -1 871 863 861 -1 833 814 853 -1 883 871 873 -1 871 829 873 -1 876 874 846 -1 834 817 866 -1 840 849 884 -1 865 844 881 -1 885 881 848 -1 840 886 853 -1 863 871 887 -1 883 887 871 -1 888 838 877 -1 857 854 889 -1 881 879 865 -1 836 857 890 -1 394 359 872 -1 872 891 394 -1 858 835 868 -1 892 843 833 -1 893 859 894 -1 859 880 894 -1 850 875 880 -1 862 882 875 -1 884 849 870 -1 838 888 856 -1 895 856 888 -1 867 873 841 -1 860 836 890 -1 896 892 833 -1 858 885 848 -1 859 893 876 -1 897 873 867 -1 860 890 898 -1 898 882 860 -1 866 856 895 -1 876 899 874 -1 879 891 872 -1 864 372 428 -1 899 876 893 -1 880 875 882 -1 896 833 853 -1 857 889 890 -1 834 866 900 -1 879 881 901 -1 901 881 902 -1 897 867 874 -1 394 891 418 -1 891 879 903 -1 888 877 904 -1 884 886 840 -1 843 892 878 -1 885 858 905 -1 906 897 874 -1 883 873 907 -1 908 883 907 -1 878 909 877 -1 885 902 881 -1 884 870 910 -1 866 895 900 -1 885 911 902 -1 885 905 911 -1 912 863 887 -1 868 913 858 -1 873 897 907 -1 914 913 868 -1 915 853 886 -1 864 910 870 -1 854 869 889 -1 909 878 892 -1 903 879 901 -1 914 868 912 -1 868 863 912 -1 890 889 916 -1 858 913 905 -1 874 899 917 -1 898 880 882 -1 895 888 918 -1 864 428 919 -1 429 919 428 -1 906 920 897 -1 869 834 921 -1 890 916 898 -1 908 887 883 -1 898 894 880 -1 922 923 892 -1 909 892 923 -1 893 924 899 -1 918 888 904 -1 869 921 925 -1 926 916 889 -1 913 911 905 -1 920 907 897 -1 927 894 898 -1 891 903 418 -1 906 874 917 -1 892 896 922 -1 884 910 928 -1 886 884 928 -1 929 886 928 -1 929 915 886 -1 930 901 902 -1 930 902 911 -1 904 877 909 -1 864 919 910 -1 915 922 896 -1 889 869 925 -1 896 853 915 -1 926 889 925 -1 930 911 931 -1 452 418 903 -1 930 932 901 -1 933 894 927 -1 893 894 933 -1 911 913 931 -1 898 916 927 -1 887 908 934 -1 935 917 899 -1 899 924 935 -1 929 928 936 -1 834 900 921 -1 912 887 934 -1 901 937 903 -1 901 932 937 -1 906 938 920 -1 900 895 918 -1 919 429 467 -1 913 914 939 -1 940 908 907 -1 906 917 938 -1 907 920 940 -1 940 920 938 -1 931 913 939 -1 941 915 929 -1 922 915 941 -1 942 904 943 -1 939 914 944 -1 924 893 933 -1 912 934 945 -1 934 908 946 -1 918 904 942 -1 947 943 909 -1 904 909 943 -1 930 931 948 -1 949 923 922 -1 950 948 931 -1 950 931 939 -1 452 903 470 -1 937 470 903 -1 914 912 945 -1 951 945 934 -1 928 919 952 -1 910 919 928 -1 953 935 924 -1 919 467 954 -1 914 945 944 -1 937 932 955 -1 956 946 908 -1 940 956 908 -1 952 919 954 -1 932 930 957 -1 958 940 938 -1 929 936 941 -1 938 917 935 -1 933 927 959 -1 927 916 959 -1 958 938 960 -1 961 900 918 -1 924 962 953 -1 944 945 963 -1 946 956 964 -1 933 962 924 -1 965 921 900 -1 934 946 951 -1 944 950 939 -1 958 956 940 -1 470 937 955 -1 959 916 966 -1 916 926 966 -1 962 933 959 -1 961 918 942 -1 941 967 922 -1 923 947 909 -1 947 923 968 -1 930 948 957 -1 951 963 945 -1 965 900 969 -1 948 950 970 -1 944 971 950 -1 951 946 964 -1 955 932 972 -1 959 966 973 -1 957 972 932 -1 941 936 974 -1 935 975 938 -1 969 900 961 -1 953 962 976 -1 954 977 952 -1 964 956 978 -1 978 956 958 -1 979 959 973 -1 962 959 980 -1 980 959 979 -1 968 923 949 -1 957 981 972 -1 941 974 967 -1 935 953 975 -1 971 944 963 -1 948 970 957 -1 976 962 980 -1 971 970 950 -1 958 960 982 -1 947 983 943 -1 984 955 972 -1 985 925 921 -1 926 925 985 -1 986 964 978 -1 975 953 976 -1 978 958 987 -1 987 958 982 -1 938 975 960 -1 954 467 495 -1 984 972 981 -1 957 970 981 -1 971 963 988 -1 922 967 949 -1 989 966 926 -1 985 921 965 -1 983 947 968 -1 928 952 977 -1 977 990 928 -1 954 495 977 -1 974 936 991 -1 989 926 985 -1 975 976 992 -1 978 993 986 -1 994 970 971 -1 963 951 995 -1 987 993 978 -1 964 995 951 -1 928 990 936 -1 984 981 996 -1 986 995 964 -1 995 986 993 -1 982 960 997 -1 970 994 981 -1 942 998 961 -1 960 975 999 -1 936 990 1000 -1 998 942 943 -1 1001 988 963 -1 987 982 1002 -1 1001 963 1003 -1 989 985 1004 -1 999 975 992 -1 976 980 992 -1 971 988 994 -1 994 988 1001 -1 997 960 999 -1 989 973 966 -1 969 1005 965 -1 977 495 1006 -1 967 1007 949 -1 968 949 1007 -1 1008 996 981 -1 981 994 1009 -1 1009 1008 981 -1 1002 982 997 -1 993 1010 995 -1 994 1001 1011 -1 1012 1004 985 -1 963 995 1003 -1 1010 1003 995 -1 969 961 1013 -1 999 992 1014 -1 977 1006 990 -1 991 936 1000 -1 985 965 1015 -1 993 987 1016 -1 1011 1009 994 -1 1015 965 1005 -1 1013 961 998 -1 969 1013 1017 -1 968 1007 1018 -1 968 1018 983 -1 1016 987 1019 -1 1009 1011 1020 -1 980 979 1021 -1 979 973 1022 -1 1010 993 1023 -1 993 1016 1023 -1 1002 1019 987 -1 1024 1009 1020 -1 980 1021 992 -1 979 1022 1021 -1 1011 1001 1025 -1 1026 1027 1010 -1 1020 1011 1025 -1 1010 1023 1026 -1 967 974 1007 -1 1007 1028 1018 -1 1012 985 1015 -1 989 1004 973 -1 1008 1029 996 -1 1030 943 983 -1 1024 1008 1009 -1 1031 1008 1024 -1 969 1017 1005 -1 1025 1001 1027 -1 1001 1003 1027 -1 1027 1003 1010 -1 1006 495 1032 -1 1006 1000 990 -1 1023 1016 1033 -1 1034 1002 1035 -1 1035 1002 997 -1 1016 1019 1036 -1 997 999 1037 -1 992 1021 1014 -1 1032 495 510 -1 1029 1008 1031 -1 1017 1013 1038 -1 1032 510 528 -1 1026 1023 1039 -1 1023 1033 1039 -1 1002 1034 1019 -1 974 991 1040 -1 973 1004 1041 -1 999 1014 1037 -1 1024 1020 1042 -1 1039 1033 1043 -1 1044 1014 1021 -1 1030 983 1045 -1 1019 1034 1036 -1 998 943 1030 -1 1033 1016 1046 -1 1047 1040 991 -1 1022 973 1041 -1 1016 1036 1046 -1 1035 997 1037 -1 1048 1027 1026 -1 1037 1014 1049 -1 1038 1013 998 -1 1017 1050 1005 -1 1024 1042 1031 -1 1049 1014 1044 -1 1007 974 1040 -1 1051 1017 1038 -1 1000 1006 1052 -1 1053 1015 1005 -1 1015 1053 1012 -1 1052 1006 1054 -1 1000 1052 991 -1 1030 1055 998 -1 1025 1027 1056 -1 1044 1021 1022 -1 1020 1025 1042 -1 1017 1051 1050 -1 1057 1048 1058 -1 1048 1026 1058 -1 1047 1007 1040 -1 1026 1039 1058 -1 1032 528 541 -1 1059 983 1018 -1 1047 991 1052 -1 1060 1033 1046 -1 1054 1006 1032 -1 1038 998 1055 -1 1050 1051 1061 -1 1043 1058 1039 -1 1034 1062 1036 -1 1053 1005 1050 -1 1012 1053 1063 -1 1034 1035 1064 -1 1044 1022 1065 -1 1041 1065 1022 -1 1025 1056 1042 -1 1059 1018 1028 -1 1043 1033 1060 -1 1049 1044 1066 -1 1046 1036 1067 -1 1062 1034 1064 -1 1027 1048 1056 -1 1068 1064 1035 -1 1035 1037 1068 -1 1037 1049 1068 -1 1057 1056 1048 -1 1067 1036 1062 -1 1051 1038 1069 -1 1032 541 1070 -1 1045 983 1059 -1 1071 1062 1064 -1 1063 1053 1072 -1 1004 1063 1073 -1 1012 1063 1004 -1 1064 1068 1074 -1 1046 1067 1060 -1 1054 1032 1070 -1 1038 1055 1069 -1 1057 1058 1075 -1 1075 1058 1076 -1 1058 1043 1076 -1 1066 1044 1077 -1 1044 1065 1077 -1 1071 1064 1074 -1 1067 1078 1060 -1 1059 1079 1045 -1 1043 1060 1076 -1 1007 1047 1080 -1 1065 1041 1077 -1 1041 1004 1073 -1 1081 1062 1071 -1 1053 1050 1082 -1 1052 1083 1047 -1 1084 1049 1066 -1 1080 1047 1085 -1 1076 1060 1078 -1 1078 1067 1081 -1 1067 1062 1081 -1 1030 1045 1086 -1 1055 1030 1086 -1 1050 1061 1087 -1 1079 1059 1088 -1 1086 1045 1079 -1 1049 1084 1068 -1 1089 1075 1076 -1 1080 1090 1007 -1 1028 1007 1090 -1 1091 1071 1074 -1 1092 1057 1075 -1 1059 1028 1088 -1 1041 1073 1093 -1 1047 1083 1085 -1 1087 1082 1050 -1 1081 1071 1094 -1 1053 1082 1072 -1 1074 1068 1095 -1 1051 1069 1096 -1 1089 1076 1078 -1 1071 1091 1094 -1 1052 1054 1097 -1 1093 1077 1041 -1 1069 1055 1086 -1 1092 1075 1098 -1 1095 1068 1084 -1 1051 1096 1061 -1 1084 1066 1099 -1 1066 1077 1100 -1 1094 1101 1081 -1 1098 1075 1102 -1 1075 1089 1102 -1 1089 1078 1103 -1 1078 1101 1103 -1 1104 1063 1072 -1 1081 1101 1078 -1 1073 1063 1104 -1 1086 1079 1105 -1 1091 1074 1106 -1 1099 1066 1100 -1 1107 1103 1101 -1 1106 1074 1095 -1 1089 1108 1102 -1 1109 1106 1095 -1 1089 1103 1108 -1 1094 1091 1110 -1 1111 1095 1084 -1 1084 1099 1111 -1 1086 1112 1069 -1 1108 1113 1102 -1 1107 1113 1108 -1 1103 1107 1108 -1 1091 1106 1110 -1 1112 1096 1069 -1 1100 1077 1114 -1 1093 1073 1115 -1 1116 1072 1082 -1 1094 1117 1101 -1 1095 1111 1109 -1 1107 1101 1117 -1 1111 1099 1100 -1 1086 1118 1112 -1 1093 1114 1077 -1 1117 1094 1119 -1 1113 1107 1120 -1 1107 1117 1120 -1 1109 1110 1106 -1 1086 1105 1118 -1 1073 1104 1115 -1 1117 1119 1121 -1 1109 1111 1122 -1 1120 1117 1123 -1 1110 1119 1094 -1 1104 1072 1116 -1 1110 1109 1124 -1 1125 1126 1120 -1 1117 1121 1123 -1 1120 1123 1125 -1 1110 1127 1119 -1 1118 1128 1112 -1 1110 1124 1127 -1 1100 1114 1129 -1 1093 1115 1130 -1 1120 1126 1113 -1 1123 1121 1131 -1 1125 1123 1131 -1 1079 1132 1105 -1 1127 1121 1119 -1 1121 1127 1133 -1 1122 1111 1134 -1 1111 1100 1134 -1 1096 1112 1135 -1 1061 1096 1135 -1 1087 1061 1135 -1 1136 1124 1109 -1 1109 1122 1136 -1 1125 1137 1126 -1 1138 1131 1121 -1 1133 1138 1121 -1 1134 1139 1122 -1 1140 1134 1100 -1 1129 1140 1100 -1 1115 1104 1141 -1 1129 1114 1093 -1 1118 1105 1142 -1 1128 1118 1142 -1 1133 1127 1143 -1 1127 1124 1144 -1 1145 1082 1087 -1 1136 1122 1139 -1 1146 1104 1116 -1 1131 1138 1147 -1 1138 1133 1148 -1 1144 1124 1149 -1 1135 1112 1150 -1 1124 1136 1149 -1 1140 1129 1151 -1 1129 1093 1152 -1 1130 1152 1093 -1 1148 1133 1143 -1 1143 1127 1144 -1 1147 1138 1148 -1 1128 1150 1112 -1 1130 1115 1141 -1 1153 1125 1154 -1 1131 1154 1125 -1 1143 1144 1155 -1 1134 1140 1156 -1 1140 1151 1156 -1 1148 1157 1147 -1 1149 1136 1158 -1 1148 1143 1157 -1 1139 1158 1136 -1 1159 1137 1153 -1 1137 1125 1153 -1 1131 1147 1154 -1 1160 1139 1156 -1 1139 1134 1156 -1 1151 1129 1152 -1 1087 1135 1161 -1 1149 1155 1144 -1 1139 1160 1158 -1 1145 1087 1161 -1 1116 1082 1145 -1 1162 1147 1157 -1 1163 1155 1149 -1 1164 1157 1143 -1 1165 1156 1151 -1 1151 1152 1165 -1 1154 1147 1166 -1 1130 1141 1167 -1 1162 1157 1164 -1 1164 1143 1155 -1 1163 1149 1168 -1 1168 1149 1158 -1 1104 1169 1141 -1 1166 1153 1154 -1 1170 1116 1145 -1 1147 1162 1171 -1 1166 1147 1171 -1 1172 1163 1168 -1 1173 1156 1165 -1 1104 1146 1169 -1 1174 1164 1155 -1 1167 1141 1175 -1 1174 1155 1163 -1 1116 1170 1146 -1 1160 1156 1173 -1 1162 1164 1176 -1 1176 1164 1174 -1 1175 1141 1169 -1 1168 1158 1160 -1 1152 1130 1177 -1 1161 1178 1145 -1 1171 1162 1179 -1 1145 1178 1170 -1 1163 1172 1180 -1 1172 1168 1181 -1 1165 1152 1177 -1 1163 1180 1174 -1 1179 1182 1171 -1 1176 1179 1162 -1 1172 1181 1183 -1 1179 1176 1184 -1 1181 1168 1185 -1 1160 1185 1168 -1 1130 1167 1177 -1 1174 1180 1186 -1 1160 1187 1185 -1 1182 1179 1184 -1 1160 1173 1187 -1 1173 1165 1188 -1 1176 1174 1189 -1 1146 1170 1190 -1 1165 1191 1188 -1 1192 1180 1172 -1 1183 1192 1172 -1 1183 1181 1193 -1 1186 1189 1174 -1 1181 1185 1193 -1 1165 1177 1191 -1 1173 1188 1194 -1 1189 1184 1176 -1 1187 1173 1194 -1 1146 1195 1169 -1 1186 1196 1189 -1 1185 1187 1193 -1 1193 1187 1197 -1 1198 1197 1187 -1 1198 1187 1194 -1 1184 1199 1182 -1 1199 1184 1196 -1 1183 1193 1200 -1 1189 1196 1184 -1 1201 1191 1177 -1 1202 1192 1200 -1 1192 1183 1200 -1 1196 1186 1203 -1 1178 1161 1135 -1 1197 1200 1193 -1 1177 1167 1201 -1 1202 1204 1192 -1 1205 1203 1186 -1 1202 1200 1206 -1 1180 1205 1186 -1 1180 1192 1205 -1 1207 1199 1208 -1 1196 1208 1199 -1 1209 1197 1198 -1 1210 1209 1198 -1 1211 1208 1196 -1 1211 1196 1203 -1 1167 1175 1212 -1 1206 1213 1202 -1 1188 1191 1214 -1 1205 1192 1204 -1 1197 1206 1200 -1 1206 1197 1209 -1 1210 1215 1209 -1 1194 1210 1198 -1 1210 1194 1216 -1 1194 1188 1216 -1 1211 1203 1205 -1 1205 1217 1211 -1 1204 1202 1218 -1 1219 1169 1195 -1 1218 1202 1213 -1 1175 1169 1212 -1 1191 1201 1214 -1 1208 1220 1207 -1 1211 1220 1208 -1 1215 1210 1216 -1 1169 1219 1212 -1 1146 1190 1195 -1 1209 1213 1206 -1 1205 1204 1221 -1 1188 1214 1216 -1 1222 1201 1223 -1 1214 1201 1222 -1 1201 1167 1223 -1 1207 1220 1224 -1 1224 1220 1225 -1 1220 1211 1225 -1 1219 1226 1212 -1 1225 1211 1217 -1 1215 1216 1227 -1 1205 1221 1228 -1 1217 1205 1228 -1 1216 1214 1222 -1 1217 1228 1229 -1 1212 1226 1230 -1 1167 1212 1230 -1 1225 1217 1229 -1 1230 1223 1167 -1 1216 1222 1231 -1 1195 1232 1219 -1 1231 1222 1233 -1 1234 1226 1219 -1 1232 1195 1190 -1 1235 1224 1225 -1 1225 1236 1235 -1 1236 1225 1229 -1 1236 1229 1237 -1 1228 1237 1229 -1 1222 1223 1238 -1 1233 1222 1238 -1 1237 1228 1239 -1 1236 1240 1235 -1 1239 1228 1221 -1 1240 1236 1237 -1 1241 1238 1223 -1 1233 1238 1242 -1 1223 1230 1241 -1 1231 1233 1243 -1 1244 1230 1226 -1 1242 1238 1241 -1 1233 1242 1245 -1 1244 1241 1230 -1 1233 1245 1243 -1 1246 1243 1247 -1 1234 1244 1226 -1 1245 1242 1248 -1 1248 1242 1241 -1 1245 1247 1243 -1 1249 1250 1251 -1 1252 1250 1253 -1 1252 1251 1250 -1 1254 1249 1251 -1 1252 1255 1251 -1 1256 1250 1249 -1 1255 1252 1257 -1 1250 1258 1253 -1 1259 1258 1260 -1 1258 1256 1260 -1 1250 1256 1258 -1 1258 1261 1253 -1 1262 1253 1261 -1 1254 1263 1249 -1 1261 1258 1259 -1 1257 1264 1255 -1 1251 1255 1265 -1 1253 1262 1252 -1 1257 1252 1262 -1 1263 1266 1256 -1 1256 1249 1263 -1 1267 1263 1254 -1 1267 1254 1268 -1 1254 1251 1265 -1 1265 1255 1269 -1 1264 1269 1255 -1 1260 1256 1266 -1 1265 1269 1270 -1 1271 1260 1272 -1 1260 1271 1259 -1 1273 1262 1261 -1 1274 1269 1264 -1 1264 1275 1274 -1 1254 1265 1268 -1 1264 1276 1275 -1 1272 1260 1266 -1 1269 1274 1277 -1 1268 1265 1278 -1 1270 1278 1265 -1 1270 1269 1277 -1 1259 1271 1279 -1 1280 1274 1275 -1 1257 1262 1281 -1 1266 1263 1267 -1 1257 1281 1264 -1 1281 1276 1264 -1 1272 1282 1271 -1 1272 1266 1283 -1 1284 1279 1271 -1 1259 1279 1285 -1 1273 1281 1262 -1 1284 1271 1282 -1 1259 1285 1261 -1 1283 1266 1286 -1 1267 1286 1266 -1 1274 1287 1277 -1 1274 1280 1287 -1 1268 1278 1288 -1 1280 1275 1276 -1 1286 1267 1289 -1 1290 1277 1287 -1 1278 1270 1288 -1 1279 1284 1291 -1 1285 1273 1261 -1 1292 1272 1283 -1 1293 1287 1280 -1 1282 1272 1292 -1 1287 1294 1290 -1 1276 1281 1295 -1 1296 1267 1268 -1 1296 1268 1288 -1 1297 1280 1276 -1 1267 1296 1289 -1 1293 1280 1297 -1 1284 1282 1298 -1 1290 1294 1299 -1 1294 1287 1300 -1 1288 1270 1301 -1 1281 1273 1295 -1 1289 1296 1302 -1 1292 1283 1303 -1 1304 1297 1276 -1 1305 1300 1306 -1 1286 1289 1307 -1 1308 1300 1309 -1 1300 1305 1309 -1 1270 1277 1310 -1 1277 1290 1310 -1 1298 1282 1311 -1 1312 1293 1313 -1 1293 1312 1287 -1 1287 1312 1300 -1 1292 1311 1282 -1 1294 1314 1299 -1 1314 1294 1308 -1 1300 1308 1294 -1 1304 1276 1295 -1 1291 1315 1279 -1 1303 1283 1307 -1 1283 1286 1307 -1 1316 1302 1296 -1 1297 1313 1293 -1 1301 1316 1288 -1 1301 1270 1317 -1 1318 1273 1319 -1 1296 1288 1316 -1 1309 1305 1320 -1 1305 1321 1320 -1 1305 1306 1321 -1 1319 1273 1285 -1 1295 1273 1318 -1 1310 1290 1322 -1 1290 1299 1322 -1 1299 1314 1323 -1 1314 1308 1324 -1 1284 1298 1325 -1 1284 1325 1291 -1 1307 1289 1302 -1 1308 1309 1324 -1 1300 1326 1306 -1 1315 1291 1327 -1 1320 1321 1328 -1 1318 1319 1329 -1 1328 1321 1330 -1 1317 1270 1310 -1 1331 1306 1332 -1 1321 1306 1331 -1 1321 1331 1333 -1 1330 1321 1333 -1 1322 1299 1323 -1 1316 1301 1334 -1 1334 1301 1317 -1 1324 1323 1314 -1 1311 1335 1298 -1 1300 1312 1326 -1 1333 1336 1330 -1 1337 1336 1338 -1 1295 1339 1304 -1 1340 1337 1338 -1 1313 1297 1304 -1 1324 1309 1320 -1 1292 1303 1341 -1 1279 1342 1285 -1 1342 1319 1285 -1 1302 1343 1307 -1 1330 1336 1344 -1 1325 1298 1335 -1 1295 1318 1345 -1 1326 1346 1306 -1 1292 1341 1311 -1 1325 1327 1291 -1 1340 1338 1347 -1 1344 1336 1337 -1 1315 1327 1348 -1 1324 1320 1349 -1 1312 1313 1350 -1 1345 1318 1329 -1 1342 1279 1315 -1 1330 1351 1352 -1 1353 1316 1334 -1 1344 1351 1330 -1 1335 1311 1354 -1 1354 1311 1341 -1 1295 1345 1339 -1 1319 1355 1329 -1 1304 1339 1356 -1 1353 1302 1316 -1 1357 1341 1303 -1 1350 1313 1304 -1 1333 1358 1336 -1 1338 1336 1358 -1 1312 1350 1326 -1 1349 1320 1359 -1 1320 1328 1359 -1 1310 1322 1317 -1 1328 1330 1359 -1 1345 1360 1339 -1 1335 1361 1325 -1 1346 1326 1362 -1 1363 1335 1354 -1 1364 1334 1317 -1 1341 1365 1354 -1 1332 1346 1366 -1 1319 1342 1355 -1 1346 1332 1306 -1 1350 1304 1356 -1 1302 1353 1367 -1 1332 1368 1331 -1 1365 1341 1357 -1 1333 1331 1368 -1 1326 1350 1362 -1 1358 1333 1368 -1 1358 1347 1338 -1 1364 1317 1322 -1 1329 1355 1369 -1 1323 1364 1322 -1 1345 1329 1369 -1 1357 1303 1370 -1 1307 1370 1303 -1 1352 1359 1330 -1 1367 1343 1302 -1 1346 1362 1366 -1 1355 1342 1371 -1 1325 1361 1372 -1 1339 1360 1356 -1 1373 1368 1332 -1 1350 1356 1374 -1 1362 1350 1374 -1 1375 1323 1324 -1 1349 1375 1324 -1 1359 1375 1349 -1 1315 1376 1342 -1 1343 1370 1307 -1 1352 1351 1377 -1 1364 1378 1334 -1 1355 1371 1379 -1 1369 1355 1379 -1 1332 1366 1380 -1 1360 1381 1356 -1 1382 1367 1353 -1 1325 1372 1348 -1 1325 1348 1327 -1 1360 1345 1369 -1 1374 1383 1362 -1 1315 1348 1376 -1 1384 1375 1359 -1 1364 1323 1385 -1 1386 1384 1359 -1 1386 1359 1352 -1 1362 1383 1366 -1 1387 1347 1358 -1 1380 1366 1388 -1 1373 1332 1380 -1 1379 1389 1369 -1 1368 1390 1358 -1 1390 1387 1358 -1 1391 1385 1375 -1 1375 1384 1391 -1 1376 1348 1392 -1 1334 1378 1353 -1 1323 1375 1385 -1 1352 1377 1386 -1 1370 1343 1393 -1 1343 1367 1393 -1 1342 1376 1394 -1 1394 1371 1342 -1 1384 1395 1391 -1 1363 1354 1365 -1 1364 1396 1378 -1 1368 1373 1390 -1 1389 1360 1369 -1 1396 1364 1385 -1 1385 1391 1396 -1 1382 1353 1378 -1 1383 1397 1388 -1 1366 1383 1388 -1 1398 1335 1363 -1 1335 1398 1361 -1 1381 1399 1356 -1 1393 1367 1400 -1 1382 1400 1367 -1 1374 1356 1399 -1 1373 1380 1401 -1 1389 1379 1402 -1 1383 1374 1397 -1 1348 1372 1403 -1 1386 1404 1384 -1 1391 1405 1396 -1 1389 1406 1360 -1 1407 1390 1373 -1 1387 1390 1407 -1 1408 1382 1378 -1 1377 1404 1386 -1 1357 1370 1393 -1 1387 1409 1347 -1 1372 1361 1410 -1 1371 1402 1379 -1 1397 1374 1399 -1 1410 1403 1372 -1 1397 1411 1388 -1 1387 1407 1412 -1 1392 1348 1403 -1 1413 1388 1411 -1 1380 1388 1413 -1 1401 1380 1413 -1 1412 1409 1387 -1 1376 1392 1394 -1 1371 1394 1402 -1 1381 1414 1399 -1 1363 1365 1415 -1 1410 1361 1416 -1 1396 1408 1378 -1 1393 1400 1417 -1 1402 1394 1418 -1 1357 1419 1365 -1 1373 1401 1407 -1 1406 1381 1360 -1 1408 1400 1382 -1 1393 1420 1357 -1 1421 1398 1422 -1 1398 1421 1361 -1 1417 1420 1393 -1 1418 1394 1423 -1 1401 1424 1407 -1 1398 1363 1415 -1 1422 1398 1415 -1 1397 1399 1425 -1 1415 1365 1426 -1 1397 1425 1411 -1 1416 1427 1410 -1 1428 1407 1424 -1 1412 1407 1428 -1 1408 1429 1400 -1 1405 1391 1395 -1 1430 1421 1422 -1 1421 1416 1361 -1 1402 1418 1389 -1 1413 1431 1401 -1 1401 1431 1424 -1 1365 1419 1426 -1 1384 1432 1395 -1 1433 1432 1384 -1 1434 1410 1427 -1 1433 1384 1404 -1 1410 1434 1403 -1 1425 1435 1411 -1 1428 1436 1412 -1 1437 1396 1438 -1 1396 1405 1438 -1 1439 1357 1440 -1 1440 1357 1420 -1 1405 1395 1441 -1 1394 1392 1423 -1 1429 1408 1437 -1 1389 1418 1442 -1 1437 1408 1396 -1 1426 1419 1443 -1 1419 1357 1439 -1 1406 1414 1381 -1 1444 1403 1434 -1 1429 1417 1400 -1 1405 1441 1438 -1 1445 1421 1430 -1 1416 1445 1446 -1 1445 1416 1421 -1 1441 1395 1432 -1 1423 1392 1403 -1 1431 1413 1447 -1 1424 1431 1447 -1 1427 1416 1446 -1 1427 1446 1448 -1 1418 1423 1449 -1 1424 1450 1428 -1 1427 1451 1434 -1 1444 1434 1452 -1 1417 1429 1453 -1 1435 1454 1413 -1 1411 1435 1413 -1 1423 1403 1444 -1 1399 1414 1455 -1 1456 1428 1450 -1 1436 1428 1456 -1 1457 1422 1415 -1 1406 1458 1414 -1 1457 1415 1426 -1 1437 1459 1429 -1 1460 1418 1449 -1 1418 1460 1442 -1 1455 1425 1399 -1 1425 1455 1461 -1 1419 1439 1443 -1 1462 1420 1417 -1 1463 1437 1438 -1 1451 1427 1448 -1 1435 1425 1461 -1 1442 1458 1389 -1 1389 1458 1406 -1 1464 1454 1435 -1 1441 1465 1438 -1 1432 1466 1441 -1 1414 1458 1467 -1 1444 1449 1423 -1 1467 1455 1414 -1 1468 1455 1467 -1 1455 1468 1461 -1 1442 1460 1469 -1 1458 1442 1469 -1 1463 1459 1437 -1 1456 1450 1470 -1 1434 1451 1452 -1 1435 1461 1471 -1 1463 1438 1472 -1 1472 1438 1465 -1 1441 1466 1465 -1 1436 1456 1473 -1 1436 1473 1474 -1 1454 1464 1475 -1 1446 1445 1476 -1 1453 1462 1417 -1 1477 1474 1473 -1 1420 1462 1440 -1 1476 1448 1446 -1 1413 1454 1447 -1 1478 1457 1426 -1 1479 1453 1429 -1 1479 1429 1459 -1 1424 1480 1470 -1 1447 1480 1424 -1 1424 1470 1450 -1 1471 1464 1435 -1 1445 1430 1481 -1 1430 1422 1482 -1 1483 1449 1444 -1 1476 1445 1484 -1 1475 1447 1454 -1 1447 1475 1480 -1 1443 1439 1485 -1 1486 1458 1469 -1 1458 1486 1467 -1 1459 1463 1487 -1 1470 1488 1456 -1 1468 1489 1461 -1 1444 1452 1483 -1 1471 1461 1489 -1 1430 1490 1481 -1 1440 1491 1439 -1 1481 1484 1445 -1 1482 1492 1430 -1 1482 1422 1457 -1 1464 1471 1493 -1 1464 1493 1475 -1 1460 1449 1494 -1 1470 1480 1495 -1 1480 1475 1495 -1 1462 1453 1496 -1 1470 1497 1488 -1 1473 1456 1488 -1 1486 1498 1467 -1 1498 1468 1467 -1 1468 1498 1489 -1 1472 1487 1463 -1 1489 1499 1471 -1 1500 1481 1490 -1 1501 1481 1500 -1 1481 1501 1484 -1 1502 1493 1471 -1 1457 1478 1482 -1 1495 1475 1493 -1 1503 1448 1504 -1 1496 1505 1462 -1 1478 1426 1506 -1 1495 1497 1470 -1 1506 1426 1443 -1 1448 1503 1451 -1 1491 1485 1439 -1 1500 1490 1507 -1 1499 1502 1471 -1 1490 1430 1492 -1 1508 1498 1486 -1 1492 1482 1509 -1 1498 1499 1489 -1 1459 1510 1479 -1 1510 1459 1487 -1 1509 1482 1478 -1 1462 1505 1440 -1 1494 1449 1483 -1 1484 1501 1511 -1 1484 1511 1476 -1 1473 1488 1512 -1 1460 1494 1513 -1 1477 1473 1514 -1 1513 1469 1460 -1 1515 1497 1495 -1 1479 1496 1453 -1 1503 1516 1451 -1 1486 1469 1508 -1 1451 1516 1452 -1 1509 1478 1517 -1 1497 1518 1488 -1 1483 1452 1494 -1 1517 1478 1506 -1 1499 1519 1502 -1 1520 1502 1519 -1 1502 1520 1493 -1 1504 1448 1476 -1 1504 1521 1503 -1 1520 1522 1493 -1 1512 1514 1473 -1 1472 1465 1523 -1 1492 1524 1490 -1 1525 1495 1493 -1 1495 1526 1515 -1 1493 1522 1525 -1 1500 1507 1527 -1 1500 1527 1501 -1 1496 1479 1528 -1 1440 1505 1491 -1 1525 1526 1495 -1 1510 1528 1479 -1 1497 1515 1518 -1 1529 1519 1499 -1 1518 1530 1488 -1 1513 1531 1469 -1 1530 1512 1488 -1 1508 1469 1531 -1 1507 1490 1524 -1 1527 1507 1532 -1 1508 1499 1498 -1 1494 1452 1533 -1 1534 1494 1533 -1 1511 1501 1535 -1 1515 1526 1518 -1 1534 1536 1513 -1 1494 1534 1513 -1 1537 1487 1472 -1 1524 1492 1538 -1 1536 1531 1513 -1 1523 1537 1472 -1 1539 1540 1514 -1 1506 1443 1485 -1 1520 1541 1522 -1 1512 1530 1539 -1 1514 1512 1539 -1 1485 1491 1542 -1 1508 1531 1543 -1 1501 1527 1535 -1 1505 1542 1491 -1 1525 1544 1526 -1 1545 1546 1528 -1 1499 1508 1529 -1 1510 1545 1528 -1 1476 1511 1504 -1 1487 1547 1510 -1 1548 1520 1519 -1 1533 1503 1549 -1 1538 1492 1550 -1 1533 1516 1503 -1 1452 1516 1533 -1 1544 1525 1551 -1 1506 1552 1517 -1 1548 1553 1520 -1 1554 1536 1555 -1 1553 1541 1520 -1 1537 1547 1487 -1 1556 1519 1529 -1 1519 1556 1548 -1 1536 1554 1557 -1 1521 1504 1558 -1 1559 1524 1560 -1 1524 1559 1507 -1 1549 1503 1521 -1 1532 1507 1559 -1 1559 1561 1532 -1 1551 1522 1541 -1 1527 1532 1561 -1 1536 1557 1531 -1 1543 1531 1562 -1 1525 1522 1551 -1 1546 1496 1528 -1 1535 1527 1561 -1 1509 1550 1492 -1 1508 1543 1556 -1 1508 1556 1529 -1 1563 1540 1539 -1 1547 1545 1510 -1 1548 1556 1564 -1 1557 1562 1531 -1 1538 1560 1524 -1 1530 1518 1565 -1 1551 1541 1566 -1 1556 1543 1567 -1 1530 1568 1539 -1 1561 1559 1569 -1 1545 1547 1570 -1 1539 1568 1563 -1 1564 1556 1567 -1 1553 1548 1564 -1 1541 1553 1566 -1 1534 1555 1536 -1 1571 1505 1496 -1 1518 1526 1572 -1 1552 1506 1485 -1 1511 1535 1558 -1 1504 1511 1558 -1 1553 1573 1566 -1 1544 1572 1526 -1 1572 1544 1574 -1 1547 1537 1575 -1 1560 1576 1559 -1 1546 1571 1496 -1 1554 1562 1557 -1 1565 1518 1572 -1 1577 1549 1521 -1 1530 1565 1568 -1 1542 1505 1578 -1 1579 1571 1546 -1 1576 1580 1559 -1 1581 1576 1560 -1 1559 1580 1569 -1 1582 1562 1554 -1 1551 1566 1583 -1 1568 1565 1584 -1 1543 1562 1585 -1 1567 1543 1585 -1 1561 1569 1586 -1 1544 1551 1574 -1 1587 1535 1561 -1 1546 1545 1588 -1 1588 1545 1570 -1 1505 1571 1578 -1 1540 1563 1589 -1 1567 1590 1564 -1 1555 1534 1591 -1 1564 1573 1553 -1 1573 1592 1566 -1 1574 1593 1572 -1 1572 1593 1565 -1 1521 1558 1594 -1 1581 1560 1538 -1 1577 1521 1595 -1 1566 1592 1583 -1 1563 1568 1584 -1 1596 1570 1547 -1 1551 1583 1574 -1 1591 1533 1577 -1 1549 1577 1533 -1 1550 1509 1517 -1 1591 1534 1533 -1 1563 1584 1589 -1 1591 1554 1555 -1 1558 1535 1597 -1 1594 1558 1597 -1 1598 1585 1562 -1 1582 1598 1562 -1 1565 1593 1584 -1 1546 1588 1579 -1 1538 1550 1599 -1 1600 1599 1550 -1 1583 1601 1574 -1 1575 1596 1547 -1 1602 1590 1567 -1 1589 1584 1603 -1 1573 1564 1590 -1 1582 1554 1591 -1 1592 1573 1604 -1 1580 1605 1606 -1 1605 1576 1581 -1 1580 1576 1605 -1 1586 1580 1607 -1 1588 1596 1608 -1 1569 1580 1586 -1 1596 1588 1570 -1 1595 1521 1594 -1 1567 1585 1602 -1 1561 1586 1587 -1 1583 1592 1601 -1 1517 1600 1550 -1 1600 1517 1552 -1 1609 1573 1590 -1 1542 1552 1485 -1 1535 1587 1597 -1 1591 1610 1582 -1 1573 1609 1604 -1 1574 1601 1593 -1 1594 1597 1611 -1 1594 1611 1595 -1 1604 1612 1592 -1 1613 1592 1612 -1 1538 1599 1614 -1 1613 1601 1592 -1 1584 1593 1615 -1 1587 1586 1616 -1 1577 1617 1591 -1 1610 1591 1617 -1 1609 1590 1602 -1 1618 1584 1615 -1 1597 1587 1619 -1 1597 1620 1611 -1 1606 1605 1621 -1 1608 1596 1575 -1 1621 1580 1606 -1 1607 1580 1622 -1 1623 1624 1601 -1 1538 1614 1581 -1 1601 1624 1593 -1 1624 1615 1593 -1 1601 1613 1623 -1 1595 1617 1577 -1 1610 1617 1625 -1 1609 1602 1626 -1 1619 1587 1616 -1 1584 1618 1603 -1 1597 1619 1620 -1 1623 1613 1627 -1 1621 1605 1628 -1 1605 1581 1629 -1 1580 1621 1622 -1 1542 1630 1552 -1 1588 1631 1579 -1 1632 1603 1618 -1 1578 1630 1542 -1 1629 1581 1614 -1 1602 1585 1598 -1 1633 1599 1600 -1 1609 1626 1634 -1 1613 1612 1635 -1 1604 1634 1636 -1 1637 1611 1620 -1 1638 1639 1621 -1 1628 1638 1621 -1 1612 1604 1636 -1 1635 1612 1636 -1 1595 1611 1637 -1 1640 1623 1627 -1 1624 1623 1640 -1 1629 1628 1605 -1 1635 1627 1613 -1 1641 1608 1575 -1 1618 1642 1632 -1 1624 1643 1615 -1 1615 1643 1644 -1 1586 1607 1616 -1 1614 1599 1633 -1 1625 1617 1645 -1 1615 1644 1618 -1 1609 1634 1604 -1 1646 1610 1647 -1 1646 1582 1610 -1 1582 1646 1598 -1 1621 1639 1648 -1 1643 1624 1640 -1 1622 1621 1648 -1 1631 1588 1608 -1 1595 1649 1617 -1 1617 1649 1645 -1 1614 1633 1650 -1 1616 1607 1651 -1 1647 1625 1645 -1 1625 1647 1610 -1 1634 1652 1636 -1 1616 1651 1653 -1 1620 1619 1616 -1 1598 1646 1602 -1 1616 1653 1620 -1 1654 1639 1638 -1 1655 1639 1654 -1 1618 1644 1642 -1 1629 1656 1628 -1 1642 1644 1657 -1 1658 1602 1646 -1 1622 1648 1659 -1 1660 1622 1659 -1 1607 1622 1660 -1 1635 1636 1661 -1 1662 1642 1657 -1 1632 1642 1662 -1 1663 1649 1595 -1 1643 1640 1664 -1 1645 1649 1665 -1 1651 1607 1666 -1 1552 1633 1600 -1 1667 1571 1579 -1 1579 1631 1668 -1 1626 1669 1634 -1 1634 1669 1652 -1 1653 1651 1666 -1 1646 1647 1658 -1 1654 1638 1670 -1 1630 1671 1552 -1 1638 1628 1670 -1 1670 1628 1656 -1 1661 1636 1652 -1 1672 1637 1620 -1 1627 1673 1674 -1 1648 1639 1655 -1 1635 1661 1673 -1 1675 1626 1602 -1 1630 1578 1676 -1 1627 1635 1673 -1 1595 1637 1663 -1 1640 1627 1674 -1 1640 1674 1664 -1 1571 1667 1578 -1 1660 1666 1607 -1 1579 1668 1667 -1 1633 1552 1671 -1 1643 1664 1644 -1 1644 1664 1677 -1 1669 1626 1678 -1 1679 1647 1645 -1 1680 1647 1679 -1 1658 1647 1680 -1 1681 1652 1682 -1 1655 1654 1683 -1 1674 1673 1684 -1 1659 1648 1685 -1 1686 1629 1614 -1 1675 1602 1658 -1 1681 1661 1652 -1 1673 1661 1681 -1 1664 1674 1687 -1 1641 1688 1608 -1 1663 1637 1689 -1 1649 1663 1689 -1 1644 1677 1657 -1 1689 1665 1649 -1 1675 1678 1626 -1 1679 1665 1690 -1 1665 1679 1645 -1 1677 1691 1657 -1 1656 1692 1670 -1 1620 1653 1693 -1 1652 1669 1682 -1 1655 1683 1694 -1 1671 1630 1676 -1 1684 1673 1695 -1 1637 1672 1696 -1 1696 1689 1637 -1 1666 1660 1697 -1 1687 1674 1684 -1 1653 1666 1693 -1 1676 1578 1698 -1 1699 1658 1700 -1 1699 1675 1658 -1 1578 1667 1698 -1 1699 1701 1678 -1 1699 1678 1675 -1 1665 1689 1690 -1 1702 1678 1701 -1 1664 1703 1677 -1 1702 1669 1678 -1 1633 1704 1650 -1 1670 1705 1654 -1 1704 1633 1671 -1 1656 1629 1686 -1 1681 1682 1706 -1 1655 1694 1648 -1 1706 1695 1681 -1 1673 1681 1695 -1 1694 1685 1648 -1 1693 1672 1620 -1 1687 1703 1664 -1 1608 1688 1707 -1 1700 1658 1680 -1 1708 1699 1700 -1 1680 1679 1690 -1 1699 1708 1701 -1 1703 1687 1709 -1 1705 1670 1692 -1 1700 1710 1711 -1 1700 1711 1708 -1 1703 1712 1677 -1 1702 1713 1714 -1 1715 1671 1676 -1 1694 1683 1716 -1 1669 1702 1682 -1 1717 1659 1685 -1 1686 1614 1718 -1 1712 1691 1677 -1 1718 1614 1650 -1 1684 1695 1687 -1 1659 1697 1660 -1 1701 1708 1719 -1 1693 1666 1697 -1 1702 1701 1713 -1 1696 1720 1689 -1 1709 1721 1703 -1 1721 1712 1703 -1 1680 1690 1722 -1 1668 1698 1667 -1 1719 1713 1701 -1 1722 1710 1680 -1 1656 1686 1723 -1 1704 1671 1715 -1 1709 1724 1721 -1 1668 1631 1725 -1 1712 1721 1724 -1 1685 1694 1717 -1 1706 1726 1695 -1 1659 1717 1727 -1 1680 1710 1700 -1 1728 1695 1726 -1 1631 1608 1707 -1 1695 1728 1709 -1 1672 1729 1696 -1 1682 1702 1730 -1 1687 1695 1709 -1 1726 1706 1730 -1 1731 1676 1698 -1 1730 1706 1682 -1 1708 1732 1719 -1 1689 1720 1722 -1 1722 1690 1689 -1 1694 1716 1733 -1 1723 1686 1718 -1 1734 1729 1672 -1 1735 1714 1736 -1 1717 1694 1737 -1 1715 1676 1731 -1 1714 1730 1702 -1 1710 1738 1711 -1 1739 1696 1729 -1 1720 1696 1739 -1 1659 1727 1740 -1 1711 1741 1708 -1 1740 1697 1659 -1 1720 1742 1722 -1 1707 1725 1631 -1 1693 1734 1672 -1 1697 1734 1693 -1 1732 1743 1744 -1 1709 1728 1724 -1 1745 1739 1729 -1 1744 1719 1732 -1 1724 1728 1746 -1 1739 1745 1747 -1 1713 1719 1744 -1 1733 1737 1694 -1 1713 1744 1736 -1 1713 1736 1714 -1 1739 1748 1720 -1 1735 1730 1714 -1 1717 1737 1749 -1 1730 1735 1750 -1 1726 1750 1751 -1 1752 1753 1698 -1 1730 1750 1726 -1 1720 1748 1742 -1 1722 1742 1754 -1 1752 1668 1725 -1 1728 1726 1755 -1 1728 1755 1756 -1 1752 1698 1668 -1 1757 1711 1738 -1 1711 1757 1741 -1 1741 1732 1708 -1 1758 1707 1688 -1 1759 1704 1715 -1 1753 1731 1698 -1 1760 1697 1761 -1 1734 1697 1760 -1 1747 1748 1739 -1 1745 1734 1762 -1 1729 1734 1745 -1 1746 1728 1756 -1 1732 1741 1763 -1 1732 1763 1743 -1 1748 1754 1742 -1 1746 1764 1724 -1 1727 1749 1765 -1 1717 1749 1727 -1 1744 1766 1736 -1 1726 1751 1755 -1 1754 1710 1722 -1 1650 1767 1718 -1 1756 1755 1768 -1 1650 1704 1767 -1 1761 1697 1740 -1 1758 1725 1707 -1 1735 1736 1769 -1 1770 1759 1715 -1 1750 1735 1769 -1 1750 1769 1771 -1 1734 1760 1762 -1 1751 1750 1771 -1 1751 1771 1772 -1 1747 1745 1773 -1 1763 1741 1757 -1 1759 1767 1704 -1 1743 1774 1744 -1 1772 1755 1751 -1 1775 1748 1747 -1 1744 1774 1766 -1 1775 1754 1748 -1 1755 1772 1768 -1 1776 1736 1766 -1 1738 1710 1754 -1 1777 1761 1740 -1 1768 1778 1756 -1 1758 1779 1725 -1 1746 1756 1764 -1 1715 1731 1770 -1 1745 1762 1773 -1 1775 1747 1773 -1 1736 1776 1769 -1 1763 1757 1780 -1 1771 1769 1781 -1 1776 1766 1774 -1 1772 1782 1768 -1 1778 1768 1782 -1 1725 1779 1752 -1 1738 1754 1783 -1 1740 1784 1777 -1 1785 1774 1743 -1 1774 1785 1786 -1 1778 1787 1756 -1 1761 1788 1760 -1 1789 1776 1774 -1 1756 1787 1764 -1 1754 1775 1783 -1 1737 1733 1790 -1 1783 1757 1738 -1 1791 1723 1718 -1 1765 1749 1792 -1 1781 1776 1793 -1 1765 1784 1727 -1 1769 1776 1781 -1 1727 1784 1740 -1 1771 1781 1794 -1 1771 1794 1772 -1 1782 1772 1795 -1 1796 1776 1789 -1 1761 1777 1797 -1 1753 1752 1798 -1 1790 1799 1800 -1 1733 1799 1790 -1 1788 1762 1760 -1 1786 1789 1774 -1 1775 1773 1801 -1 1802 1718 1767 -1 1737 1790 1803 -1 1803 1749 1737 -1 1793 1776 1796 -1 1792 1749 1803 -1 1804 1795 1805 -1 1757 1783 1780 -1 1806 1763 1780 -1 1782 1795 1804 -1 1785 1743 1763 -1 1781 1793 1794 -1 1795 1772 1794 -1 1807 1794 1793 -1 1783 1806 1780 -1 1797 1777 1808 -1 1797 1788 1761 -1 1806 1809 1763 -1 1782 1804 1778 -1 1809 1785 1763 -1 1731 1810 1770 -1 1731 1753 1810 -1 1798 1810 1753 -1 1788 1811 1762 -1 1804 1812 1813 -1 1791 1718 1802 -1 1778 1804 1813 -1 1773 1762 1811 -1 1773 1811 1801 -1 1801 1783 1775 -1 1786 1785 1814 -1 1758 1815 1779 -1 1765 1792 1816 -1 1807 1793 1796 -1 1804 1805 1817 -1 1777 1784 1808 -1 1794 1807 1818 -1 1795 1794 1818 -1 1797 1808 1819 -1 1797 1819 1788 -1 1800 1799 1820 -1 1821 1789 1786 -1 1822 1811 1788 -1 1816 1792 1803 -1 1823 1786 1814 -1 1814 1785 1809 -1 1765 1816 1824 -1 1825 1806 1783 -1 1824 1784 1765 -1 1826 1795 1818 -1 1807 1796 1827 -1 1804 1817 1812 -1 1828 1829 1830 -1 1817 1805 1826 -1 1808 1784 1824 -1 1830 1831 1832 -1 1789 1821 1833 -1 1834 1835 1817 -1 1835 1812 1817 -1 1836 1819 1808 -1 1819 1822 1788 -1 1833 1827 1796 -1 1801 1806 1825 -1 1783 1801 1825 -1 1789 1833 1796 -1 1807 1827 1837 -1 1837 1818 1807 -1 1818 1837 1838 -1 1790 1800 1839 -1 1811 1822 1840 -1 1839 1803 1790 -1 1818 1838 1826 -1 1826 1805 1795 -1 1823 1841 1786 -1 1842 1821 1841 -1 1841 1821 1786 -1 1803 1843 1816 -1 1816 1843 1844 -1 1824 1816 1844 -1 1817 1826 1834 -1 1845 1808 1824 -1 1836 1808 1845 -1 1842 1833 1821 -1 1831 1846 1832 -1 1847 1832 1846 -1 1846 1814 1847 -1 1847 1814 1809 -1 1820 1839 1800 -1 1833 1848 1827 -1 1827 1848 1837 -1 1814 1846 1823 -1 1849 1822 1819 -1 1850 1823 1851 -1 1840 1801 1811 -1 1801 1840 1806 -1 1823 1850 1841 -1 1852 1853 1854 -1 1855 1853 1828 -1 1855 1828 1830 -1 1855 1830 1832 -1 1837 1848 1838 -1 1856 1838 1857 -1 1858 1855 1832 -1 1858 1832 1847 -1 1826 1838 1856 -1 1849 1840 1822 -1 1859 1826 1856 -1 1845 1824 1844 -1 1840 1860 1861 -1 1806 1840 1861 -1 1859 1834 1826 -1 1819 1836 1862 -1 1850 1863 1841 -1 1759 1770 1864 -1 1841 1863 1842 -1 1842 1863 1865 -1 1770 1810 1864 -1 1839 1843 1803 -1 1861 1858 1847 -1 1847 1809 1861 -1 1851 1831 1866 -1 1831 1851 1846 -1 1846 1851 1823 -1 1850 1851 1866 -1 1861 1809 1806 -1 1867 1854 1853 -1 1842 1848 1833 -1 1849 1819 1862 -1 1858 1868 1855 -1 1850 1869 1863 -1 1861 1868 1858 -1 1842 1865 1848 -1 1849 1860 1840 -1 1870 1839 1820 -1 1869 1850 1866 -1 1853 1855 1867 -1 1871 1872 1873 -1 1852 1874 1873 -1 1871 1875 1872 -1 1867 1855 1868 -1 1863 1876 1865 -1 1868 1861 1860 -1 1877 1844 1843 -1 1878 1845 1844 -1 1845 1878 1836 -1 1879 1852 1854 -1 1839 1870 1880 -1 1875 1881 1872 -1 1882 1854 1867 -1 1877 1839 1880 -1 1843 1839 1877 -1 1862 1882 1867 -1 1867 1868 1862 -1 1877 1875 1871 -1 1849 1862 1868 -1 1877 1871 1883 -1 1874 1871 1873 -1 1849 1868 1860 -1 1852 1879 1874 -1 1883 1844 1877 -1 1883 1878 1844 -1 1878 1882 1836 -1 1880 1870 1875 -1 1882 1862 1836 -1 1880 1875 1877 -1 1882 1879 1854 -1 1884 1875 1870 -1 1881 1884 1885 -1 1875 1884 1881 -1 1883 1871 1874 -1 1883 1874 1879 -1 1878 1883 1879 -1 1878 1879 1882 -1 474 460 1886 -1 1886 460 449 -1 449 1887 1886 -1 1887 449 1888 -1 449 476 1888 -1 476 470 1889 -1 955 1889 470 -1 1887 1888 1890 -1 1891 502 489 -1 1892 476 1889 -1 1893 1891 489 -1 1889 955 984 -1 489 477 1893 -1 1894 474 1886 -1 1892 1889 1895 -1 1893 477 1896 -1 493 1896 477 -1 1897 1889 984 -1 1894 1887 1890 -1 474 1898 493 -1 1886 1887 1894 -1 476 1892 1888 -1 1897 1895 1889 -1 1896 493 1898 -1 474 1894 1899 -1 1890 1888 1892 -1 1899 1898 474 -1 984 996 1897 -1 1894 1890 1899 -1 1892 1895 1900 -1 1896 1891 1893 -1 1901 514 506 -1 1897 996 1902 -1 1903 502 1891 -1 512 514 1901 -1 1899 1904 1898 -1 1905 506 502 -1 1905 502 1903 -1 1900 1895 1906 -1 1895 1897 1907 -1 1901 506 1908 -1 1899 1890 1909 -1 1908 506 1905 -1 1892 1909 1890 -1 1906 1895 1907 -1 1910 1904 1899 -1 1907 1897 1902 -1 1902 996 1029 -1 1911 1898 1904 -1 1912 512 1901 -1 1907 1902 1913 -1 1896 1903 1891 -1 1896 1898 1914 -1 1911 1914 1898 -1 508 512 1912 -1 1913 1902 1029 -1 1903 1896 1914 -1 1909 1910 1899 -1 1892 1900 1915 -1 1029 1031 1916 -1 1908 1905 1917 -1 1892 1915 1918 -1 1911 1904 1919 -1 1907 1913 1920 -1 1901 1908 1921 -1 1904 1910 1919 -1 1031 1922 1916 -1 1922 1031 1042 -1 1909 1892 1918 -1 1910 1909 1923 -1 1901 1921 1912 -1 1906 1907 1924 -1 1920 1924 1907 -1 1913 1029 1925 -1 1926 1913 1925 -1 1925 1029 1916 -1 1927 1910 1923 -1 1923 1909 1927 -1 1927 1909 1918 -1 1906 1924 1928 -1 1905 1903 1929 -1 508 1912 1930 -1 1913 1926 1920 -1 1915 1931 1918 -1 1927 1919 1910 -1 1906 1932 1900 -1 1914 1911 1933 -1 508 1930 1934 -1 1911 1919 1933 -1 539 508 1934 -1 1926 1925 1935 -1 1925 1916 1935 -1 1921 1908 1936 -1 1932 1915 1900 -1 1932 1906 1928 -1 1937 1905 1929 -1 1917 1905 1937 -1 1936 1917 1937 -1 1927 1918 1938 -1 1930 1912 1921 -1 1939 1924 1920 -1 1931 1938 1918 -1 1903 1940 1929 -1 1914 1940 1903 -1 1931 1915 1932 -1 1936 1908 1917 -1 1941 1931 1932 -1 1916 1942 1935 -1 1942 1916 1922 -1 1922 1042 1943 -1 1919 1927 1944 -1 1944 1927 1945 -1 1920 1926 1946 -1 1928 1941 1932 -1 1945 1927 1938 -1 1934 1930 1947 -1 1937 1929 1948 -1 1949 1935 1942 -1 1950 1933 1919 -1 1942 1922 1951 -1 1946 1939 1920 -1 1946 1926 1949 -1 1935 1949 1926 -1 1944 1950 1919 -1 1042 1056 1943 -1 1928 1924 1952 -1 1936 1937 1953 -1 1921 1947 1930 -1 1924 1954 1952 -1 1949 1942 1955 -1 1939 1954 1924 -1 539 1934 1956 -1 1957 1938 1931 -1 1941 1957 1931 -1 1921 1936 1958 -1 1940 1914 1959 -1 1944 1945 1960 -1 1945 1938 1957 -1 1933 1950 1961 -1 1921 1962 1947 -1 1948 1929 1940 -1 1942 1951 1963 -1 1951 1943 1964 -1 1922 1943 1951 -1 1943 1056 1965 -1 1057 1965 1056 -1 1944 1960 1950 -1 549 539 1966 -1 1959 1914 1967 -1 1941 1928 1952 -1 1914 1933 1967 -1 1957 1968 1945 -1 1953 1937 1969 -1 1942 1963 1955 -1 1956 1966 539 -1 1948 1969 1937 -1 1962 1921 1958 -1 1970 1057 1092 -1 1960 1945 1968 -1 1933 1961 1967 -1 1958 1936 1953 -1 558 549 1966 -1 1971 1969 1948 -1 1934 1947 1972 -1 1939 1946 1973 -1 1964 1943 1965 -1 1950 1960 1974 -1 1957 1941 1975 -1 1952 1975 1941 -1 1970 1965 1057 -1 1968 1957 1976 -1 1972 1947 1962 -1 1966 1956 1977 -1 1934 1972 1956 -1 1940 1959 1948 -1 1951 1964 1978 -1 1974 1960 1968 -1 547 1979 559 -1 1959 1967 1980 -1 1980 1967 1961 -1 547 555 1979 -1 559 1981 537 -1 1969 1982 1953 -1 553 558 1983 -1 537 1981 550 -1 1964 1965 1984 -1 1983 558 1966 -1 1973 1954 1939 -1 1977 1956 1972 -1 1957 1975 1976 -1 1961 1950 1974 -1 1949 1985 1946 -1 1985 1949 1955 -1 1970 1984 1965 -1 1986 1984 1970 -1 1962 1958 1987 -1 1959 1971 1948 -1 1966 1977 1988 -1 1954 1973 1989 -1 1973 1946 1989 -1 1985 1989 1946 -1 1978 1964 1990 -1 1092 1098 1991 -1 1098 1102 1991 -1 1974 1968 1992 -1 1987 1993 1962 -1 1951 1978 1963 -1 1952 1994 1975 -1 1995 1974 1992 -1 1992 1968 1996 -1 1976 1996 1968 -1 1997 1984 1986 -1 1961 1974 1995 -1 1970 1092 1998 -1 1986 1970 1998 -1 1985 1955 1999 -1 1955 1963 1999 -1 1975 2000 1976 -1 1983 563 553 -1 2001 1978 1990 -1 1962 1993 2002 -1 1962 2002 1972 -1 2003 1994 1952 -1 1975 1994 2000 -1 1987 1958 2004 -1 1953 2004 1958 -1 1982 2004 1953 -1 1983 1966 1988 -1 1995 2005 1961 -1 1961 2005 1980 -1 1969 1971 2006 -1 1954 1989 2003 -1 1952 1954 2003 -1 1976 2000 1996 -1 1964 1984 1990 -1 1991 1998 1092 -1 1978 2001 1963 -1 1989 1985 2007 -1 2007 1985 1999 -1 1971 1959 2008 -1 1959 1980 2008 -1 559 1979 2009 -1 2010 1972 2002 -1 2010 1977 1972 -1 2006 1982 1969 -1 1996 2011 1992 -1 2008 2006 1971 -1 1999 1963 2012 -1 1995 1992 2011 -1 1984 1997 2013 -1 1996 2000 2014 -1 2007 2003 1989 -1 2011 1996 2014 -1 1986 1998 2015 -1 563 1983 2016 -1 1980 2005 2017 -1 2018 1999 2012 -1 1993 1987 2019 -1 2014 2000 2020 -1 1102 2021 1991 -1 2002 1993 2019 -1 1113 2021 1102 -1 2012 1963 2001 -1 1984 2013 1990 -1 2018 2012 2022 -1 1980 2017 2008 -1 2010 2002 2023 -1 2024 2019 1987 -1 1997 1986 2015 -1 1987 2004 2024 -1 1981 2025 550 -1 2026 2015 1998 -1 2006 2008 2027 -1 1998 1991 2026 -1 2028 2026 1991 -1 2029 560 2030 -1 2031 1994 2003 -1 1991 2021 2028 -1 1994 2031 2032 -1 2030 560 550 -1 2031 2003 2007 -1 2031 2007 2018 -1 1994 2020 2000 -1 2007 1999 2018 -1 1995 2011 2033 -1 560 2029 2034 -1 2023 2002 2019 -1 2034 554 560 -1 2013 1997 2035 -1 2036 2011 2014 -1 2010 2037 1977 -1 2036 2014 2038 -1 2037 2039 1977 -1 2025 1981 559 -1 2006 2040 1982 -1 2001 1990 2041 -1 2042 2020 1994 -1 2042 1994 2032 -1 2028 2021 2043 -1 554 2034 564 -1 2036 2033 2011 -1 2009 1979 2044 -1 2044 1979 555 -1 2045 2008 2017 -1 2021 1113 2046 -1 2046 1113 1126 -1 552 2047 2048 -1 555 552 2048 -1 2040 2049 1982 -1 2047 552 563 -1 2024 2004 2049 -1 2004 1982 2049 -1 2050 2016 1983 -1 2008 2045 2027 -1 2035 1997 2015 -1 1977 2039 1988 -1 2035 2015 2026 -1 2033 2005 1995 -1 2028 2051 2026 -1 2043 2021 2046 -1 2030 550 2052 -1 550 2025 2052 -1 2026 2051 2035 -1 2018 2053 2031 -1 559 2009 2054 -1 2010 2023 2055 -1 564 2034 566 -1 1983 1988 2050 -1 2056 2006 2027 -1 2057 2027 2045 -1 2041 1990 2058 -1 2041 2058 2059 -1 1990 2013 2058 -1 2020 2038 2014 -1 2022 2053 2018 -1 2053 2022 2060 -1 2031 2053 2032 -1 2012 2061 2022 -1 2001 2061 2012 -1 2041 2061 2001 -1 2037 2062 2039 -1 2017 2063 2045 -1 2010 2055 2037 -1 2046 1126 1137 -1 1988 2039 2064 -1 2064 2050 1988 -1 2034 2029 2065 -1 2064 2039 2062 -1 2040 2006 2066 -1 2029 2030 2067 -1 2056 2027 2057 -1 2023 2019 2055 -1 2057 2045 2063 -1 2048 2044 555 -1 2020 2068 2038 -1 2063 2017 2033 -1 2035 2058 2013 -1 2033 2017 2005 -1 2033 2069 2063 -1 2042 2068 2020 -1 2058 2035 2051 -1 2069 2033 2036 -1 2042 2032 2053 -1 2042 2053 2060 -1 2061 2060 2022 -1 2061 2041 2070 -1 2040 2066 2071 -1 2019 2024 2072 -1 2006 2056 2066 -1 2062 2037 2055 -1 2073 2049 2074 -1 2056 2057 2075 -1 2049 2040 2074 -1 566 2034 2065 -1 2043 2046 2076 -1 2049 2073 2024 -1 2077 2050 2064 -1 2078 2050 2077 -1 2051 2028 2079 -1 2074 2040 2071 -1 1137 2080 2046 -1 2080 1137 1159 -1 2066 2056 2081 -1 563 2016 2082 -1 2083 2072 2024 -1 2024 2073 2083 -1 2062 2055 2084 -1 2075 2057 2085 -1 2079 2028 2043 -1 2057 2063 2085 -1 2069 2036 2086 -1 2086 2036 2038 -1 2087 2042 2060 -1 2060 2061 2070 -1 2080 1159 2088 -1 2054 2089 559 -1 2025 559 2089 -1 2019 2084 2055 -1 2081 2090 2066 -1 2079 2043 2076 -1 2072 2083 2091 -1 2080 2076 2046 -1 2047 563 2082 -1 2082 2016 2050 -1 2088 1159 2092 -1 1159 1153 2092 -1 2030 2093 2067 -1 2093 2030 2052 -1 2058 2051 2094 -1 2079 2094 2051 -1 2095 2076 2096 -1 2073 2097 2083 -1 2073 2074 2097 -1 2075 2085 2098 -1 2025 2099 2052 -1 2064 2100 2077 -1 2092 1153 1166 -1 2064 2062 2101 -1 2097 2074 2071 -1 2102 2044 2048 -1 2048 2047 2103 -1 2104 2071 2090 -1 2071 2066 2090 -1 2076 2080 2096 -1 2080 2088 2096 -1 2081 2056 2075 -1 2019 2072 2105 -1 2091 2083 2106 -1 2082 2050 2078 -1 2084 2107 2062 -1 2108 2075 2098 -1 2078 2077 2100 -1 2097 2071 2104 -1 2065 2029 2109 -1 2110 2092 1166 -1 2101 2062 2107 -1 2084 2019 2105 -1 2072 2091 2111 -1 2069 2112 2063 -1 2076 2095 2079 -1 2042 2113 2068 -1 2087 2113 2042 -1 2112 2085 2063 -1 2086 2038 2114 -1 2087 2060 2115 -1 2060 2070 2115 -1 2114 2038 2068 -1 2116 2070 2041 -1 2113 2114 2068 -1 2082 2078 2117 -1 2099 2093 2052 -1 2118 566 2065 -1 2110 1166 1171 -1 2072 2111 2105 -1 2106 2119 2091 -1 2083 2120 2106 -1 2083 2097 2120 -1 2121 2067 2093 -1 2064 2101 2122 -1 2084 2105 2123 -1 2119 2111 2091 -1 2100 2064 2122 -1 2096 2124 2095 -1 2097 2104 2125 -1 2090 2081 2126 -1 2109 2029 2067 -1 2081 2075 2108 -1 2127 2079 2095 -1 2009 2044 2128 -1 2128 2044 2102 -1 2096 2088 2129 -1 2125 2120 2097 -1 2048 2103 2102 -1 2129 2088 2110 -1 2088 2092 2110 -1 2124 2096 2129 -1 2119 2106 2130 -1 2107 2122 2101 -1 2123 2107 2084 -1 2105 2111 2131 -1 2125 2132 2133 -1 2132 2125 2104 -1 2124 2129 2134 -1 2120 2130 2106 -1 2104 2090 2132 -1 2126 2081 2135 -1 2135 2081 2136 -1 2054 2009 2128 -1 2132 2090 2126 -1 2110 1171 2137 -1 2108 2136 2081 -1 2119 2130 2138 -1 2125 2133 2130 -1 2130 2120 2125 -1 2131 2123 2105 -1 2111 2119 2139 -1 2138 2139 2119 -1 2094 2127 2140 -1 2079 2127 2094 -1 2095 2124 2141 -1 2127 2095 2141 -1 2098 2085 2142 -1 2059 2058 2143 -1 2144 2113 2087 -1 2115 2144 2087 -1 2094 2143 2058 -1 2116 2115 2070 -1 2086 2112 2069 -1 2145 2086 2114 -1 2116 2041 2146 -1 2147 2116 2146 -1 2059 2146 2041 -1 2109 2067 2121 -1 2099 2025 2089 -1 2100 2122 2148 -1 2130 2133 2149 -1 2149 2138 2130 -1 2141 2124 2134 -1 2132 2126 2150 -1 2149 2133 2150 -1 2123 2131 2151 -1 2126 2135 2152 -1 2111 2139 2131 -1 2123 2153 2107 -1 2139 2138 2154 -1 2093 2099 2155 -1 2118 2065 2109 -1 2137 2156 2110 -1 2133 2132 2150 -1 2157 2134 2129 -1 2158 2141 2134 -1 2151 2131 2159 -1 2160 2156 2137 -1 2160 2137 1171 -1 2159 2131 2161 -1 2122 2162 2148 -1 2162 2122 2107 -1 2047 2163 2103 -1 2078 2100 2148 -1 2047 2082 2163 -1 2082 2117 2163 -1 2108 2164 2136 -1 2098 2164 2108 -1 2164 2098 2165 -1 2165 2098 2166 -1 2142 2166 2098 -1 2112 2142 2085 -1 2150 2126 2152 -1 2167 2103 2168 -1 2163 2168 2103 -1 2138 2149 2169 -1 2154 2138 2169 -1 2129 2110 2156 -1 2156 2157 2129 -1 2107 2153 2162 -1 2139 2161 2131 -1 2160 1171 1182 -1 2159 2161 2170 -1 2171 2148 2162 -1 2152 2135 2172 -1 2169 2149 2150 -1 2078 2148 2117 -1 2123 2151 2173 -1 2156 2160 2174 -1 2153 2123 2173 -1 2174 2160 1182 -1 2157 2175 2134 -1 2158 2134 2175 -1 2151 2159 2176 -1 2172 2135 2136 -1 2141 2158 2177 -1 2141 2177 2127 -1 2127 2178 2140 -1 2127 2177 2178 -1 2112 2179 2142 -1 2145 2112 2086 -1 2116 2180 2115 -1 2181 2094 2140 -1 2143 2182 2059 -1 2113 2183 2114 -1 2184 2183 2113 -1 2146 2059 2182 -1 2144 2184 2113 -1 2109 2185 2118 -1 2186 2150 2152 -1 2187 2188 2128 -1 2102 2187 2128 -1 2157 2156 2189 -1 2121 2093 2190 -1 2170 2176 2159 -1 2161 2191 2170 -1 2191 2161 2154 -1 2161 2139 2154 -1 2171 2162 2153 -1 2186 2169 2150 -1 2173 2151 2192 -1 2054 2128 2188 -1 2186 2152 2172 -1 2193 2103 2167 -1 2102 2103 2193 -1 2151 2176 2192 -1 2189 2156 2174 -1 2176 2170 2194 -1 2191 2194 2170 -1 2174 1182 2195 -1 2191 2154 2169 -1 2117 2148 2196 -1 2163 2117 2197 -1 2190 2093 2155 -1 2192 2198 2173 -1 2148 2171 2196 -1 2089 2054 2199 -1 2188 2199 2054 -1 2200 2172 2136 -1 2164 2200 2136 -1 2164 2165 2201 -1 2166 2201 2165 -1 2166 2142 2202 -1 2174 2195 2203 -1 2204 2163 2197 -1 2168 2163 2204 -1 2099 2205 2155 -1 2172 2206 2186 -1 2207 2173 2198 -1 2109 2121 2190 -1 2174 2203 2189 -1 2187 2102 2193 -1 2157 2189 2203 -1 1199 2195 1182 -1 2192 2176 2208 -1 2176 2194 2208 -1 2190 2155 2209 -1 2191 2169 2210 -1 2153 2173 2207 -1 2186 2210 2169 -1 2206 2210 2186 -1 2190 2211 2109 -1 2171 2153 2207 -1 2198 2192 2212 -1 2195 1199 2213 -1 2203 2175 2157 -1 2177 2214 2178 -1 2164 2215 2200 -1 2158 2216 2177 -1 2172 2200 2206 -1 2216 2214 2177 -1 2179 2202 2142 -1 2182 2143 2217 -1 2112 2145 2218 -1 2094 2181 2143 -1 2183 2145 2114 -1 2217 2143 2181 -1 2179 2112 2218 -1 2214 2219 2178 -1 2178 2219 2140 -1 2220 2183 2184 -1 2181 2140 2219 -1 2184 2144 2221 -1 2115 2180 2144 -1 2144 2180 2221 -1 2222 2171 2207 -1 2223 2198 2224 -1 2198 2212 2224 -1 2205 2099 2089 -1 2171 2225 2196 -1 2191 2210 2194 -1 2225 2226 2196 -1 2117 2196 2226 -1 2212 2192 2208 -1 1207 2213 1199 -1 2223 2207 2198 -1 2225 2171 2222 -1 2109 2211 2185 -1 2197 2117 2226 -1 2224 2212 2227 -1 1207 2228 2213 -1 2223 2222 2207 -1 1218 2229 1204 -1 2216 2158 2230 -1 2231 2232 2200 -1 2216 2230 2233 -1 2175 2230 2158 -1 2234 2216 2233 -1 2233 2235 2234 -1 2231 2215 2236 -1 2200 2215 2231 -1 2235 2233 1218 -1 2232 2206 2200 -1 1218 1213 2235 -1 2216 2234 2214 -1 2219 2214 2237 -1 2238 2201 2166 -1 2237 2214 2234 -1 2197 2226 2239 -1 2223 2224 2240 -1 2241 2089 2199 -1 2194 2210 2208 -1 2190 2209 2242 -1 2212 2208 2227 -1 2243 2203 2195 -1 2175 2203 2243 -1 2222 2223 2244 -1 2240 2244 2223 -1 1204 2229 1221 -1 2240 2224 2245 -1 2243 2230 2175 -1 2240 2245 2246 -1 2246 2245 2247 -1 2188 2187 2248 -1 2249 2248 2187 -1 2187 2193 2249 -1 2227 2208 2250 -1 2250 2208 2210 -1 2206 2250 2210 -1 2251 2229 2233 -1 2233 2230 2251 -1 1218 2233 2229 -1 2215 2252 2236 -1 2253 2234 2235 -1 2232 2246 2247 -1 2247 2206 2232 -1 2253 2237 2234 -1 2254 2252 2215 -1 2231 2246 2232 -1 2235 1213 2253 -1 2253 1213 2255 -1 2255 1213 1209 -1 1215 2255 1209 -1 2146 2182 2256 -1 2215 2164 2201 -1 2257 2256 2182 -1 2238 2254 2201 -1 2201 2254 2215 -1 2238 2166 2202 -1 2217 2257 2182 -1 2238 2202 2258 -1 2217 2181 2259 -1 2181 2219 2260 -1 2260 2259 2181 -1 2260 2219 2237 -1 2145 2261 2218 -1 2183 2261 2145 -1 2262 2183 2220 -1 2224 2227 2263 -1 2195 2213 2243 -1 2209 2155 2205 -1 2204 2197 2239 -1 1224 2228 1207 -1 2264 2251 2230 -1 2245 2224 2263 -1 2245 2263 2247 -1 2241 2199 2188 -1 2251 2264 2229 -1 2249 2193 2265 -1 2193 2167 2265 -1 2266 2240 2246 -1 2250 2206 2247 -1 2205 2089 2241 -1 2263 2227 2250 -1 2263 2250 2247 -1 2244 2240 2267 -1 2213 2228 2268 -1 2268 2243 2213 -1 2225 2222 2269 -1 2244 2269 2222 -1 2241 2188 2248 -1 2239 2226 2270 -1 2271 2265 2167 -1 2167 2168 2271 -1 2229 2264 1221 -1 2236 2272 2266 -1 2237 2253 2273 -1 2260 2237 2273 -1 2231 2266 2246 -1 2273 2253 2274 -1 2255 2274 2253 -1 2272 2236 2252 -1 2236 2266 2231 -1 1227 2255 1215 -1 2242 2209 2275 -1 2225 2270 2226 -1 2242 2211 2190 -1 2276 2228 1224 -1 2266 2267 2240 -1 2269 2244 2267 -1 2225 2269 2270 -1 2239 2270 2277 -1 2268 2278 2243 -1 2243 2278 2230 -1 2279 2267 2266 -1 2275 2209 2205 -1 2230 2278 2264 -1 2248 2249 2280 -1 2281 1227 1216 -1 2279 2266 2272 -1 1227 2274 2255 -1 2282 2272 2252 -1 2282 2252 2283 -1 2238 2284 2254 -1 2252 2254 2283 -1 2257 2217 2259 -1 2284 2238 2258 -1 2254 2284 2283 -1 2258 2202 2285 -1 2202 2179 2285 -1 2286 2259 2260 -1 2287 2286 2273 -1 2273 2286 2260 -1 2285 2179 2218 -1 2261 2288 2218 -1 2183 2262 2261 -1 2180 2116 2147 -1 2220 2184 2289 -1 2221 2289 2184 -1 2256 2147 2146 -1 2221 2180 2290 -1 2180 2147 2291 -1 2291 2290 2180 -1 2256 2291 2147 -1 2281 1216 1231 -1 2242 2292 2211 -1 2269 2293 2270 -1 2268 2228 2294 -1 2228 2276 2294 -1 2295 2239 2277 -1 2204 2239 2295 -1 2293 2269 2267 -1 2296 2276 1224 -1 2297 2279 2272 -1 1224 1235 2296 -1 2279 2293 2267 -1 2270 2293 2277 -1 2297 2293 2279 -1 2296 2294 2276 -1 2249 2265 2298 -1 2271 2298 2265 -1 2271 2168 2299 -1 2168 2204 2299 -1 2274 1227 2300 -1 2300 1227 2281 -1 2241 2248 2301 -1 2185 2211 2302 -1 2242 2275 2292 -1 2211 2292 2302 -1 2293 2297 2277 -1 2275 2205 2303 -1 1221 2264 1239 -1 2268 2294 2304 -1 2268 2304 2278 -1 2301 2248 2280 -1 2304 2296 1235 -1 2295 2299 2204 -1 2295 2277 2297 -1 2304 2294 2296 -1 2305 2281 1231 -1 2297 2272 2306 -1 2272 2282 2306 -1 2287 2273 2274 -1 2287 2274 2307 -1 2283 2284 2308 -1 2288 2309 2218 -1 2300 2307 2274 -1 2286 2310 2259 -1 2262 2288 2261 -1 2287 2311 2286 -1 2259 2312 2257 -1 2284 2258 2313 -1 2313 2258 2285 -1 2218 2309 2285 -1 2304 2314 2278 -1 2304 1235 1240 -1 2295 2297 2306 -1 2271 2299 2315 -1 2315 2299 2316 -1 2295 2316 2299 -1 2316 2295 2306 -1 1240 1237 2317 -1 2317 2264 2278 -1 2205 2241 2318 -1 2316 2306 2319 -1 2281 2305 2300 -1 2306 2282 2319 -1 2320 2319 2282 -1 2321 2316 2319 -1 2275 2303 2322 -1 2316 2321 2315 -1 1231 1243 2305 -1 2314 2304 1240 -1 2314 2317 2278 -1 1239 2264 2317 -1 1237 1239 2317 -1 2292 2275 2322 -1 2271 2315 2323 -1 2303 2205 2318 -1 2321 2319 2324 -1 2325 2320 2283 -1 2308 2325 2283 -1 2326 2307 2327 -1 2287 2307 2326 -1 2311 2310 2286 -1 2320 2324 2319 -1 2307 2300 2327 -1 2324 2320 2325 -1 2283 2320 2282 -1 2300 2305 2327 -1 2313 2308 2284 -1 2310 2312 2259 -1 2326 2311 2287 -1 2309 2313 2285 -1 2328 2221 2290 -1 2290 2329 2328 -1 2330 2288 2262 -1 2330 2220 2331 -1 2262 2220 2330 -1 2329 2291 2332 -1 2290 2291 2329 -1 2220 2333 2331 -1 2289 2333 2220 -1 2328 2289 2221 -1 2333 2289 2328 -1 2291 2256 2334 -1 2334 2332 2291 -1 2312 2256 2257 -1 2312 2334 2256 -1 2317 2314 1240 -1 2321 2335 2315 -1 2336 2292 2322 -1 2337 2318 2241 -1 2241 2301 2337 -1 2301 2280 2338 -1 2249 2298 2280 -1 2315 2335 2323 -1 2335 2321 2324 -1 1243 1246 2305 -1 2305 1246 2339 -1 2340 2302 2292 -1 2298 2271 2341 -1 2271 2323 2341 -1 2322 2303 2342 -1 2292 2336 2340 -1 2342 2303 2318 -1 2298 2343 2344 -1 2298 2341 2343 -1 2339 1246 2345 -1 2323 2335 2346 -1 2326 2347 2311 -1 2348 2347 2326 -1 2310 2311 2349 -1 2350 2325 2351 -1 2326 2327 2352 -1 2352 2348 2326 -1 2325 2308 2351 -1 2347 2349 2311 -1 2308 2313 2353 -1 2327 2305 2352 -1 2352 2305 2339 -1 2280 2298 2344 -1 2354 2318 2337 -1 2342 2318 2355 -1 2323 2346 2356 -1 2335 2324 2346 -1 2337 2301 2338 -1 2341 2323 2357 -1 2358 2341 2357 -1 2350 2359 2360 -1 2351 2359 2350 -1 2347 2348 2361 -1 2348 2352 2362 -1 2350 2346 2324 -1 2324 2325 2350 -1 2346 2350 2360 -1 2352 2339 2362 -1 2353 2351 2308 -1 2309 2363 2313 -1 2313 2363 2353 -1 2364 2363 2309 -1 2365 2366 2328 -1 2328 2329 2365 -1 2288 2364 2309 -1 2367 2364 2288 -1 2368 2365 2329 -1 2332 2368 2329 -1 2330 2367 2288 -1 2330 2369 2367 -1 2334 2312 2370 -1 2369 2330 2331 -1 2368 2334 2371 -1 2332 2334 2368 -1 2333 2372 2331 -1 2373 2370 2312 -1 2312 2310 2373 -1 2328 2372 2333 -1 2366 2372 2328 -1 2310 2349 2373 -1 2374 2373 2349 -1 2349 2347 2374 -1 2374 2347 2361 -1 2343 2341 2358 -1 2323 2356 2357 -1 2337 2338 2375 -1 2362 2339 2345 -1 2356 2346 2376 -1 2360 2376 2346 -1 2351 2377 2359 -1 2378 2353 2379 -1 2351 2353 2378 -1 2363 2379 2353 -1 2344 2343 2358 -1 2355 2318 2354 -1 2375 2354 2337 -1 2338 2380 2375 -1 2338 2280 2344 -1 2338 2344 2380 -1 2362 2345 2381 -1 2376 2382 2356 -1 2344 2358 2383 -1 2358 2357 2384 -1 2356 2382 2385 -1 2357 2356 2385 -1 2382 2376 2360 -1 2386 2360 2359 -1 2348 2387 2361 -1 2377 2386 2359 -1 2388 2361 2387 -1 2348 2362 2387 -1 2366 2365 2389 -1 2387 2362 2381 -1 2390 2389 2365 -1 2351 2391 2377 -1 2378 2391 2351 -1 2365 2368 2390 -1 2371 2390 2368 -1 2392 2367 2369 -1 2392 2369 2393 -1 2393 2369 2394 -1 2395 2393 2394 -1 2396 2395 2372 -1 2372 2366 2396 -1 2396 2366 2389 -1 2397 2361 2388 -1 2331 2394 2369 -1 2331 2372 2394 -1 2394 2372 2395 -1 2371 2370 2398 -1 2334 2370 2371 -1 2399 2379 2363 -1 2379 2399 2400 -1 2370 2373 2401 -1 2364 2399 2363 -1 2402 2399 2364 -1 2401 2398 2370 -1 2399 2402 2400 -1 2403 2401 2373 -1 2367 2402 2364 -1 2392 2402 2367 -1 2373 2374 2403 -1 2374 2361 2397 -1 2397 2403 2374 -1 2375 2404 2354 -1 2383 2358 2384 -1 2384 2357 2405 -1 2405 2357 2385 -1 2382 2360 2406 -1 2406 2360 2386 -1 2355 2354 2407 -1 2383 2408 2344 -1 2409 2342 2355 -1 2409 2355 2407 -1 2380 2344 2408 -1 2387 2381 2410 -1 2386 2377 2411 -1 2377 2412 2411 -1 2389 2390 2413 -1 2388 2387 2414 -1 2392 2415 2402 -1 2391 2412 2377 -1 2392 2393 2416 -1 2398 2417 2371 -1 2407 2354 2404 -1 2418 2404 2375 -1 2383 2384 2405 -1 2380 2418 2375 -1 2406 2419 2382 -1 2406 2386 2411 -1 2420 2385 2382 -1 2382 2419 2420 -1 2421 2422 2391 -1 2387 2410 2414 -1 2389 2423 2396 -1 2413 2423 2389 -1 2397 2388 2424 -1 2413 2390 2371 -1 2388 2414 2424 -1 2400 2425 2426 -1 2424 2427 2397 -1 2425 2402 2415 -1 2391 2428 2412 -1 2415 2392 2416 -1 2391 2422 2428 -1 2429 2417 2398 -1 2416 2393 2430 -1 2395 2430 2393 -1 2423 2395 2396 -1 2430 2395 2431 -1 2423 2431 2395 -1 2391 2378 2421 -1 2421 2378 2379 -1 2398 2401 2432 -1 2379 2400 2421 -1 2433 2432 2401 -1 2401 2403 2433 -1 2425 2400 2402 -1 2433 2403 2434 -1 2403 2397 2427 -1 2427 2434 2403 -1 2435 2383 2405 -1 2405 2385 2436 -1 2418 2380 2437 -1 2419 2406 2411 -1 2412 2438 2411 -1 2383 2439 2408 -1 2408 2440 2380 -1 2439 2383 2435 -1 2437 2380 2440 -1 2441 2430 2431 -1 2423 2413 2442 -1 2428 2443 2412 -1 2424 2414 2444 -1 2413 2371 2417 -1 2414 2410 2444 -1 2428 2422 2445 -1 2413 2417 2446 -1 2429 2446 2417 -1 2421 2447 2422 -1 2448 2404 2418 -1 2435 2405 2436 -1 2420 2436 2385 -1 2436 2420 2449 -1 2420 2419 2450 -1 2404 2448 2407 -1 2439 2440 2408 -1 2451 2418 2437 -1 2419 2411 2450 -1 2435 2436 2452 -1 2449 2420 2450 -1 2450 2411 2453 -1 2411 2438 2453 -1 2453 2438 2454 -1 2455 2441 2431 -1 2412 2443 2438 -1 2442 2431 2423 -1 2443 2428 2456 -1 2442 2413 2446 -1 2457 2415 2416 -1 2430 2458 2416 -1 2441 2458 2430 -1 2427 2424 2459 -1 2422 2447 2445 -1 2447 2421 2400 -1 2426 2447 2400 -1 2460 2426 2425 -1 2432 2429 2398 -1 2425 2415 2460 -1 2432 2433 2461 -1 2434 2461 2433 -1 2434 2427 2459 -1 2462 2407 2448 -1 2463 2436 2449 -1 2418 2451 2448 -1 2436 2463 2452 -1 2449 2464 2463 -1 2450 2464 2449 -1 2438 2465 2454 -1 2439 2435 2466 -1 2467 2451 2437 -1 2437 2440 2467 -1 2440 2439 2468 -1 2453 2469 2450 -1 2424 2444 2470 -1 2443 2465 2438 -1 2443 2456 2465 -1 2471 2446 2472 -1 2442 2446 2471 -1 2446 2473 2472 -1 2474 2424 2470 -1 2431 2442 2475 -1 2428 2445 2456 -1 2471 2475 2442 -1 2429 2476 2446 -1 2432 2476 2429 -1 2446 2476 2473 -1 2458 2457 2416 -1 2457 2477 2460 -1 2457 2460 2415 -1 2458 2441 2478 -1 2455 2478 2441 -1 2455 2431 2475 -1 2463 2479 2452 -1 2468 2439 2480 -1 2435 2452 2466 -1 2464 2481 2463 -1 2450 2469 2464 -1 2453 2454 2469 -1 2469 2454 2482 -1 2465 2482 2454 -1 2479 2463 2481 -1 2440 2468 2467 -1 2439 2466 2480 -1 2467 2468 2483 -1 2479 2466 2452 -1 2467 2484 2451 -1 2481 2464 2469 -1 2481 2469 2482 -1 2485 2481 2482 -1 2486 2487 2477 -1 2486 2477 2488 -1 2465 2489 2482 -1 2488 2477 2457 -1 2490 2488 2457 -1 2489 2465 2491 -1 2465 2456 2491 -1 2458 2490 2457 -1 2492 2456 2445 -1 2491 2456 2492 -1 2493 2458 2478 -1 2492 2445 2494 -1 2455 2475 2495 -1 2475 2471 2496 -1 2472 2496 2471 -1 2424 2474 2459 -1 2487 2486 2497 -1 2432 2461 2476 -1 2476 2461 2498 -1 2476 2498 2499 -1 2447 2500 2445 -1 2445 2500 2494 -1 2461 2434 2501 -1 2494 2500 2497 -1 2426 2500 2447 -1 2487 2500 2426 -1 2459 2501 2434 -1 2502 2501 2459 -1 2500 2487 2497 -1 2461 2501 2503 -1 2498 2461 2503 -1 2499 2498 2503 -1 2426 2477 2487 -1 2460 2477 2426 -1 2466 2479 2504 -1 2479 2481 2505 -1 2481 2485 2505 -1 2468 2506 2483 -1 2482 2507 2485 -1 2489 2507 2482 -1 2473 2476 2508 -1 2509 2497 2510 -1 2474 2511 2459 -1 2502 2459 2511 -1 2502 2511 2512 -1 2493 2490 2458 -1 2491 2492 2513 -1 2496 2514 2475 -1 2494 2515 2492 -1 2495 2475 2514 -1 2509 2515 2494 -1 2478 2455 2516 -1 2517 2495 2514 -1 2516 2455 2495 -1 2472 2518 2496 -1 2472 2473 2518 -1 2518 2514 2496 -1 2519 2483 2506 -1 2520 2451 2484 -1 2504 2480 2466 -1 2467 2483 2484 -1 2479 2505 2504 -1 2504 2505 2521 -1 2505 2485 2521 -1 2480 2504 2522 -1 2480 2506 2468 -1 2518 2508 2523 -1 2491 2524 2489 -1 2510 2525 2509 -1 2526 2524 2491 -1 2525 2510 2527 -1 2488 2528 2486 -1 2529 2528 2488 -1 2526 2491 2513 -1 2513 2515 2530 -1 2492 2515 2513 -1 2530 2515 2531 -1 2488 2490 2532 -1 2529 2488 2532 -1 2533 2490 2493 -1 2532 2490 2533 -1 2534 2493 2478 -1 2533 2493 2534 -1 2515 2509 2531 -1 2534 2478 2535 -1 2478 2516 2535 -1 2536 2535 2516 -1 2537 2517 2514 -1 2516 2495 2536 -1 2517 2536 2495 -1 2514 2518 2537 -1 2508 2518 2473 -1 2499 2508 2476 -1 2497 2509 2494 -1 2508 2499 2523 -1 2497 2486 2510 -1 2512 2503 2502 -1 2502 2503 2501 -1 2527 2510 2528 -1 2528 2510 2486 -1 2503 2512 2538 -1 2539 2503 2538 -1 2499 2503 2539 -1 2521 2485 2540 -1 2507 2541 2485 -1 2542 2484 2483 -1 2483 2519 2542 -1 2506 2480 2543 -1 2507 2489 2544 -1 2524 2544 2489 -1 2545 2504 2521 -1 2485 2541 2540 -1 2546 2544 2524 -1 2547 2518 2523 -1 2526 2546 2524 -1 2526 2513 2548 -1 2529 2549 2528 -1 2530 2548 2513 -1 2517 2550 2551 -1 2525 2531 2509 -1 2552 2531 2525 -1 2537 2550 2517 -1 2517 2551 2536 -1 2553 2532 2533 -1 2553 2533 2554 -1 2533 2534 2554 -1 2535 2555 2534 -1 2555 2554 2534 -1 2547 2556 2537 -1 2547 2537 2518 -1 2545 2522 2504 -1 2557 2540 2541 -1 2558 2557 2541 -1 2542 2559 2484 -1 2522 2545 2560 -1 2521 2561 2545 -1 2540 2561 2521 -1 2522 2543 2480 -1 2558 2541 2507 -1 2544 2558 2507 -1 2559 2520 2484 -1 2557 2561 2540 -1 2561 2557 2558 -1 2562 2547 2523 -1 2563 2527 2564 -1 2563 2564 2565 -1 2565 2564 2566 -1 2566 2564 2549 -1 2548 2546 2526 -1 2567 2566 2549 -1 2567 2549 2529 -1 2568 2567 2529 -1 2530 2569 2548 -1 2568 2529 2553 -1 2568 2553 2570 -1 2537 2556 2571 -1 2530 2531 2569 -1 2531 2552 2572 -1 2573 2551 2550 -1 2537 2571 2550 -1 2572 2552 2574 -1 2527 2552 2525 -1 2573 2575 2551 -1 2552 2527 2563 -1 2528 2549 2527 -1 2549 2564 2527 -1 2576 2523 2499 -1 2499 2539 2576 -1 2523 2576 2562 -1 2532 2553 2529 -1 2576 2539 2577 -1 2577 2539 2538 -1 2578 2554 2555 -1 2555 2535 2536 -1 2536 2551 2555 -1 2579 2519 2506 -1 2506 2543 2579 -1 2580 2561 2558 -1 2544 2546 2581 -1 2519 2582 2542 -1 2580 2583 2561 -1 2558 2584 2580 -1 2558 2544 2584 -1 2545 2561 2583 -1 2543 2522 2560 -1 2581 2584 2544 -1 2585 2563 2565 -1 2556 2547 2586 -1 2585 2565 2587 -1 2588 2565 2566 -1 2587 2565 2588 -1 2548 2569 2589 -1 2590 2588 2566 -1 2571 2573 2550 -1 2590 2566 2567 -1 2591 2587 2588 -1 2592 2593 2571 -1 2591 2588 2590 -1 2573 2571 2593 -1 2572 2569 2531 -1 2594 2590 2567 -1 2556 2592 2571 -1 2594 2567 2568 -1 2594 2568 2570 -1 2592 2556 2586 -1 2563 2574 2552 -1 2547 2562 2595 -1 2574 2563 2596 -1 2595 2586 2547 -1 2554 2570 2553 -1 2597 2570 2554 -1 2578 2597 2554 -1 2563 2585 2596 -1 2578 2598 2597 -1 2555 2599 2578 -1 2582 2559 2542 -1 2545 2583 2600 -1 2543 2601 2579 -1 2560 2601 2543 -1 2546 2548 2602 -1 2603 2602 2548 -1 2604 2582 2519 -1 2583 2580 2605 -1 2606 2584 2581 -1 2604 2519 2607 -1 2519 2579 2607 -1 2584 2605 2580 -1 2606 2605 2584 -1 2608 2609 2610 -1 2598 2610 2597 -1 2546 2611 2581 -1 2603 2548 2589 -1 2596 2585 2612 -1 2613 2591 2614 -1 2591 2615 2614 -1 2616 2612 2585 -1 2593 2617 2573 -1 2587 2616 2585 -1 2618 2589 2569 -1 2613 2616 2587 -1 2619 2616 2613 -1 2613 2587 2591 -1 2615 2591 2590 -1 2620 2593 2592 -1 2594 2615 2590 -1 2621 2615 2594 -1 2621 2594 2609 -1 2592 2586 2620 -1 2609 2594 2570 -1 2570 2610 2609 -1 2569 2622 2618 -1 2597 2610 2570 -1 2562 2576 2623 -1 2572 2622 2569 -1 2562 2623 2624 -1 2598 2578 2599 -1 2572 2625 2622 -1 2626 2622 2625 -1 2572 2574 2625 -1 2596 2625 2574 -1 2573 2617 2575 -1 2612 2625 2596 -1 2575 2599 2551 -1 2551 2599 2555 -1 2624 2595 2562 -1 2579 2601 2607 -1 2600 2560 2545 -1 2606 2581 2627 -1 2627 2581 2611 -1 2546 2602 2611 -1 2603 2628 2602 -1 2599 2575 2629 -1 2603 2589 2630 -1 2618 2630 2589 -1 2631 2630 2618 -1 2614 2615 1828 -1 2621 1828 2615 -1 2610 2632 2608 -1 2621 2609 2608 -1 2633 2608 2632 -1 2632 2610 2598 -1 2598 2634 2632 -1 2582 2604 2635 -1 2601 2560 2636 -1 2560 2600 2637 -1 2600 2583 2605 -1 2636 2560 2637 -1 2606 2638 2605 -1 2632 2634 2633 -1 2639 2633 2634 -1 2608 2640 2621 -1 2602 2628 2611 -1 2640 1829 2621 -1 1872 2641 2619 -1 1872 2619 2642 -1 2642 2619 2613 -1 2633 2640 2608 -1 2603 2630 2643 -1 1830 1829 2640 -1 2640 1831 1830 -1 2644 2634 2598 -1 2598 2629 2644 -1 2599 2629 2598 -1 1829 1828 2621 -1 2614 1828 1853 -1 2629 2575 2645 -1 2625 2646 2626 -1 2625 2612 2646 -1 2647 2646 2612 -1 2612 2641 2647 -1 2622 2648 2618 -1 2612 2616 2641 -1 2616 2619 2641 -1 2649 2617 2593 -1 2586 2650 2620 -1 2651 2575 2617 -1 2586 2652 2650 -1 2642 2613 2614 -1 2586 2595 2653 -1 2652 2586 2653 -1 2607 2601 2654 -1 1831 2640 2655 -1 2655 2633 2656 -1 2600 2605 2657 -1 2606 2627 2638 -1 2559 2582 2658 -1 1831 2655 1866 -1 2603 2643 2659 -1 2614 1873 2642 -1 1852 1873 2614 -1 1853 1852 2614 -1 2659 2628 2603 -1 2631 2643 2630 -1 1872 2647 2641 -1 2660 2647 1872 -1 2618 2648 2631 -1 2633 2655 2640 -1 2656 2633 2639 -1 2646 2647 2661 -1 2662 1856 1857 -1 2634 2663 2639 -1 2662 1859 1856 -1 2664 2604 2607 -1 1859 2665 1834 -1 2636 2654 2601 -1 2636 2637 2666 -1 2637 2600 2657 -1 2665 2667 1834 -1 2611 2668 2627 -1 1869 2655 2656 -1 2611 2628 2668 -1 2669 2668 2628 -1 1869 1866 2655 -1 1848 2670 1838 -1 2663 2634 2671 -1 1859 2662 2672 -1 2634 2644 2671 -1 2673 1848 1865 -1 2665 1859 2672 -1 2670 1857 1838 -1 2654 2664 2607 -1 2667 2665 2674 -1 2638 2657 2605 -1 2645 2675 2629 -1 2676 2643 2631 -1 2645 2575 2651 -1 2631 2648 2677 -1 2677 2676 2631 -1 2678 2679 2647 -1 2647 2660 2678 -1 2680 2644 2629 -1 2648 2622 2681 -1 2626 2681 2622 -1 2617 2649 2651 -1 1873 1872 2642 -1 2661 2647 2679 -1 2593 2682 2649 -1 2650 2652 2683 -1 2620 2682 2593 -1 2682 2620 2684 -1 2684 2620 2650 -1 2683 2652 2685 -1 2685 2652 2653 -1 2653 2595 2686 -1 2685 2653 2686 -1 2595 2624 2686 -1 2687 2626 2646 -1 2661 2687 2646 -1 2672 2674 2665 -1 1865 1876 2673 -1 2627 2668 2638 -1 2669 2628 2659 -1 2676 2659 2643 -1 2671 2644 2680 -1 2639 2688 2656 -1 2675 2680 2629 -1 2689 2656 2688 -1 1869 2656 2689 -1 1881 2660 1872 -1 1869 2689 1863 -1 1857 2690 2691 -1 1857 2691 2662 -1 2662 2691 2672 -1 1876 2692 2673 -1 2693 2675 2645 -1 2672 2694 2674 -1 2674 2694 2695 -1 1848 2673 2696 -1 2635 2658 2582 -1 2697 1848 2696 -1 2670 1848 2697 -1 2637 2657 2698 -1 2657 2638 2699 -1 2663 2700 2639 -1 2676 2701 2659 -1 2671 2680 2702 -1 2677 2703 2676 -1 2690 1857 2670 -1 2688 2639 2700 -1 2678 2660 1881 -1 2689 1876 1863 -1 2704 2681 2626 -1 2703 2677 2705 -1 2649 2706 2651 -1 2649 2682 2707 -1 2679 2678 2708 -1 2670 2697 2690 -1 2689 2709 1876 -1 2691 2690 2710 -1 2710 2711 2691 -1 2711 2672 2691 -1 2675 2693 2712 -1 2648 2681 2713 -1 2672 2711 2694 -1 2708 2678 2714 -1 2678 1881 1885 -1 2666 2654 2636 -1 2698 2666 2637 -1 2673 2692 2696 -1 2715 2698 2657 -1 2638 2668 2716 -1 2668 2669 2716 -1 2659 2701 2669 -1 2663 2671 2700 -1 2702 2680 2712 -1 2680 2675 2712 -1 2700 2717 2688 -1 2689 2688 2717 -1 2714 2678 1885 -1 2690 2697 2718 -1 1876 2709 2719 -1 2719 2712 2692 -1 1876 2719 2692 -1 2720 2708 2714 -1 2681 2721 2713 -1 2722 2704 2687 -1 2645 2651 2723 -1 2645 2723 2693 -1 2724 2716 2669 -1 2723 2651 2725 -1 2712 2719 2702 -1 2696 2692 2712 -1 2706 2725 2651 -1 2709 2717 2719 -1 2689 2717 2709 -1 2626 2687 2704 -1 2707 2682 2684 -1 2661 2726 2687 -1 2684 2727 2728 -1 2648 2713 2677 -1 2650 2727 2684 -1 2683 2727 2650 -1 2729 2727 2683 -1 2685 2729 2683 -1 2685 2686 2730 -1 2731 2676 2703 -1 2717 2700 2719 -1 2719 2700 2702 -1 2718 2710 2690 -1 2696 2712 2693 -1 2694 2711 2732 -1 2696 2693 2697 -1 2714 1885 2733 -1 2704 2721 2681 -1 2698 2734 2666 -1 2695 2694 2735 -1 2661 2736 2726 -1 2715 2657 2699 -1 2693 2723 2697 -1 2723 2725 2697 -1 2669 2701 2724 -1 2737 2725 2706 -1 2701 2676 2731 -1 2700 2671 2702 -1 2697 2725 2718 -1 2677 2738 2705 -1 2713 2738 2677 -1 2710 2732 2711 -1 2739 2635 2604 -1 2694 2732 2735 -1 2654 2666 2740 -1 2698 2715 2741 -1 2724 2701 2742 -1 2743 2706 2649 -1 2718 2725 2737 -1 2714 2733 2720 -1 2707 2684 2744 -1 2679 2708 2745 -1 2744 2684 2728 -1 2745 2708 2720 -1 2685 2730 2746 -1 2729 2685 2746 -1 2728 2727 2747 -1 2649 2707 2748 -1 2715 2699 2749 -1 2732 2710 2750 -1 2699 2638 2716 -1 2716 2724 2751 -1 2742 2701 2731 -1 2658 2635 2752 -1 2664 2654 2753 -1 2753 2654 2740 -1 2649 2748 2743 -1 2710 2718 2750 -1 2751 2699 2716 -1 2754 2755 2735 -1 2731 2703 2756 -1 2742 2731 2756 -1 2721 2738 2713 -1 2739 2752 2635 -1 2739 2604 2664 -1 2734 2740 2666 -1 2718 2737 2750 -1 2734 2698 2741 -1 2744 2757 2707 -1 2729 2747 2727 -1 2724 2742 2751 -1 2705 2756 2703 -1 2737 2706 2743 -1 2705 2738 2758 -1 2754 2735 2732 -1 2759 2755 2754 -1 2755 2759 2760 -1 2749 2741 2715 -1 2751 2749 2699 -1 2737 2743 2750 -1 2743 2732 2750 -1 2741 2761 2734 -1 2732 2743 2748 -1 2732 2748 2759 -1 2732 2759 2754 -1 2762 2755 2760 -1 2756 2705 2763 -1 2705 2758 2763 -1 2707 2764 2748 -1 2734 2761 2740 -1 2762 2765 2766 -1 2749 2767 2741 -1 2749 2751 2768 -1 2751 2742 2769 -1 2748 2764 2759 -1 2707 2757 2764 -1 2729 2746 2770 -1 2747 2771 2728 -1 2747 2729 2770 -1 2760 2765 2762 -1 2756 2769 2742 -1 2772 2747 2770 -1 2757 2744 2773 -1 2764 2760 2759 -1 2744 2728 2774 -1 2766 2765 2775 -1 2749 2768 2767 -1 2751 2769 2768 -1 2756 2763 2769 -1 2760 2764 2757 -1 2739 2664 2776 -1 2773 2744 2774 -1 2777 2757 2773 -1 2664 2753 2776 -1 2760 2757 2777 -1 2777 2778 2760 -1 2778 2765 2760 -1 2728 2771 2774 -1 2779 2775 2765 -1 2771 2747 2772 -1 2777 2773 2780 -1 2739 2776 2781 -1 2776 2753 2782 -1 2779 2778 2772 -1 2765 2778 2779 -1 2783 2767 2768 -1 2773 2774 2784 -1 2771 2784 2774 -1 2780 2773 2784 -1 2778 2777 2771 -1 2778 2771 2772 -1 2770 2785 2772 -1 2771 2777 2784 -1 2772 2785 2779 -1 2786 2761 2741 -1 2786 2741 2767 -1 2787 2753 2740 -1 2780 2784 2777 -1 2788 2786 2767 -1 2787 2782 2753 -1 2781 2776 2782 -1 2740 2761 2787 -1 2789 2790 2761 -1 2761 2786 2789 -1 2782 2787 2791 -1 2792 2790 2789 -1 2781 2782 2793 -1 2787 2761 2790 -1 2793 2782 2794 -1 2794 2782 2791 -1 2792 2795 2790 -1 2791 2787 2795 -1 2787 2790 2795 -1 2791 2796 2794 -1 2796 2791 2795 -1 2797 2798 2799 -1 2800 2801 2802 -1 2802 2798 2797 -1 2797 2803 2802 -1 2802 2803 2804 -1 2805 2802 2801 -1 2798 2802 2805 -1 2800 2802 2804 -1 2806 2800 2804 -1 2797 2799 2807 -1 2803 2797 2808 -1 2800 2809 2801 -1 2810 2806 2811 -1 2797 2807 2808 -1 2810 2809 2800 -1 2806 2810 2800 -1 2812 2803 2813 -1 2804 2803 2812 -1 2808 2813 2803 -1 2806 2812 2811 -1 2806 2804 2812 -1 2798 2814 2799 -1 2815 2807 2799 -1 2805 2801 2816 -1 2817 2818 2810 -1 2810 2818 2809 -1 2817 2810 2811 -1 2808 2819 2813 -1 2801 2809 2816 -1 2799 2814 2815 -1 2807 2815 2820 -1 2807 2820 2808 -1 2821 2809 2818 -1 2811 2812 2822 -1 2823 2812 2813 -1 2824 2798 2805 -1 2820 2815 2825 -1 2821 2818 2826 -1 2809 2827 2816 -1 2822 2823 2828 -1 2823 2822 2812 -1 2829 2823 2813 -1 2809 2821 2827 -1 2830 2815 2814 -1 2805 2816 2824 -1 2824 2814 2798 -1 2808 2820 2831 -1 2808 2831 2832 -1 2832 2819 2808 -1 2819 2829 2813 -1 2818 2833 2826 -1 2834 2833 2818 -1 2817 2834 2818 -1 2835 2817 2811 -1 2815 2836 2825 -1 2815 2830 2837 -1 2826 2838 2821 -1 2833 2834 2839 -1 2838 2827 2821 -1 2840 2817 2835 -1 2835 2811 2822 -1 2828 2841 2822 -1 2839 2834 2842 -1 2828 2823 2829 -1 2840 2842 2834 -1 2840 2834 2817 -1 2843 2816 2827 -1 2824 2844 2814 -1 2843 2827 2838 -1 2826 2833 2845 -1 2846 2822 2841 -1 2844 2816 2843 -1 2847 2848 2839 -1 2816 2844 2824 -1 2839 2842 2847 -1 2815 2837 2836 -1 2849 2847 2842 -1 2849 2842 2850 -1 2814 2844 2851 -1 2850 2842 2840 -1 2852 2831 2825 -1 2820 2825 2831 -1 2848 2853 2839 -1 2829 2819 2854 -1 2845 2833 2839 -1 2855 2838 2826 -1 2840 2835 2856 -1 2846 2856 2835 -1 2822 2846 2835 -1 2848 2847 2857 -1 2826 2845 2855 -1 2840 2856 2858 -1 2853 2845 2839 -1 2830 2814 2851 -1 2831 2859 2860 -1 2832 2831 2860 -1 2854 2819 2832 -1 2861 2862 2863 -1 2856 2846 2858 -1 2863 2857 2861 -1 2846 2841 2864 -1 2857 2863 2865 -1 2861 2857 2866 -1 1340 2867 1337 -1 2865 2848 2857 -1 2857 2868 2866 -1 2837 2869 2836 -1 2857 2847 2868 -1 2870 2844 2843 -1 2847 2849 2868 -1 2851 2844 2870 -1 2849 2850 2871 -1 2831 2852 2859 -1 2872 2853 2848 -1 2858 2850 2840 -1 2828 2829 2873 -1 2874 2861 2875 -1 2875 2861 2866 -1 2865 2863 2876 -1 2855 2845 2877 -1 2870 2843 2878 -1 2843 2838 2878 -1 2867 1344 1337 -1 2879 2872 2865 -1 2848 2865 2872 -1 2867 2880 1344 -1 2866 2868 2881 -1 2854 2873 2829 -1 2837 2830 2882 -1 2846 2864 2883 -1 2882 2830 2851 -1 2867 1340 2884 -1 2864 2841 2828 -1 2880 2867 2885 -1 2825 2836 2886 -1 2825 2886 2852 -1 2885 2867 2887 -1 2884 2887 2867 -1 2887 2884 2888 -1 2861 2888 2862 -1 2832 2860 2854 -1 2887 2888 2861 -1 2887 2861 2874 -1 2836 2869 2889 -1 2890 2853 2891 -1 2845 2853 2890 -1 2889 2886 2836 -1 2873 2854 2892 -1 2862 2876 2863 -1 2865 2876 2879 -1 2858 2846 2883 -1 2838 2855 2893 -1 2868 2849 2894 -1 1340 2895 2884 -1 2893 2878 2838 -1 2849 2871 2894 -1 2884 2896 2888 -1 2897 2885 2887 -1 2896 2862 2888 -1 2850 2858 2871 -1 2897 2887 2898 -1 2887 2874 2898 -1 2891 2899 2890 -1 1344 2880 2900 -1 2890 2877 2845 -1 2896 2884 2895 -1 2855 2877 2893 -1 2881 2868 2894 -1 2896 2901 2862 -1 2901 2876 2862 -1 2894 2871 2902 -1 2853 2872 2891 -1 1344 2900 1351 -1 2903 2860 2859 -1 2869 2837 2904 -1 2889 2869 2905 -1 2872 2906 2891 -1 2879 2906 2872 -1 2895 1340 2907 -1 1347 2907 1340 -1 2880 2885 2900 -1 2875 2866 2881 -1 2828 2873 2864 -1 2908 2885 2897 -1 2908 2897 2898 -1 2882 2904 2837 -1 2874 2875 2909 -1 2871 2858 2910 -1 2901 2911 2876 -1 2870 2912 2851 -1 2876 2913 2879 -1 2882 2851 2912 -1 2896 2895 2914 -1 1351 2900 1377 -1 2900 2885 2908 -1 2909 2875 2915 -1 2875 2881 2915 -1 2915 2881 2916 -1 2881 2894 2916 -1 2894 2902 2916 -1 2898 2874 2909 -1 2883 2910 2858 -1 2917 2860 2903 -1 2907 1347 1409 -1 2904 2882 2918 -1 2913 2906 2879 -1 2860 2917 2854 -1 2919 2852 2886 -1 2920 2890 2899 -1 2921 2901 2896 -1 2922 2873 2892 -1 2908 2898 2909 -1 2854 2917 2892 -1 2910 2902 2871 -1 2876 2911 2923 -1 2918 2882 2912 -1 2864 2873 2924 -1 2922 2924 2873 -1 2905 2925 2889 -1 2907 2926 2895 -1 2886 2889 2927 -1 2870 2878 2928 -1 2921 2911 2901 -1 2929 1377 2930 -1 2909 2915 2931 -1 2890 2920 2877 -1 1377 2900 2930 -1 2930 2900 2908 -1 2910 2916 2902 -1 2908 2909 2931 -1 2878 2893 2928 -1 2910 2883 2932 -1 2932 2883 2864 -1 2903 2933 2917 -1 1409 2926 2907 -1 2905 2869 2904 -1 2914 2895 2926 -1 2934 2935 2906 -1 2935 2891 2906 -1 2891 2935 2899 -1 2899 2935 2936 -1 2896 2914 2921 -1 2925 2927 2889 -1 2852 2919 2937 -1 2938 2859 2937 -1 2859 2852 2937 -1 2939 2931 2915 -1 2927 2919 2886 -1 2940 2915 2916 -1 2930 2908 2941 -1 2912 2928 2942 -1 2910 2940 2916 -1 2870 2928 2912 -1 2903 2859 2938 -1 1377 2929 1404 -1 2877 2943 2893 -1 2876 2923 2913 -1 2906 2913 2944 -1 2944 2934 2906 -1 2945 2912 2942 -1 2946 2923 2911 -1 2911 2921 2946 -1 2947 2929 2930 -1 2918 2912 2945 -1 2899 2936 2920 -1 2903 2938 2933 -1 2941 2908 2931 -1 2948 2919 2927 -1 2943 2928 2893 -1 2940 2939 2915 -1 2920 2943 2877 -1 2949 2944 2923 -1 2923 2944 2913 -1 2930 2941 2947 -1 2950 2951 2927 -1 2927 2925 2950 -1 2920 2936 2952 -1 2943 2920 2952 -1 2924 2932 2864 -1 2921 2914 2946 -1 2937 2919 2953 -1 1404 2929 2947 -1 1409 1412 2926 -1 2954 2955 2931 -1 2928 2956 2957 -1 2954 2931 2958 -1 2942 2928 2957 -1 2918 2959 2904 -1 2904 2960 2905 -1 2958 2931 2939 -1 2950 2961 2951 -1 2962 2961 2950 -1 2927 2951 2948 -1 2963 2925 2905 -1 2945 2959 2918 -1 2941 2931 2955 -1 2964 2922 2917 -1 2917 2922 2892 -1 2935 2934 2936 -1 2946 2949 2923 -1 2919 2948 2953 -1 2956 2928 2965 -1 2965 2928 2943 -1 2963 2905 2960 -1 2904 2959 2960 -1 2966 2914 2926 -1 2967 2925 2963 -1 2950 2925 2967 -1 2924 2968 2932 -1 2948 2951 2961 -1 2968 2924 2922 -1 2914 2966 2946 -1 2969 2970 2947 -1 2952 2965 2943 -1 2971 2964 2917 -1 2944 2949 2972 -1 1404 2947 2970 -1 2910 2932 2940 -1 2926 1412 1436 -1 2973 2932 2974 -1 2922 2964 2975 -1 2976 2941 2977 -1 2955 2977 2941 -1 2950 2967 2962 -1 2968 2922 2975 -1 2948 2961 2978 -1 2973 2958 2939 -1 2970 1433 1404 -1 2973 2939 2940 -1 2932 2973 2940 -1 2938 2937 2979 -1 2938 2979 2933 -1 2967 2963 2980 -1 2981 2954 2958 -1 2982 2946 2966 -1 2982 2949 2946 -1 2926 1474 2966 -1 2941 2969 2947 -1 2934 2944 2983 -1 2962 2967 2980 -1 2945 2984 2959 -1 2972 2949 2982 -1 2968 2974 2932 -1 2937 2953 2985 -1 2984 2960 2959 -1 1477 2982 2966 -1 1433 2986 1432 -1 2969 2941 2976 -1 2957 2945 2942 -1 2987 2945 2957 -1 2917 2933 2971 -1 2952 2936 2988 -1 2961 2962 2989 -1 2936 2934 2988 -1 2955 2954 2977 -1 2958 2973 2981 -1 2978 2961 2989 -1 1436 1474 2926 -1 2983 2944 2990 -1 2937 2985 2979 -1 2991 2977 2954 -1 2976 2992 2969 -1 2991 2954 2981 -1 2993 2933 2979 -1 1432 2986 1466 -1 2956 2987 2957 -1 2934 2994 2988 -1 2994 2934 2983 -1 2960 2995 2963 -1 2963 2995 2980 -1 2987 2984 2945 -1 2952 2988 2965 -1 2986 1433 2970 -1 2989 2962 2996 -1 2972 2982 2997 -1 2997 2998 2972 -1 2986 2970 2999 -1 2953 2978 3000 -1 2948 2978 2953 -1 2972 2990 2944 -1 2972 2998 3001 -1 2968 3002 2974 -1 2972 3001 2990 -1 2969 2999 2970 -1 3001 2983 2990 -1 2994 2983 3001 -1 2953 3000 3003 -1 1466 3004 1465 -1 1474 1477 2966 -1 2997 2982 1477 -1 2960 3005 2995 -1 3005 2960 2984 -1 3006 3002 2968 -1 3006 2968 2975 -1 2981 2973 2974 -1 2977 3007 2976 -1 2989 2996 3008 -1 2978 2989 3009 -1 2962 2980 2996 -1 2953 3003 2985 -1 2987 3010 2984 -1 3011 2977 2991 -1 2980 2995 3012 -1 2981 3013 2991 -1 2971 2933 2993 -1 2998 2997 3014 -1 2989 3008 3009 -1 3015 2981 2974 -1 2978 3009 3000 -1 3001 2998 3016 -1 3002 3015 2974 -1 2975 2964 3017 -1 3011 2991 3013 -1 2992 2999 2969 -1 3000 3009 3018 -1 3019 2980 3012 -1 2996 2980 3019 -1 3008 2996 3019 -1 3015 3020 2981 -1 2992 2976 3007 -1 3005 3021 2995 -1 3010 3005 2984 -1 3022 3023 2956 -1 2987 2956 3023 -1 2971 2993 3024 -1 2988 3022 2965 -1 3015 3002 3025 -1 3016 2998 3014 -1 2977 3011 3007 -1 2992 3026 2999 -1 3023 3010 2987 -1 3020 3013 2981 -1 3001 3016 2994 -1 2956 2965 3022 -1 3025 3020 3015 -1 3022 2988 3027 -1 2971 3017 2964 -1 3017 2971 3024 -1 3002 3006 3025 -1 3025 3006 3028 -1 3029 3008 3019 -1 3030 3008 3029 -1 3009 3008 3030 -1 3031 3009 3030 -1 3010 3032 3005 -1 3009 3031 3018 -1 2999 3033 2986 -1 3010 3023 3032 -1 2999 3026 3033 -1 3012 2995 3034 -1 3034 2995 3021 -1 2986 3004 1466 -1 1477 1514 2997 -1 2988 2994 3027 -1 3017 3006 2975 -1 3027 3035 3022 -1 3035 3036 3023 -1 3022 3035 3023 -1 3021 3005 3032 -1 3023 3036 3032 -1 3037 3000 3018 -1 3019 3012 3038 -1 3003 3000 3037 -1 3027 2994 3016 -1 2985 2993 2979 -1 2992 3039 3026 -1 3039 2992 3007 -1 3040 3025 3028 -1 2997 1514 3041 -1 3041 3014 2997 -1 3042 3039 3007 -1 3042 3007 3011 -1 1523 1465 3004 -1 3019 3038 3029 -1 3018 3031 3043 -1 3038 3012 3044 -1 3020 3025 3040 -1 3026 3045 3033 -1 3028 3006 3046 -1 3006 3017 3046 -1 3041 1514 1540 -1 1540 3047 3041 -1 3016 3014 3048 -1 3049 1523 3004 -1 3042 3011 3013 -1 3027 3016 3050 -1 3035 3027 3050 -1 3043 3037 3018 -1 2986 3049 3004 -1 2985 3003 3051 -1 3034 3044 3012 -1 2993 2985 3052 -1 3045 3026 3039 -1 3028 3046 3053 -1 1523 3054 1537 -1 3033 3049 2986 -1 3038 3044 3055 -1 3046 3017 3056 -1 3029 3038 3057 -1 3036 3058 3032 -1 3059 3039 3042 -1 3060 3054 1523 -1 3041 3061 3014 -1 3048 3014 3061 -1 3060 1523 3049 -1 3013 3062 3042 -1 3020 3062 3013 -1 3016 3048 3050 -1 3051 3037 3063 -1 3037 3051 3003 -1 2985 3051 3052 -1 3021 3064 3034 -1 3035 3050 3065 -1 3028 3053 3040 -1 3017 3024 3056 -1 3033 3045 3066 -1 3045 3039 3059 -1 3030 3067 3031 -1 3035 3065 3036 -1 3036 3065 3068 -1 3059 3042 3069 -1 3029 3070 3030 -1 3062 3069 3042 -1 3071 3062 3040 -1 3032 3058 3064 -1 3040 3062 3020 -1 3048 3061 3072 -1 3073 3040 3053 -1 3032 3064 3021 -1 3048 3072 3074 -1 3048 3074 3050 -1 3040 3073 3071 -1 3036 3068 3058 -1 3067 3030 3070 -1 3070 3029 3057 -1 3045 3059 3066 -1 3044 3034 3075 -1 3041 3047 3061 -1 1537 3054 1575 -1 3057 3038 3055 -1 3052 3076 2993 -1 3049 3033 3077 -1 3066 3077 3033 -1 3060 3078 3054 -1 3067 3070 3079 -1 3031 3067 3079 -1 3080 3062 3071 -1 3031 3081 3043 -1 3082 3065 3050 -1 3037 3043 3083 -1 3084 3034 3064 -1 3075 3034 3084 -1 3055 3044 3075 -1 3062 3080 3069 -1 3072 3061 3047 -1 2993 3076 3024 -1 3068 3085 3058 -1 3086 3076 3052 -1 3087 3058 3085 -1 3058 3087 3064 -1 3088 3079 3089 -1 3088 3031 3079 -1 3031 3088 3081 -1 3070 3057 3090 -1 3063 3037 3083 -1 3052 3051 3086 -1 3055 3075 3091 -1 3075 3084 3091 -1 1575 3054 3078 -1 3047 1589 3092 -1 3024 3093 3056 -1 3076 3093 3024 -1 3094 3070 3090 -1 3070 3094 3079 -1 3084 3064 3087 -1 3081 3088 3095 -1 3083 3043 3081 -1 3077 3066 3096 -1 3053 3046 3097 -1 3056 3097 3046 -1 3074 3082 3050 -1 3059 3096 3066 -1 3082 3068 3065 -1 3047 1540 1589 -1 3059 3069 3098 -1 3072 3047 3092 -1 3060 3049 3077 -1 3091 3099 3055 -1 3090 3057 3100 -1 3101 3078 3060 -1 3074 3072 3102 -1 3085 3068 3103 -1 3088 3089 3095 -1 3081 3095 3104 -1 3104 3105 3081 -1 3106 1575 3078 -1 3055 3099 3057 -1 3106 3078 3101 -1 3079 3107 3089 -1 3085 3108 3087 -1 3108 3084 3087 -1 3089 3107 3095 -1 3081 3105 3083 -1 3063 3083 3109 -1 3096 3059 3098 -1 3091 3084 3110 -1 3111 3071 3073 -1 3112 3073 3053 -1 3102 3072 3092 -1 3069 3080 3098 -1 3110 3099 3091 -1 3113 3079 3094 -1 3071 3111 3080 -1 3057 3099 3100 -1 1589 1603 3092 -1 3083 3114 3109 -1 3051 3063 3115 -1 3086 3051 3115 -1 3084 3108 3110 -1 3112 3111 3073 -1 3107 3079 3113 -1 3094 3090 3113 -1 3116 3095 3107 -1 3111 3117 3080 -1 3085 3118 3108 -1 3060 3077 3101 -1 3101 3077 3119 -1 3120 3082 3121 -1 3121 3082 3074 -1 3068 3082 3103 -1 3109 3115 3063 -1 3093 3097 3056 -1 3122 3053 3097 -1 3107 3123 3116 -1 3082 3120 3103 -1 3108 3118 3124 -1 3120 3125 3103 -1 3124 3110 3108 -1 3103 3125 3085 -1 3126 3097 3093 -1 3127 3076 3086 -1 3128 3074 3102 -1 3099 3110 3129 -1 3096 3119 3077 -1 3130 3098 3080 -1 3117 3130 3080 -1 3100 3099 3131 -1 3100 3132 3090 -1 3118 3085 3125 -1 3074 3128 3121 -1 3133 3123 3107 -1 3104 3095 3134 -1 1575 3106 3135 -1 3122 3112 3053 -1 3110 3124 3129 -1 1632 3092 1603 -1 3092 1632 3136 -1 3093 3076 3127 -1 3130 3117 3137 -1 3102 3092 3136 -1 3129 3131 3099 -1 3101 3138 3139 -1 3119 3138 3101 -1 3100 3131 3132 -1 3140 3113 3090 -1 3128 3136 3121 -1 3095 3116 3134 -1 3120 3141 3125 -1 3142 3118 3125 -1 3143 3098 3130 -1 1641 1575 3135 -1 3093 3144 3126 -1 3090 3132 3140 -1 3145 3097 3126 -1 3101 3139 3106 -1 3127 3144 3093 -1 3128 3102 3136 -1 3134 3146 3104 -1 3146 3105 3104 -1 3105 3114 3083 -1 3147 3114 3105 -1 3109 3114 3148 -1 3116 3123 3149 -1 3134 3116 3149 -1 3150 3111 3112 -1 3142 3125 3141 -1 3124 3118 3142 -1 3097 3145 3122 -1 1662 3136 1632 -1 3151 3124 3152 -1 3129 3124 3151 -1 3111 3150 3117 -1 3153 3131 3151 -1 3154 3119 3096 -1 3136 3120 3121 -1 3131 3153 3132 -1 3151 3131 3129 -1 3096 3098 3143 -1 3133 3107 3113 -1 3137 3117 3150 -1 3133 3155 3123 -1 3120 3136 3156 -1 3143 3154 3096 -1 3115 3127 3086 -1 3120 3156 3141 -1 3141 3156 3157 -1 3135 3106 3139 -1 3130 3158 3143 -1 3112 3122 3159 -1 3148 3114 3147 -1 3146 3147 3105 -1 3115 3109 3160 -1 3132 3153 3140 -1 3151 3161 3153 -1 3154 3143 3158 -1 3155 3149 3123 -1 3157 3156 3162 -1 3139 3163 3135 -1 3115 3160 3127 -1 3145 3159 3122 -1 3164 3139 3138 -1 1662 3156 3136 -1 3152 3124 3142 -1 3160 3109 3148 -1 3153 3165 3140 -1 3166 3164 3138 -1 3155 3133 3167 -1 3168 1688 1641 -1 3113 3169 3170 -1 3138 3171 3166 -1 3171 3138 3119 -1 3169 3140 3172 -1 3165 3172 3140 -1 3134 3149 3173 -1 3173 3146 3134 -1 3119 3154 3171 -1 3144 3127 3174 -1 3159 3150 3112 -1 3164 3163 3139 -1 3175 3152 3142 -1 3169 3113 3140 -1 3148 3147 3176 -1 1662 3162 3156 -1 3167 3133 3177 -1 3178 3165 3153 -1 3113 3170 3177 -1 3113 3177 3133 -1 3169 3172 3170 -1 1691 3179 1657 -1 3137 3158 3130 -1 3179 1662 1657 -1 3173 3180 3146 -1 3146 3180 3181 -1 3147 3146 3181 -1 3182 3144 3174 -1 3154 3183 3171 -1 3184 3137 3150 -1 3135 3185 1641 -1 3154 3158 3183 -1 3185 3135 3163 -1 3164 3186 3163 -1 3171 3187 3166 -1 3171 3183 3187 -1 3175 3142 3188 -1 3189 3152 3175 -1 3151 3152 3189 -1 3145 3126 3144 -1 3189 3161 3151 -1 3162 3190 3157 -1 3157 3191 3141 -1 3141 3191 3142 -1 3142 3191 3188 -1 3153 3161 3192 -1 3193 3158 3184 -1 3184 3158 3137 -1 3158 3194 3183 -1 3174 3127 3160 -1 3185 3163 3186 -1 3183 3194 3187 -1 3195 3162 1662 -1 3192 3161 3189 -1 3162 3195 3190 -1 1641 3185 3196 -1 3144 3182 3145 -1 3190 3191 3157 -1 3197 3172 3178 -1 3178 3153 3192 -1 3165 3178 3172 -1 3197 3198 3172 -1 3170 3172 3198 -1 3199 1691 1712 -1 3200 3194 3158 -1 3186 3164 3201 -1 3202 3166 3187 -1 3155 3203 3149 -1 3148 3176 3204 -1 1662 3179 3195 -1 3158 3193 3200 -1 3148 3204 3160 -1 3173 3149 3205 -1 3202 3187 3206 -1 3206 3187 3194 -1 3145 3207 3159 -1 3147 3181 3176 -1 3195 3179 3208 -1 3195 3208 3209 -1 3166 3201 3164 -1 3210 3185 3186 -1 3159 3211 3184 -1 3168 1641 3196 -1 3209 3190 3195 -1 3170 3198 3177 -1 3159 3184 3150 -1 3149 3203 3205 -1 3188 3191 3212 -1 3177 3213 3167 -1 1712 1724 3199 -1 3176 3181 3214 -1 1691 3199 3215 -1 3182 3207 3145 -1 3206 3200 3216 -1 3197 3178 3217 -1 3218 3198 3197 -1 3212 3191 3209 -1 3209 3191 3190 -1 3206 3194 3200 -1 3219 3159 3207 -1 3198 3218 3177 -1 1691 3215 3220 -1 3208 1691 3220 -1 3186 3201 3210 -1 1691 3208 3179 -1 3166 3202 3201 -1 3201 3202 3221 -1 3218 3222 3177 -1 3223 3175 3188 -1 3223 3189 3175 -1 3224 3155 3167 -1 3224 3203 3155 -1 3196 3225 3168 -1 3217 3189 3226 -1 3189 3217 3192 -1 3192 3217 3178 -1 3227 3203 3228 -1 3203 3227 3205 -1 3225 3196 3229 -1 3173 3205 3230 -1 3211 3193 3184 -1 3180 3173 3230 -1 3196 3185 3210 -1 3212 3209 3231 -1 3216 3202 3206 -1 3219 3211 3159 -1 3217 3218 3197 -1 3182 3174 3232 -1 3204 3176 3233 -1 3234 1688 3168 -1 3188 3235 3223 -1 3168 3225 3234 -1 3236 3208 3220 -1 3213 3177 3222 -1 3226 3189 3223 -1 3224 3228 3203 -1 3221 3202 3216 -1 3209 3208 3231 -1 3181 3180 3237 -1 3210 3238 3229 -1 3229 3196 3210 -1 3210 3201 3238 -1 3201 3221 3238 -1 3232 3174 3160 -1 3239 3215 3199 -1 3222 3240 3213 -1 3234 1758 1688 -1 3200 3241 3216 -1 3235 3188 3212 -1 3200 3193 3241 -1 3215 3239 3236 -1 3215 3236 3220 -1 3217 3242 3218 -1 3236 3239 3243 -1 3244 3223 3235 -1 3218 3242 3222 -1 3226 3223 3245 -1 3227 3228 3246 -1 3208 3236 3247 -1 3248 3207 3182 -1 3208 3247 3231 -1 3227 3230 3205 -1 3180 3230 3237 -1 3182 3232 3249 -1 3238 3221 3250 -1 3229 3238 3251 -1 3250 3221 3216 -1 3204 3252 3160 -1 3231 3253 3212 -1 3212 3254 3235 -1 1724 1764 3199 -1 3243 3239 1764 -1 1764 3239 3199 -1 3255 3219 3207 -1 3176 3214 3233 -1 3244 3245 3223 -1 3256 3241 3193 -1 3257 3222 3242 -1 3217 3226 3258 -1 3249 3248 3182 -1 3253 3231 3247 -1 3207 3248 3255 -1 3211 3256 3193 -1 3211 3219 3259 -1 3224 3167 3260 -1 3213 3260 3167 -1 3246 3261 3227 -1 3212 3253 3254 -1 3262 3254 3253 -1 3181 3237 3214 -1 3235 3254 3244 -1 3250 3263 3238 -1 3216 3264 3250 -1 3265 3243 1764 -1 3264 3216 3241 -1 3204 3233 3252 -1 3250 3264 3266 -1 3246 3228 3267 -1 3228 3224 3267 -1 3224 3260 3267 -1 3230 3227 3261 -1 3254 3268 3244 -1 1764 1787 3265 -1 3241 3256 3264 -1 3269 3243 3265 -1 3243 3269 3270 -1 3236 3243 3270 -1 3271 1758 3234 -1 3251 3238 3272 -1 3260 3213 3240 -1 3273 3244 3268 -1 3242 3217 3258 -1 3245 3244 3273 -1 3222 3257 3274 -1 3240 3222 3274 -1 3259 3256 3211 -1 3275 3226 3245 -1 3275 3258 3226 -1 3272 3263 3266 -1 3263 3250 3266 -1 3252 3232 3160 -1 3276 3261 3277 -1 3268 3254 3262 -1 3261 3246 3277 -1 3278 3230 3261 -1 3266 3264 3279 -1 3277 3246 3267 -1 1787 1778 1813 -1 3265 1813 3280 -1 1787 1813 3265 -1 3256 3281 3264 -1 3270 3282 3236 -1 3283 3233 3214 -1 3247 3236 3284 -1 3255 3248 3285 -1 3285 3248 3249 -1 3269 3286 3270 -1 3284 3253 3247 -1 3263 3272 3238 -1 3258 3287 3242 -1 3287 3257 3242 -1 3272 3266 3288 -1 3262 3253 3289 -1 3278 3237 3230 -1 3270 3286 3282 -1 3272 3290 3251 -1 3281 3256 3259 -1 3281 3259 3291 -1 3275 3287 3258 -1 3289 3284 3292 -1 3253 3284 3289 -1 3293 3214 3237 -1 3259 3219 3294 -1 3290 3272 3288 -1 3294 3219 3255 -1 3262 3289 3268 -1 3295 3296 3274 -1 3257 3295 3274 -1 3257 3287 3295 -1 3274 3296 3297 -1 3274 3297 3240 -1 3273 3298 3245 -1 3279 3264 3281 -1 3276 3299 3261 -1 3284 3236 3282 -1 3232 3300 3249 -1 3237 3278 3301 -1 3282 3286 3302 -1 3303 3292 3284 -1 3277 3267 3304 -1 3291 3259 3294 -1 3289 3305 3268 -1 3305 3306 3268 -1 3273 3268 3306 -1 1813 1812 3307 -1 3306 3298 3273 -1 3279 3288 3266 -1 1813 3307 3280 -1 3275 3245 3298 -1 3276 3277 3308 -1 3284 3282 3303 -1 3280 3309 3269 -1 3265 3280 3269 -1 3232 3310 3300 -1 3311 3286 3269 -1 3261 3299 3278 -1 3260 3312 3267 -1 3313 3281 3291 -1 3297 3260 3240 -1 3269 3309 3311 -1 3252 3310 3232 -1 3314 3290 3288 -1 3315 3279 3281 -1 3281 3313 3315 -1 3286 3311 3302 -1 3289 3316 3305 -1 3282 3302 3303 -1 3299 3317 3278 -1 1812 1835 3318 -1 3318 3307 1812 -1 3304 3267 3312 -1 3289 3292 3316 -1 3283 3214 3293 -1 3280 3307 3309 -1 3319 3309 3320 -1 3297 3296 3321 -1 3309 3319 3311 -1 3311 3319 3322 -1 3323 3252 3233 -1 3317 3299 3276 -1 3303 3302 3324 -1 3278 3317 3325 -1 3325 3301 3278 -1 3303 3326 3292 -1 3292 3326 3316 -1 3327 3306 3316 -1 3306 3305 3316 -1 3237 3301 3293 -1 3306 3327 3298 -1 3328 3295 3287 -1 3329 3275 3298 -1 3287 3275 3329 -1 3307 3318 3320 -1 3320 3318 3330 -1 3307 3320 3309 -1 3308 3331 3276 -1 3308 3277 3332 -1 3317 3276 3333 -1 3288 3315 3334 -1 3315 3288 3279 -1 3287 3329 3328 -1 3335 3322 3319 -1 3233 3283 3323 -1 3311 3322 3302 -1 3336 1834 2667 -1 1835 1834 3336 -1 3291 3337 3313 -1 3336 3318 1835 -1 3297 3312 3260 -1 3338 3312 3297 -1 3318 3336 3330 -1 3288 3334 3314 -1 3313 3339 3315 -1 3340 3321 3296 -1 3341 3285 3249 -1 3252 3323 3310 -1 3303 3324 3342 -1 3303 3342 3326 -1 3317 3343 3325 -1 3316 3326 3327 -1 3326 3344 3327 -1 3333 3276 3331 -1 3327 3345 3346 -1 3304 3332 3277 -1 3327 3346 3298 -1 3298 3346 3347 -1 3298 3347 3329 -1 3335 3320 3348 -1 3320 3335 3319 -1 3300 3341 3249 -1 3338 3297 3321 -1 3302 3322 3324 -1 3349 3291 3294 -1 3304 3312 3332 -1 3332 3312 3350 -1 3349 3294 3255 -1 3296 3328 3340 -1 3295 3328 3296 -1 3351 3315 3339 -1 3349 3255 3285 -1 2667 2674 3352 -1 3352 3336 2667 -1 3330 3336 3352 -1 3339 3313 3353 -1 3353 3313 3337 -1 3354 3317 3333 -1 3354 3343 3317 -1 3344 3326 3342 -1 3351 3334 3315 -1 3327 3344 3345 -1 3330 3348 3320 -1 3352 2674 2695 -1 3347 3346 3345 -1 3347 3355 3329 -1 3331 3308 3356 -1 3356 3308 3332 -1 3329 3355 3328 -1 3357 3322 3335 -1 3358 3293 3301 -1 3321 3340 3359 -1 3349 3337 3291 -1 3360 3351 3353 -1 3351 3339 3353 -1 3338 3350 3312 -1 3361 3334 3351 -1 3333 3331 3362 -1 3363 3335 3348 -1 3352 2695 3364 -1 3332 3350 3365 -1 3364 3330 3352 -1 3330 3364 3348 -1 3366 3301 3325 -1 3358 3301 3366 -1 3360 3361 3351 -1 3367 3368 3328 -1 3328 3355 3367 -1 3357 3335 3363 -1 3328 3368 3340 -1 3338 3359 3350 -1 3324 3322 3369 -1 3338 3321 3359 -1 3365 3350 3370 -1 3371 3342 3324 -1 3337 3372 3353 -1 3300 3310 3373 -1 3344 3342 3371 -1 3371 3345 3344 -1 3348 3374 3375 -1 3349 3376 3337 -1 3363 3348 3375 -1 3364 2695 3374 -1 3332 3365 3356 -1 3364 3374 3348 -1 3361 3360 3377 -1 3283 3293 3378 -1 3293 3379 3378 -1 3368 3367 3380 -1 3340 3368 3380 -1 3283 3378 3323 -1 3381 3285 3341 -1 3350 3359 3382 -1 3369 3383 3324 -1 3324 3383 3371 -1 3341 3300 3373 -1 3345 3384 3347 -1 3376 3349 3385 -1 3375 3386 3363 -1 3387 3357 3363 -1 3367 3388 3389 -1 3343 3390 3325 -1 3380 3359 3340 -1 3331 3356 3391 -1 3362 3331 3391 -1 3347 3388 3355 -1 3388 3367 3355 -1 3293 3358 3379 -1 3385 3349 3381 -1 3381 3349 3285 -1 3350 3382 3370 -1 3359 3392 3382 -1 3360 3353 3393 -1 3372 3393 3353 -1 3394 3323 3378 -1 3363 3386 3387 -1 3395 3341 3373 -1 3391 3356 3396 -1 3356 3365 3396 -1 3384 3397 3388 -1 3380 3367 3389 -1 2735 3374 2695 -1 3384 3388 3347 -1 3369 3357 3387 -1 3357 3369 3322 -1 3393 3377 3360 -1 3378 3379 3398 -1 3374 3399 3375 -1 3395 3381 3341 -1 3400 3370 3382 -1 3380 3392 3359 -1 3401 3383 3369 -1 3371 3384 3345 -1 3399 3386 3375 -1 3402 3388 3397 -1 3402 3389 3388 -1 3392 3380 3403 -1 3383 3401 3404 -1 2735 3399 3374 -1 3371 3383 3404 -1 3362 3405 3333 -1 3371 3404 3384 -1 3325 3390 3366 -1 3382 3392 3400 -1 3372 3337 3376 -1 3398 3394 3378 -1 3373 3310 3406 -1 3362 3391 3407 -1 3406 3310 3323 -1 3402 3408 3389 -1 3408 3403 3389 -1 3404 3401 3409 -1 3397 3384 3404 -1 3389 3403 3380 -1 3410 3372 3376 -1 3385 3381 3411 -1 3376 3385 3410 -1 3411 3381 3395 -1 3386 3412 3387 -1 3413 3414 3387 -1 3393 3415 3377 -1 3323 3394 3406 -1 3387 3414 3369 -1 3414 3401 3369 -1 3396 3365 3370 -1 3416 3362 3407 -1 3362 3416 3405 -1 2735 2755 3399 -1 3417 3358 3366 -1 3418 3392 3403 -1 3397 3404 3419 -1 3418 3400 3392 -1 3399 3420 3386 -1 3386 3420 3421 -1 3419 3402 3397 -1 3410 3385 3411 -1 3422 3396 3370 -1 3401 3414 3409 -1 3399 2755 3420 -1 3404 3409 3419 -1 3408 3419 3423 -1 3419 3408 3402 -1 3419 3409 3423 -1 3386 3421 3412 -1 3424 3411 3395 -1 3406 3395 3373 -1 3372 3425 3393 -1 3414 3413 3426 -1 3426 3409 3414 -1 3423 3409 3426 -1 3370 3400 3427 -1 3422 3370 3427 -1 3396 3422 3428 -1 2762 3420 2755 -1 3372 3410 3425 -1 3396 3428 3391 -1 3391 3428 3407 -1 3394 3398 3429 -1 3430 3403 3408 -1 3403 3430 3418 -1 3418 3431 3427 -1 3400 3418 3427 -1 3412 3413 3387 -1 3431 3418 3430 -1 2762 2766 3420 -1 3425 3432 3393 -1 3423 3426 3433 -1 3434 3421 3420 -1 3395 3435 3424 -1 3406 3435 3395 -1 3436 3406 3394 -1 3412 3421 3437 -1 3412 3438 3413 -1 3438 3412 3439 -1 3413 3438 3426 -1 3440 3428 3422 -1 3426 3438 3441 -1 3427 3440 3422 -1 3394 3429 3436 -1 3426 3442 3433 -1 3420 2766 3434 -1 3443 3408 3423 -1 3443 3423 3433 -1 3408 3443 3430 -1 3434 3437 3421 -1 3444 3415 3432 -1 3415 3393 3432 -1 3445 3431 3430 -1 3431 3445 3440 -1 3431 3440 3427 -1 3439 3437 3446 -1 3412 3437 3439 -1 3407 3428 3447 -1 3441 3438 3439 -1 3448 3441 3439 -1 3426 3441 3442 -1 3433 3442 3443 -1 3430 3443 3445 -1 3425 3444 3432 -1 2766 2775 3434 -1 3424 3449 3410 -1 3410 3411 3424 -1 3450 3440 3445 -1 3436 3435 3406 -1 3446 3437 3451 -1 3379 3358 3398 -1 3398 3358 3417 -1 3439 3446 3452 -1 3452 3448 3439 -1 3448 3442 3441 -1 3442 3453 3443 -1 3425 3410 3449 -1 3454 3450 3445 -1 3451 3437 3434 -1 3440 3455 3428 -1 3450 3455 3440 -1 3447 3428 3455 -1 3456 3453 3452 -1 3448 3452 3453 -1 3453 3442 3448 -1 3449 3444 3425 -1 2775 3457 3434 -1 3434 3457 3451 -1 3435 3436 3458 -1 3459 3446 3451 -1 3460 3449 3424 -1 3460 3424 3435 -1 3429 3398 3461 -1 3429 3458 3436 -1 3462 3459 3451 -1 3453 3456 3463 -1 3443 3453 3464 -1 3456 3452 3459 -1 3446 3459 3452 -1 3461 3398 3417 -1 3465 3463 3456 -1 3463 3466 3464 -1 3453 3463 3464 -1 3445 3443 3464 -1 3445 3464 3454 -1 3467 3449 3460 -1 3450 3454 3468 -1 3455 3450 3468 -1 3460 3435 3469 -1 3468 3454 3470 -1 3471 3458 3429 -1 3429 3461 3471 -1 3464 3470 3454 -1 3458 3469 3435 -1 3466 3470 3464 -1 1070 3472 1054 -1 3473 1052 1097 -1 541 3474 1070 -1 541 551 3474 -1 3472 1097 1054 -1 1083 1052 3473 -1 544 545 3475 -1 3472 1070 3474 -1 1097 3472 3476 -1 3476 3472 3474 -1 1090 1080 3477 -1 534 556 3478 -1 3479 3480 1085 -1 3481 544 3475 -1 3482 551 3481 -1 3474 551 3482 -1 1080 1085 3480 -1 544 3481 551 -1 3479 1083 3473 -1 556 561 3483 -1 3479 1085 1083 -1 534 3478 545 -1 3476 3474 3482 -1 3479 3473 3484 -1 1097 3484 3473 -1 1090 3485 1028 -1 3483 561 565 -1 3486 1088 3485 -1 3484 3487 3479 -1 3485 1090 3488 -1 3476 3482 3489 -1 1088 3486 1079 -1 3477 1080 3480 -1 3477 3488 1090 -1 1088 1028 3485 -1 3476 3490 1097 -1 3486 1132 1079 -1 3491 3478 556 -1 3490 3484 1097 -1 3492 545 3478 -1 3475 545 3492 -1 1105 1132 3493 -1 3494 3482 3481 -1 3479 3487 3480 -1 3483 565 3495 -1 3491 556 3483 -1 3490 3487 3484 -1 3481 3475 3496 -1 3495 565 566 -1 3478 3491 3497 -1 3489 3482 3494 -1 3498 3486 3485 -1 1132 3486 3498 -1 3492 3496 3475 -1 3492 3478 3499 -1 3493 1132 3498 -1 3493 1142 1105 -1 3490 3476 3500 -1 3501 3487 3490 -1 3498 3485 3502 -1 3489 3500 3476 -1 3491 3483 3497 -1 3487 3501 3480 -1 3494 3500 3489 -1 3488 3477 3503 -1 3497 3499 3478 -1 3504 3501 3490 -1 3503 3505 3488 -1 3481 3496 3506 -1 3506 3494 3481 -1 3505 3485 3488 -1 3485 3505 3502 -1 3490 3507 3504 -1 3495 566 2118 -1 3494 3508 3500 -1 3490 3500 3508 -1 3509 3503 3477 -1 3498 3510 3493 -1 3501 3504 3511 -1 3512 3497 3483 -1 3510 3498 3502 -1 3499 3513 3492 -1 3495 2118 3514 -1 3515 3506 3496 -1 3483 3495 3512 -1 3508 3507 3490 -1 3516 3508 3494 -1 3517 3480 3501 -1 3480 3509 3477 -1 3496 3492 3513 -1 3494 3506 3516 -1 3493 3518 1142 -1 1170 1178 3519 -1 3507 3511 3504 -1 1142 3518 1128 -1 3517 3509 3480 -1 3513 3515 3496 -1 3512 3495 3514 -1 1190 1170 3519 -1 3497 3512 3520 -1 3521 3501 3511 -1 3499 3497 3522 -1 3503 3509 3523 -1 3501 3521 3517 -1 3520 3512 3524 -1 3525 3511 3507 -1 3518 3526 1128 -1 3527 3518 3493 -1 3493 3510 3527 -1 3505 3503 3523 -1 1150 3528 1135 -1 3514 2118 3529 -1 3502 3505 3530 -1 3514 3529 3512 -1 3523 3509 3531 -1 3509 3517 3531 -1 3529 3524 3512 -1 3521 3511 3525 -1 3506 3515 3516 -1 1150 1128 3526 -1 3522 3532 3499 -1 3529 2118 2185 -1 3533 3534 3513 -1 3515 3513 3534 -1 3535 3517 3521 -1 3516 3515 3534 -1 3523 3536 3505 -1 3516 3507 3508 -1 3520 3522 3497 -1 3510 3537 3527 -1 3521 3525 3535 -1 3536 3530 3505 -1 3532 3513 3499 -1 3510 3502 3530 -1 3537 3510 3530 -1 3528 1150 3526 -1 1135 3528 1178 -1 3538 3523 3531 -1 3519 1178 3539 -1 3526 3518 3540 -1 3507 3516 3541 -1 3524 3529 3542 -1 3532 3533 3513 -1 3543 3520 3524 -1 3535 3525 3544 -1 3545 3526 3540 -1 3542 3529 2185 -1 3534 3541 3516 -1 1190 3519 3546 -1 3517 3547 3531 -1 3538 3531 3547 -1 3528 3539 1178 -1 3546 3519 3539 -1 3543 3522 3520 -1 3538 3547 3548 -1 3549 3532 3522 -1 3518 3527 3540 -1 3538 3536 3523 -1 3507 3544 3525 -1 3524 3542 3550 -1 3526 3545 3528 -1 3551 3530 3536 -1 3535 3547 3517 -1 3544 3507 3541 -1 3537 3530 3551 -1 3535 3544 3552 -1 3528 3553 3539 -1 3541 3534 3554 -1 3555 3532 3549 -1 3533 3532 3555 -1 3527 3537 3540 -1 3556 3557 3540 -1 3524 3550 3543 -1 3522 3543 3558 -1 3558 3549 3522 -1 3553 3528 3545 -1 3559 3550 3542 -1 3541 3560 3544 -1 3540 3537 3556 -1 2185 2302 3542 -1 3545 3540 3557 -1 3543 3550 3561 -1 3555 3549 3558 -1 3560 3541 3554 -1 3551 3562 3537 -1 3554 3534 3533 -1 3563 3546 3539 -1 3538 3564 3536 -1 2302 3559 3542 -1 3565 3566 3551 -1 3562 3551 3566 -1 3556 3537 3562 -1 3548 3547 3567 -1 3558 3561 3568 -1 3543 3561 3558 -1 3555 3558 3569 -1 3551 3536 3565 -1 3539 3553 3570 -1 3563 3539 3570 -1 3558 3568 3569 -1 3562 3557 3556 -1 1190 3571 1232 -1 1219 1232 3572 -1 3552 3544 3573 -1 3545 3557 3574 -1 3552 3547 3535 -1 3544 3560 3573 -1 3575 3545 3574 -1 3553 3545 3575 -1 3550 3559 3561 -1 1234 1219 3572 -1 3554 3533 3576 -1 3569 3577 3555 -1 3571 1190 3578 -1 3565 3536 3564 -1 3547 3552 3579 -1 3562 3566 3580 -1 3557 3562 3580 -1 3568 3581 3569 -1 3564 3538 3548 -1 3560 3554 3576 -1 3577 3569 3582 -1 3546 3578 1190 -1 3533 3555 3577 -1 3553 3575 3570 -1 3583 1232 3571 -1 3563 3584 3546 -1 3567 3547 3579 -1 3580 3574 3557 -1 3565 3564 3585 -1 3566 3565 3586 -1 3573 3579 3552 -1 3587 3576 3533 -1 3586 3565 3585 -1 3575 3574 3588 -1 3570 3575 3589 -1 3548 3567 3590 -1 3570 3591 3563 -1 3572 1232 3583 -1 3591 3570 3589 -1 3566 3586 3580 -1 3578 3546 3584 -1 3592 3569 3581 -1 3584 3563 3591 -1 3590 3564 3548 -1 3589 3575 3588 -1 3560 3593 3573 -1 3582 3569 3592 -1 3594 3560 3576 -1 3577 3582 3595 -1 3591 3596 3584 -1 3577 3587 3533 -1 3578 3584 3596 -1 3581 3568 3597 -1 3574 3580 3588 -1 3576 3587 3594 -1 3571 3578 3598 -1 3595 3582 3592 -1 3594 3587 3599 -1 3560 3594 3593 -1 3579 3573 3600 -1 3567 3579 3600 -1 3585 3564 3601 -1 3572 3602 1234 -1 3589 3603 3591 -1 3591 3604 3596 -1 3598 3578 3596 -1 3583 3571 3598 -1 3605 3589 3588 -1 3593 3600 3573 -1 3605 3588 3606 -1 3593 3594 3599 -1 3590 3567 3607 -1 3592 3608 3595 -1 3583 3598 3609 -1 3572 3583 3610 -1 3597 3592 3581 -1 3589 3605 3603 -1 3609 3598 3611 -1 3567 3600 3607 -1 3612 3600 3613 -1 3588 3580 3614 -1 3615 3577 3595 -1 3587 3577 3615 -1 3615 3599 3587 -1 3598 3596 3611 -1 3607 3600 3612 -1 3604 3591 3603 -1 3590 3601 3564 -1 3616 3592 3597 -1 3608 3615 3595 -1 3572 3610 3617 -1 3593 3613 3600 -1 3583 3609 3618 -1 3602 3572 3617 -1 3588 3614 3606 -1 3613 3619 3612 -1 3619 3607 3612 -1 3610 3583 3618 -1 3607 3620 3590 -1 3621 3613 3593 -1 3596 3604 3611 -1 3622 3601 3623 -1 3601 3622 3585 -1 3586 3585 3622 -1 3586 3624 3580 -1 3608 3625 3615 -1 3624 3586 3622 -1 3620 3607 3619 -1 3590 3620 3626 -1 3593 3599 3627 -1 3601 3590 3626 -1 3608 3592 3616 -1 3615 3625 3599 -1 3611 3604 3628 -1 3601 3626 3623 -1 3611 3629 3609 -1 3621 3630 3613 -1 3603 3605 3631 -1 3629 3611 3628 -1 3593 3627 3632 -1 3609 3629 3618 -1 3614 3580 3624 -1 3633 3599 3625 -1 3593 3632 3621 -1 3614 3634 3606 -1 3613 3630 3619 -1 3635 3610 3618 -1 3608 3616 3636 -1 3637 3603 3631 -1 3604 3603 3637 -1 3620 3619 3638 -1 3616 3597 3639 -1 3614 3624 3634 -1 3604 3640 3628 -1 3629 3628 3641 -1 3642 3635 3618 -1 3622 3623 3643 -1 3624 3622 3644 -1 3604 3637 3640 -1 3625 3608 3645 -1 3620 3646 3626 -1 3645 3633 3625 -1 3617 3610 3635 -1 3627 3599 3633 -1 3647 3629 3641 -1 3618 3629 3647 -1 3606 3648 3605 -1 3619 3630 3638 -1 3643 3623 3649 -1 3644 3622 3643 -1 3641 3628 3650 -1 3626 3651 3623 -1 3647 3642 3618 -1 3652 3606 3634 -1 3628 3640 3650 -1 3627 3633 3653 -1 3653 3632 3627 -1 3644 3634 3624 -1 3605 3654 3631 -1 3640 3637 3655 -1 3633 3645 3656 -1 3646 3651 3626 -1 3649 3623 3651 -1 3638 3630 3657 -1 3658 3640 3655 -1 3650 3640 3658 -1 3630 3621 3659 -1 3659 3657 3630 -1 3641 3660 3647 -1 3642 3647 3660 -1 3644 3643 3661 -1 3606 3652 3648 -1 3646 3620 3638 -1 3656 3645 3662 -1 3653 3633 3663 -1 3661 3643 3649 -1 3664 3648 3652 -1 3646 3638 3657 -1 3621 3632 3659 -1 3663 3633 3656 -1 3665 3635 3642 -1 3644 3666 3634 -1 3637 3631 3667 -1 3655 3637 3667 -1 3651 3646 3668 -1 3641 3650 3669 -1 3652 3634 3666 -1 3605 3648 3654 -1 3653 3670 3632 -1 3632 3670 3659 -1 3663 3671 3653 -1 3670 3653 3671 -1 3672 3665 3642 -1 3664 3654 3648 -1 3642 3660 3672 -1 3673 3644 3661 -1 3666 3644 3673 -1 3674 3654 3664 -1 3668 3646 3657 -1 3659 3675 3657 -1 3669 3650 3658 -1 3660 3641 3669 -1 3661 3649 3676 -1 3659 3670 3677 -1 3678 3652 3666 -1 3668 3657 3675 -1 3669 3658 3679 -1 3649 3651 3676 -1 3654 3667 3631 -1 3677 3675 3659 -1 3666 3673 3678 -1 3660 3669 3680 -1 3672 3660 3681 -1 3651 3668 3676 -1 3673 3661 3682 -1 3679 3680 3669 -1 3681 3660 3680 -1 3652 3678 3683 -1 3665 3672 3684 -1 3664 3652 3685 -1 3658 3655 3686 -1 3671 3663 3687 -1 3685 3652 3683 -1 3672 3681 3684 -1 3667 3654 3674 -1 3688 3664 3685 -1 3676 3668 3689 -1 3677 3670 3690 -1 3682 3661 3676 -1 3691 3675 3677 -1 3668 3675 3691 -1 3670 3671 3690 -1 3674 3664 3688 -1 3687 3692 3671 -1 3693 3673 3682 -1 3677 3694 3691 -1 3667 3674 3695 -1 3679 3696 3680 -1 3692 3690 3671 -1 3682 3676 3693 -1 3695 3655 3667 -1 3689 3668 3691 -1 3689 3697 3676 -1 3673 3693 3678 -1 3680 3696 3681 -1 3684 3681 3698 -1 3699 3676 3697 -1 3693 3676 3699 -1 3683 3678 3700 -1 3679 3658 3701 -1 3702 3688 3685 -1 3685 3683 3700 -1 3686 3655 3695 -1 3703 3687 3704 -1 3703 3692 3687 -1 3690 3705 3677 -1 3677 3705 3694 -1 3696 3706 3681 -1 3707 3700 3678 -1 3685 3700 3708 -1 3674 3709 3695 -1 3696 3679 3701 -1 3692 3710 3690 -1 3674 3688 3709 -1 3678 3693 3707 -1 3702 3685 3708 -1 3658 3686 3711 -1 3658 3711 3701 -1 3698 3681 3706 -1 3690 3710 3712 -1 3690 3712 3705 -1 3686 3695 3713 -1 3707 3693 3699 -1 3709 3688 3702 -1 3698 3706 3714 -1 3703 3710 3692 -1 3694 3715 3691 -1 3716 3706 3696 -1 3689 3691 3715 -1 3699 3697 3717 -1 3695 3709 3713 -1 3711 3686 3713 -1 3696 3701 3716 -1 3697 3689 3718 -1 3715 3694 3719 -1 3712 3710 3720 -1 3721 3711 3713 -1 3705 3712 3722 -1 3701 3711 3723 -1 3724 3714 3706 -1 3718 3717 3697 -1 3700 3707 3725 -1 3726 3702 3708 -1 3694 3705 3719 -1 3716 3724 3706 -1 3702 3726 3727 -1 3703 3720 3710 -1 3723 3716 3701 -1 3715 3728 3689 -1 3718 3689 3728 -1 3722 3719 3705 -1 3719 3728 3715 -1 3709 3702 3729 -1 3713 3709 3730 -1 3731 3724 3716 -1 3707 3699 3725 -1 3708 3700 3732 -1 3729 3702 3727 -1 3721 3723 3711 -1 3722 3712 3733 -1 3726 3708 3732 -1 3719 3722 3734 -1 3725 3699 3735 -1 3700 3725 3732 -1 3713 3730 3721 -1 3733 3712 3720 -1 3717 3736 3699 -1 3735 3699 3736 -1 3730 3709 3729 -1 3736 3717 3718 -1 3734 3722 3733 -1 3723 3721 3737 -1 3719 3734 3738 -1 3738 3728 3719 -1 3716 3723 3731 -1 3733 3720 3739 -1 3729 3727 3740 -1 3721 3730 3741 -1 3737 3731 3723 -1 3742 3724 3743 -1 3732 3744 3726 -1 3724 3731 3743 -1 3745 3718 3728 -1 3738 3745 3728 -1 3746 3731 3737 -1 3746 3743 3731 -1 3745 3736 3718 -1 3747 3735 3748 -1 3747 3725 3735 -1 3732 3725 3747 -1 3727 3726 3740 -1 3734 3733 3749 -1 3730 3729 3750 -1 3736 3748 3735 -1 3744 3751 3726 -1 3740 3726 3751 -1 3733 3739 3749 -1 3732 3747 3744 -1 3750 3729 3740 -1 3730 3750 3741 -1 3743 3746 3752 -1 3743 3752 3753 -1 3754 3746 3737 -1 3742 3743 3755 -1 3750 3756 3741 -1 3754 3721 3741 -1 3737 3721 3754 -1 3743 3753 3755 -1 3746 3754 3757 -1 3752 3746 3757 -1 3744 3747 3758 -1 3740 3759 3750 -1 3734 3749 3760 -1 3745 3761 3736 -1 3748 3736 3761 -1 3762 3745 3738 -1 3741 3756 3754 -1 3738 3734 3763 -1 3764 3750 3759 -1 3763 3762 3738 -1 3765 3745 3762 -1 3747 3748 3758 -1 3744 3758 3766 -1 3744 3767 3751 -1 3740 3751 3768 -1 3763 3734 3760 -1 3756 3750 3764 -1 3761 3745 3765 -1 3758 3748 3769 -1 3770 3763 3760 -1 3764 3759 3771 -1 3748 3761 3769 -1 3767 3744 3766 -1 3759 3740 3768 -1 3765 3772 3761 -1 3767 3768 3751 -1 3773 3756 3764 -1 3762 3774 3765 -1 3771 3775 3764 -1 3754 3756 3773 -1 3753 3752 3776 -1 3763 3774 3762 -1 3777 3754 3773 -1 3772 3765 3774 -1 3757 3754 3777 -1 3777 3778 3757 -1 3761 3772 3769 -1 3779 3758 3769 -1 3766 3780 3767 -1 3768 3767 3781 -1 3771 3759 3768 -1 3773 3764 3775 -1 3766 3758 3779 -1 3782 3770 3760 -1 3774 3763 3783 -1 3752 3757 3776 -1 3757 3778 3776 -1 3780 3766 3779 -1 3753 3776 3784 -1 3763 3770 3783 -1 3785 3773 3775 -1 3786 3772 3787 -1 3769 3772 3786 -1 3781 3767 3780 -1 3753 3784 3755 -1 3772 3774 3787 -1 3783 3770 3788 -1 3770 3782 3788 -1 3768 3781 3789 -1 3771 3768 3789 -1 3775 3771 3790 -1 3791 3782 3792 -1 3788 3782 3791 -1 3787 3774 3783 -1 3790 3771 3789 -1 3780 3779 3793 -1 3789 3781 3794 -1 3783 3788 3795 -1 3769 3786 3796 -1 3779 3769 3796 -1 3780 3794 3781 -1 3794 3797 3789 -1 3775 3790 3798 -1 3775 3798 3785 -1 3773 3785 3799 -1 3777 3773 3799 -1 3779 3796 3793 -1 3794 3780 3793 -1 3791 3800 3788 -1 3795 3788 3800 -1 3787 3783 3795 -1 3785 3798 3801 -1 3799 3785 3801 -1 3778 3777 3802 -1 3795 3800 3803 -1 3802 3776 3778 -1 3789 3797 3804 -1 3790 3789 3804 -1 3799 3802 3777 -1 3784 3776 3805 -1 3797 3794 3806 -1 3790 3804 3798 -1 3787 3795 3807 -1 3794 3793 3808 -1 3807 3795 3803 -1 3796 3786 3809 -1 3810 3804 3797 -1 3786 3787 3807 -1 3811 3796 3809 -1 3805 3776 3802 -1 3793 3796 3811 -1 3812 3784 3805 -1 3786 3807 3809 -1 3808 3806 3794 -1 3803 3800 3813 -1 3799 3814 3802 -1 3811 3809 3815 -1 3811 3816 3793 -1 3810 3797 3806 -1 3814 3799 3801 -1 3808 3793 3816 -1 3809 3807 3817 -1 3802 3812 3805 -1 3808 3816 3818 -1 3808 3818 3806 -1 3819 3803 3813 -1 3803 3819 3807 -1 3801 3798 3820 -1 3815 3809 3817 -1 3813 3800 3821 -1 3820 3798 3804 -1 3812 3802 3822 -1 3816 3811 3823 -1 3817 3807 3819 -1 3824 3802 3814 -1 3806 3818 3825 -1 3822 3802 3824 -1 3811 3815 3823 -1 3810 3806 3825 -1 3821 3826 3813 -1 3826 3821 3827 -1 3813 3826 3819 -1 3820 3828 3801 -1 3818 3816 3823 -1 3801 3828 3814 -1 3824 3814 3828 -1 3810 3829 3804 -1 3820 3804 3829 -1 3825 3830 3810 -1 3817 3819 3831 -1 3815 3817 3832 -1 3823 3815 3832 -1 3830 3829 3810 -1 3824 3833 3822 -1 3831 3832 3817 -1 3834 3835 3823 -1 3818 3823 3835 -1 3836 3830 3825 -1 3837 3823 3832 -1 3825 3818 3836 -1 3831 3819 3826 -1 3838 3833 3824 -1 3818 3835 3836 -1 3832 3831 3839 -1 3837 3834 3823 -1 3820 3829 3840 -1 3834 3841 3835 -1 3836 3835 3841 -1 3837 3832 3842 -1 3830 3843 3829 -1 3839 3844 3832 -1 3828 3820 3840 -1 3842 3834 3837 -1 3831 3826 3845 -1 3846 3843 3830 -1 3824 3828 3847 -1 3848 3824 3847 -1 3833 3838 3849 -1 3830 3836 3846 -1 3840 3829 3843 -1 3838 3824 3848 -1 3842 3832 3844 -1 3842 3850 3834 -1 3841 3834 3850 -1 3851 3836 3841 -1 3828 3840 3847 -1 3839 3831 3845 -1 3836 3851 3852 -1 3842 3844 3853 -1 3840 3843 3847 -1 3850 3842 3853 -1 3839 3845 3854 -1 3844 3839 3855 -1 3846 3836 3852 -1 3838 3848 3856 -1 3854 3855 3839 -1 3849 3838 3856 -1 3854 3845 3857 -1 3844 3855 3853 -1 3847 3843 3858 -1 3848 3847 3859 -1 3846 3860 3843 -1 3861 3841 3850 -1 3851 3841 3861 -1 3857 3862 3854 -1 3843 3860 3858 -1 3858 3859 3847 -1 3850 3853 3863 -1 3851 3861 3852 -1 3859 3858 3864 -1 3862 3855 3854 -1 3850 3865 3861 -1 3860 3846 3866 -1 3846 3852 3866 -1 3858 3860 3867 -1 3864 3858 3867 -1 3850 3863 3865 -1 3856 3848 3859 -1 3852 3861 3868 -1 3862 3869 3855 -1 3853 3855 3869 -1 3870 3859 3864 -1 3871 3862 3857 -1 3868 3861 3872 -1 3868 3866 3852 -1 3872 3861 3865 -1 3873 3853 3869 -1 3860 3866 3874 -1 3869 3862 3875 -1 3873 3863 3853 -1 3867 3860 3876 -1 3866 3868 3874 -1 3862 3871 3875 -1 3869 3877 3873 -1 3874 3868 3878 -1 3860 3874 3876 -1 3875 3877 3869 -1 3865 3863 3873 -1 3867 3876 3879 -1 3873 3877 3880 -1 3879 3864 3867 -1 3878 3868 3881 -1 3882 3874 3878 -1 3865 3873 3883 -1 3876 3874 3882 -1 3872 3865 3883 -1 3872 3881 3868 -1 3878 3881 3884 -1 3877 3875 3885 -1 3883 3873 3880 -1 3872 3883 3886 -1 3876 3882 3879 -1 3880 3877 3887 -1 3881 3872 3886 -1 3882 3878 3888 -1 3887 3877 3885 -1 3889 3882 3888 -1 3864 3879 3890 -1 3880 3891 3883 -1 3886 3883 3891 -1 3879 3882 3889 -1 3884 3886 3892 -1 3886 3884 3881 -1 3878 3884 3888 -1 3892 3886 3891 -1 3893 3880 3887 -1 3889 3888 3894 -1 3892 3891 3895 -1 3894 3888 3884 -1 3890 3879 3896 -1 3892 3894 3884 -1 3880 3893 3891 -1 3879 3889 3896 -1 3897 3891 3893 -1 3898 3895 3891 -1 3899 3894 3892 -1 3900 3889 3894 -1 3891 3897 3898 -1 3899 3892 3895 -1 3895 3898 3901 -1 3894 3899 3902 -1 3900 3894 3902 -1 3898 3897 3903 -1 3901 3898 3903 -1 3899 3895 3901 -1 1654 1705 3904 -1 1654 3904 1683 -1 3905 1683 3904 -1 1656 3906 1692 -1 3906 1656 1723 -1 1716 1683 3905 -1 3904 3907 3908 -1 3907 3904 1705 -1 3908 3905 3904 -1 3908 1799 3905 -1 1799 1716 3905 -1 1705 3909 3907 -1 3907 3909 3910 -1 3910 3908 3907 -1 3909 1705 3911 -1 1705 1692 3911 -1 1799 3908 3912 -1 3911 1692 3906 -1 1733 1716 1799 -1 3913 3225 3229 -1 3251 3913 3229 -1 3909 3914 3910 -1 3911 3906 3915 -1 1820 1799 3912 -1 3251 3916 3913 -1 3917 3271 3234 -1 3225 3917 3234 -1 3910 3914 3918 -1 3910 3918 3919 -1 3910 3919 3908 -1 3918 3914 3920 -1 3921 3914 3909 -1 3912 3908 3919 -1 3915 3906 3922 -1 3906 1723 3922 -1 3922 1723 1791 -1 3251 3290 3916 -1 3923 3918 3920 -1 3920 3914 3921 -1 3918 3923 3924 -1 3918 3925 3919 -1 3926 3917 3225 -1 1820 3912 3927 -1 1752 3928 1798 -1 1779 3928 1752 -1 1758 3271 1815 -1 3913 3926 3225 -1 3924 3923 3929 -1 3909 3911 3930 -1 3930 3921 3909 -1 3931 3913 3916 -1 1767 3932 1802 -1 3923 3933 3929 -1 3290 3934 3935 -1 3290 3935 3916 -1 1767 1759 3932 -1 3920 3921 3936 -1 3928 1779 1815 -1 3925 3918 3924 -1 3930 3911 3915 -1 3934 3290 3314 -1 3919 3927 3912 -1 1802 3932 3937 -1 3923 3920 3933 -1 3935 3931 3916 -1 3917 1815 3271 -1 3933 3938 3929 -1 3933 3920 3936 -1 3932 1759 3939 -1 3925 3924 3940 -1 3941 3919 3925 -1 3927 3919 3941 -1 1864 1810 1798 -1 3928 1815 3942 -1 1791 1802 3937 -1 3943 3926 3913 -1 3917 3944 1815 -1 3945 3931 3935 -1 3933 3946 3938 -1 3934 3947 3935 -1 3924 3929 3948 -1 3936 3921 3930 -1 3940 3941 3925 -1 3947 3934 3949 -1 3949 3934 3314 -1 1820 3927 3950 -1 3931 3943 3913 -1 3334 3949 3314 -1 3951 3935 3947 -1 3933 3952 3946 -1 3948 3929 3938 -1 3939 3937 3932 -1 3930 3915 3953 -1 3953 3915 3922 -1 3940 3924 3954 -1 3955 3926 3943 -1 3956 3955 3943 -1 1791 3957 3922 -1 3957 1791 3937 -1 1798 3958 1864 -1 3944 3942 1815 -1 3926 3944 3917 -1 3956 3943 3959 -1 3950 1870 1820 -1 3959 3931 3945 -1 3959 3943 3931 -1 3935 3951 3945 -1 3933 3936 3952 -1 3960 3952 3936 -1 3958 1798 3928 -1 3948 3938 3961 -1 3936 3930 3960 -1 3960 3930 3953 -1 3939 1759 1864 -1 3955 3944 3926 -1 3940 3954 3941 -1 3947 3949 3962 -1 1870 3950 3963 -1 3949 3334 3361 -1 3946 3964 3938 -1 3965 3964 3966 -1 3938 3964 3965 -1 3963 1884 1870 -1 3958 3928 3942 -1 3947 3967 3951 -1 3968 3927 3941 -1 3950 3927 3968 -1 3947 3962 3967 -1 3962 3949 3361 -1 3951 3969 3945 -1 3958 3942 3970 -1 3964 3946 3971 -1 3972 3942 3944 -1 1884 3963 1885 -1 3973 3361 3974 -1 3956 3959 3975 -1 3967 3962 3973 -1 3976 3955 3956 -1 3976 3977 3955 -1 3924 3948 3961 -1 3961 3954 3924 -1 3978 3361 3377 -1 3973 3962 3361 -1 1864 3979 3939 -1 3361 3978 3974 -1 3958 3979 1864 -1 3970 3979 3958 -1 3959 3945 3975 -1 3975 3945 3969 -1 3963 3950 3968 -1 3980 2679 3981 -1 3976 3956 3982 -1 3967 3983 3951 -1 3954 3984 3941 -1 3982 3956 3975 -1 3968 3941 3984 -1 3966 3964 3971 -1 3942 3985 3970 -1 3963 3984 2733 -1 3968 3984 3963 -1 3985 3942 3972 -1 3963 2733 1885 -1 3961 3938 3965 -1 3977 3986 3955 -1 2722 2687 3987 -1 2687 2726 3987 -1 3986 3944 3955 -1 3988 3937 3939 -1 2679 3980 2661 -1 3978 3989 3990 -1 3983 3969 3951 -1 3991 3967 3973 -1 3983 3967 3991 -1 3971 3946 3992 -1 3989 3978 3377 -1 2722 3993 2704 -1 3966 3993 2722 -1 3971 3993 3966 -1 2722 3987 3966 -1 3946 3952 3992 -1 3965 3966 3994 -1 3987 2726 3995 -1 3974 3978 3990 -1 3996 3976 3982 -1 2726 2736 3995 -1 3997 3965 3994 -1 3961 3965 3997 -1 2661 3980 2736 -1 3998 3982 3975 -1 3969 3998 3975 -1 3999 3957 3937 -1 3981 2679 2745 -1 3979 3988 3939 -1 3980 3997 2736 -1 3970 4000 3979 -1 3997 4001 3961 -1 3954 3961 4001 -1 3973 3974 3991 -1 4002 4003 3993 -1 4002 3993 3971 -1 3998 3969 4004 -1 3974 3990 4005 -1 3987 3994 3966 -1 3992 3952 4006 -1 4006 3952 3960 -1 3984 3954 4007 -1 2745 2720 4008 -1 2733 3984 4008 -1 4008 2720 2733 -1 3969 3983 4004 -1 3986 3972 3944 -1 4009 4004 3983 -1 4009 3983 3991 -1 3988 3979 4000 -1 2736 3997 3994 -1 3980 4001 3997 -1 4001 3980 3981 -1 3981 4007 4001 -1 3991 3974 4005 -1 4010 3996 4011 -1 4010 3976 3996 -1 3954 4001 4007 -1 3981 2745 4007 -1 4012 2738 2721 -1 3953 3922 4013 -1 3957 4013 3922 -1 4012 4002 4014 -1 4003 4002 4012 -1 3992 4002 3971 -1 4008 3984 4007 -1 4015 3972 3986 -1 2745 4008 4007 -1 3957 3999 4016 -1 2721 2704 3993 -1 3937 3988 3999 -1 3987 2736 3994 -1 3995 2736 3987 -1 4005 3990 4017 -1 4010 4011 4018 -1 3957 4016 4013 -1 4010 3977 3976 -1 4017 3990 3989 -1 4014 2758 2738 -1 3989 4019 4017 -1 2738 4012 4014 -1 3988 4020 3999 -1 4003 4012 2721 -1 3377 4021 3989 -1 4002 4022 4014 -1 4002 3992 4022 -1 3377 3415 4021 -1 3996 3982 4011 -1 3992 4006 4023 -1 2721 3993 4003 -1 4006 3960 4024 -1 3953 4024 3960 -1 4025 4026 3998 -1 4009 3991 4027 -1 4027 3991 4005 -1 4025 3998 4028 -1 3986 3977 4029 -1 4004 4028 3998 -1 3977 4010 4029 -1 4014 4022 4030 -1 4009 4031 4004 -1 3970 4032 4000 -1 4032 3970 3985 -1 3985 3972 4032 -1 4033 4011 3982 -1 3982 3998 4033 -1 4019 3989 4021 -1 4019 4034 4017 -1 4015 4032 3972 -1 2758 4014 4030 -1 4035 4022 4023 -1 4022 3992 4023 -1 4026 4033 3998 -1 4036 4024 3953 -1 4016 3999 4037 -1 4019 4038 4039 -1 4021 4038 4019 -1 4040 4020 3988 -1 4023 4006 4041 -1 3953 4013 4036 -1 4000 4040 3988 -1 4042 4040 4000 -1 4018 4029 4010 -1 4042 4000 4032 -1 4015 3986 4029 -1 4031 4028 4004 -1 4005 4017 4043 -1 4044 4029 4018 -1 4045 4011 4033 -1 4046 4009 4047 -1 4009 4046 4031 -1 4030 4022 4035 -1 4028 4031 4046 -1 4038 4021 3415 -1 4013 4048 4036 -1 4048 4013 4016 -1 4011 4049 4018 -1 4017 4034 4043 -1 4039 4034 4019 -1 2763 2758 4050 -1 2758 4030 4050 -1 4035 4050 4030 -1 4041 4006 4024 -1 4042 4051 4040 -1 4042 4032 4051 -1 4027 4005 4043 -1 4051 4032 4015 -1 4052 4009 4027 -1 3444 4038 3415 -1 4038 3444 4053 -1 4049 4011 4054 -1 4011 4045 4054 -1 4026 4045 4033 -1 4052 4047 4009 -1 4040 4055 4020 -1 4035 4023 4041 -1 4016 4056 4048 -1 4057 4015 4029 -1 4016 4037 4056 -1 4049 4044 4018 -1 4058 4037 3999 -1 4058 3999 4020 -1 4059 4055 4040 -1 2763 4050 2769 -1 4059 4040 4051 -1 4052 4027 4060 -1 4015 4057 4061 -1 4061 4051 4015 -1 4043 4062 4027 -1 4063 4041 4024 -1 4025 4028 4064 -1 4046 4064 4028 -1 3449 4053 3444 -1 4049 4065 4044 -1 4048 4056 4066 -1 4067 4034 4039 -1 2768 2769 4068 -1 4067 4039 4069 -1 4051 4061 4059 -1 4044 4057 4029 -1 4062 4060 4027 -1 4069 4039 4038 -1 4053 4069 4038 -1 4034 4070 4043 -1 3467 4053 3449 -1 4036 4063 4024 -1 4034 4071 4070 -1 4068 2783 2768 -1 4020 4055 4072 -1 4073 4026 4025 -1 2769 4050 4074 -1 4074 4050 4035 -1 4048 4063 4036 -1 4065 4057 4044 -1 4049 4054 4075 -1 4076 4037 4058 -1 4075 4065 4049 -1 4072 4076 4058 -1 4077 4054 4045 -1 4058 4020 4072 -1 4045 4026 4073 -1 4071 4034 4078 -1 4067 4078 4034 -1 4064 4073 4025 -1 4063 4048 4066 -1 4047 4052 4079 -1 3467 3460 4080 -1 4065 4075 4081 -1 2783 4082 2767 -1 4068 2769 4074 -1 4072 4055 4083 -1 4041 4084 4035 -1 4055 4059 4083 -1 4059 4061 4083 -1 4041 4063 4084 -1 4060 4079 4052 -1 4043 4085 4062 -1 4081 4057 4065 -1 4043 4070 4085 -1 4069 4053 3467 -1 4086 4063 4066 -1 4061 4087 4083 -1 4069 3467 4080 -1 4076 4056 4037 -1 4046 4047 4088 -1 4072 4089 4076 -1 4090 4061 4057 -1 4089 4072 4091 -1 4081 4090 4057 -1 4092 3469 3458 -1 4092 3458 3471 -1 4035 4093 4074 -1 4093 4035 4084 -1 4094 4077 4045 -1 4095 4084 4063 -1 4070 4071 4085 -1 4092 4096 3469 -1 4090 4087 4061 -1 3469 4097 4080 -1 3469 4080 3460 -1 4082 2788 2767 -1 4083 4098 4072 -1 4054 4099 4075 -1 4060 4062 4100 -1 4077 4099 4054 -1 4045 4073 4094 -1 4094 4073 4101 -1 4064 4046 4088 -1 4066 4056 4102 -1 4078 4067 4103 -1 4104 4087 4090 -1 4103 4067 4069 -1 4081 4104 4090 -1 4105 4069 4080 -1 2783 4068 4106 -1 4068 4074 4106 -1 4072 4098 4091 -1 4092 3471 4107 -1 4073 4064 4101 -1 4087 4098 4083 -1 4079 4060 4108 -1 4086 4109 4063 -1 4085 4071 4110 -1 4088 4111 4064 -1 4085 4100 4062 -1 4076 4102 4056 -1 4076 4089 4102 -1 4112 2783 4106 -1 4106 4074 4093 -1 4069 4105 4103 -1 4113 4094 4101 -1 4063 4109 4095 -1 4111 4101 4064 -1 4088 4047 4114 -1 4079 4114 4047 -1 4115 4105 4097 -1 4105 4080 4097 -1 4116 4075 4099 -1 4096 4097 3469 -1 4071 4078 4117 -1 4118 4117 4078 -1 4118 4078 4103 -1 4077 4094 4119 -1 4093 4084 4120 -1 4095 4120 4084 -1 4096 4115 4097 -1 4121 4111 4088 -1 4102 4086 4066 -1 4122 4081 4075 -1 4100 4085 4123 -1 4124 4092 4107 -1 4125 4116 4099 -1 4125 4099 4119 -1 4126 4071 4117 -1 4089 4091 4102 -1 4127 4091 4098 -1 4119 4094 4113 -1 4118 4103 4105 -1 4098 4087 4128 -1 4113 4101 4111 -1 4129 4095 4109 -1 4111 4121 4130 -1 4088 4114 4121 -1 4085 4110 4131 -1 4123 4085 4131 -1 4114 4079 4108 -1 4110 4071 4126 -1 2786 2788 4132 -1 4082 2783 4112 -1 4099 4077 4119 -1 4127 4102 4091 -1 4124 4096 4092 -1 4133 4087 4104 -1 4131 4134 4123 -1 4135 4108 4060 -1 4132 2789 2786 -1 4075 4116 4122 -1 4102 4136 4086 -1 4060 4100 4135 -1 4124 4137 4096 -1 4138 4093 4120 -1 4100 4139 4135 -1 4131 4110 4140 -1 4106 4093 4138 -1 4126 4140 4110 -1 4119 4113 4141 -1 4120 4095 4129 -1 4113 4111 4142 -1 4122 4104 4081 -1 4124 4107 4143 -1 4118 4105 4144 -1 4100 4123 4139 -1 4115 4096 4137 -1 4105 4115 4144 -1 4128 4145 4127 -1 4125 4119 4141 -1 4146 4144 4115 -1 4128 4127 4098 -1 4118 4144 4117 -1 4147 4113 4142 -1 4114 4148 4121 -1 4142 4111 4130 -1 4133 4104 4122 -1 4116 4149 4122 -1 4136 4109 4086 -1 4116 4125 4149 -1 2789 4132 4150 -1 4112 4106 4151 -1 4152 4108 4135 -1 4106 4138 4151 -1 4138 4120 4153 -1 4140 4154 4131 -1 4141 4113 4147 -1 4117 4155 4126 -1 4129 4109 4156 -1 4133 4128 4087 -1 4137 4146 4115 -1 4130 4157 4142 -1 4144 4158 4117 -1 4136 4159 4109 -1 2788 4082 4160 -1 4161 4148 4114 -1 4102 4127 4136 -1 4149 4125 4162 -1 4162 4125 4163 -1 4123 4134 4139 -1 4134 4131 4164 -1 4155 4140 4126 -1 4157 4147 4142 -1 4165 4133 4122 -1 4117 4158 4155 -1 4156 4109 4159 -1 4130 4121 4148 -1 4158 4144 4146 -1 4132 2788 4160 -1 4082 4112 4160 -1 4166 4159 4136 -1 4136 4127 4166 -1 4108 4161 4114 -1 4151 4138 4167 -1 4167 4138 4153 -1 4120 4129 4168 -1 4164 4131 4154 -1 4169 4158 4146 -1 4145 4128 4170 -1 4157 4130 4171 -1 4169 4146 4137 -1 4130 4148 4171 -1 4172 4137 4124 -1 4165 4122 4149 -1 4173 4128 4133 -1 4149 4162 4174 -1 4175 4166 4127 -1 4175 4127 4145 -1 4134 4164 4139 -1 4141 4176 4125 -1 4177 4140 4155 -1 4173 4133 4165 -1 4137 4178 4169 -1 4178 4137 4172 -1 2792 2789 4150 -1 4159 4166 4179 -1 4160 4112 4180 -1 4135 4139 4181 -1 4161 4108 4152 -1 4170 4175 4145 -1 4163 4125 4176 -1 4176 4141 4182 -1 4129 4156 4168 -1 4177 4155 4183 -1 4158 4183 4155 -1 4173 4170 4128 -1 4152 4135 4181 -1 4112 4151 4180 -1 4167 4184 4151 -1 4153 4120 4168 -1 4168 4156 4185 -1 4140 4177 4154 -1 4165 4186 4173 -1 4159 4185 4156 -1 4159 4179 4185 -1 4149 4174 4165 -1 4187 2795 2792 -1 4158 4169 4188 -1 4171 4148 4189 -1 4181 4139 4190 -1 4139 4164 4190 -1 4164 4191 4192 -1 4164 4154 4191 -1 4177 4191 4154 -1 4150 4187 2792 -1 4132 4193 4150 -1 4175 4179 4166 -1 4194 4183 4158 -1 4170 4195 4175 -1 4153 4168 4185 -1 4141 4147 4196 -1 4158 4188 4194 -1 4147 4157 4196 -1 4178 4188 4169 -1 4197 4177 4183 -1 4198 4189 4148 -1 4175 4195 4179 -1 4193 4132 4199 -1 4132 4160 4199 -1 4174 4162 4200 -1 4148 4161 4201 -1 4180 4151 4184 -1 4170 4202 4195 -1 4182 4141 4196 -1 4202 4173 4186 -1 4173 4202 4170 -1 4190 4164 4203 -1 4177 4204 4191 -1 4197 4204 4177 -1 4179 4205 4185 -1 4165 4206 4186 -1 4165 4174 4207 -1 4200 4208 4174 -1 4167 4209 4184 -1 4153 4209 4167 -1 4163 4176 4210 -1 4164 4192 4203 -1 4187 4150 4193 -1 4157 4171 4211 -1 4204 4197 4212 -1 4194 4197 4183 -1 4205 4179 4195 -1 4213 4204 4214 -1 4191 4204 4213 -1 4215 4197 4194 -1 4198 4148 4201 -1 4162 4163 4216 -1 4216 4163 4210 -1 4161 4217 4201 -1 4176 4182 4210 -1 4217 4161 4152 -1 4196 4157 4218 -1 4219 4196 4218 -1 4207 4206 4165 -1 4211 4218 4157 -1 4188 4215 4194 -1 4205 4195 4220 -1 4221 4187 4193 -1 4204 4212 4214 -1 4160 4180 4199 -1 4222 4197 4215 -1 4152 4181 4223 -1 4222 4212 4197 -1 4182 4224 4210 -1 4217 4152 4223 -1 4196 4224 4182 -1 4187 4225 2795 -1 4171 4189 4211 -1 4226 4206 4227 -1 4207 4227 4206 -1 4174 4228 4207 -1 4174 4208 4228 -1 4225 2796 2795 -1 4191 4213 4192 -1 4229 4207 4228 -1 4230 4220 4195 -1 4200 4162 4216 -1 4226 4202 4186 -1 4214 4212 4231 -1 4209 4153 4185 -1 4186 4206 4226 -1 4195 4202 4230 -1 4181 4232 4223 -1 4181 4190 4233 -1 4209 4185 4234 -1 4229 4227 4207 -1 4234 4185 4205 -1 4192 4213 4235 -1 4224 4196 4219 -1 4218 4211 4219 -1 4211 4189 4236 -1 4225 4187 4221 -1 4228 4237 4229 -1 4193 4199 4238 -1 4239 4210 4224 -1 4226 4230 4202 -1 4190 4203 4233 -1 4201 4217 4240 -1 4217 4223 4240 -1 4189 4198 4241 -1 4203 4192 4235 -1 4242 4213 4214 -1 4235 4213 4242 -1 4216 4210 4243 -1 4243 4210 4239 -1 4199 4180 4238 -1 4233 4232 4181 -1 4226 4227 4244 -1 4214 4231 4245 -1 4211 4236 4219 -1 4236 4189 4241 -1 4222 4246 4212 -1 4184 4209 4247 -1 4229 4248 4227 -1 4228 4249 4237 -1 4228 4208 4249 -1 4221 4193 4250 -1 4208 4200 4251 -1 4252 4220 4230 -1 4253 4252 4230 -1 4226 4254 4253 -1 4226 4253 4230 -1 4224 4219 4255 -1 4256 4201 4240 -1 4257 4209 4234 -1 4205 4220 4234 -1 4226 4244 4254 -1 4244 4227 4248 -1 4212 4258 4231 -1 4246 4258 4212 -1 4252 4259 4220 -1 4208 4251 4249 -1 4250 4193 4238 -1 4200 4216 4260 -1 4243 4260 4216 -1 4261 4180 4184 -1 4224 4255 4262 -1 4263 4253 4254 -1 4214 4245 4264 -1 4219 4236 4265 -1 4198 4201 4256 -1 4266 4225 4221 -1 4267 4251 4200 -1 4260 4267 4200 -1 4243 4239 4268 -1 4239 4224 4262 -1 4252 4253 4263 -1 4219 4265 4255 -1 4244 4269 4254 -1 4269 4263 4254 -1 4270 4244 4248 -1 4248 4229 4271 -1 4238 4180 4261 -1 4252 4263 4259 -1 4214 4264 4242 -1 4255 4265 4272 -1 4236 4241 4265 -1 4209 4257 4247 -1 4223 4232 4273 -1 4256 4240 4274 -1 4270 4248 4271 -1 4237 4249 4275 -1 4264 4245 4276 -1 4261 4184 4247 -1 4242 4264 4277 -1 4269 4278 4263 -1 4203 4235 4279 -1 4270 4269 4244 -1 4234 4220 4259 -1 4279 4280 4233 -1 4233 4203 4279 -1 4232 4233 4280 -1 4271 4281 4270 -1 4256 4274 4282 -1 4229 4237 4283 -1 4263 4284 4259 -1 4260 4243 4285 -1 4242 4277 4286 -1 4235 4242 4286 -1 4286 4287 4235 -1 4273 4240 4223 -1 4270 4278 4269 -1 4264 4276 4277 -1 4288 4229 4283 -1 4271 4229 4288 -1 4283 4237 4275 -1 4273 4232 4280 -1 4251 4267 4289 -1 4245 4231 4290 -1 4268 4239 4291 -1 4239 4262 4291 -1 4279 4235 4292 -1 4257 4234 4293 -1 4272 4265 4294 -1 4198 4295 4241 -1 4234 4259 4296 -1 4250 4297 4221 -1 4275 4249 4298 -1 4249 4251 4298 -1 4238 4261 4299 -1 4267 4260 4300 -1 4301 4284 4263 -1 4301 4263 4278 -1 4268 4285 4243 -1 4255 4291 4262 -1 4247 4257 4302 -1 4255 4272 4303 -1 4294 4265 4304 -1 4265 4241 4295 -1 4295 4304 4265 -1 4305 4279 4292 -1 4293 4234 4296 -1 4306 4282 4274 -1 4266 4221 4297 -1 4289 4298 4251 -1 4284 4296 4259 -1 4307 4278 4270 -1 4271 4308 4281 -1 4308 4271 4309 -1 4288 4309 4271 -1 4198 4256 4295 -1 4310 4296 4284 -1 4280 4279 4305 -1 4267 4300 4289 -1 4260 4285 4300 -1 4285 4268 4311 -1 4307 4301 4278 -1 4312 4303 4272 -1 4294 4312 4272 -1 4250 4238 4299 -1 4307 4270 4281 -1 4261 4247 4313 -1 4235 4287 4292 -1 4240 4273 4274 -1 4302 4257 4293 -1 4293 4296 4310 -1 4314 4266 4297 -1 4287 4286 4315 -1 4273 4280 4316 -1 4286 4277 4317 -1 4256 4282 4295 -1 4299 4318 4250 -1 4291 4311 4268 -1 4299 4261 4313 -1 4303 4291 4255 -1 4277 4276 4319 -1 4319 4276 4320 -1 4317 4315 4286 -1 4308 4309 4321 -1 4310 4284 4301 -1 4318 4297 4250 -1 4275 4298 4322 -1 4305 4292 4323 -1 4324 4280 4305 -1 4300 4285 4325 -1 4309 4288 4326 -1 4247 4302 4313 -1 4294 4304 4327 -1 4322 4283 4275 -1 4310 4328 4293 -1 4304 4295 4329 -1 4322 4298 4330 -1 4330 4298 4289 -1 4331 4310 4301 -1 4331 4301 4307 -1 4325 4285 4311 -1 4332 4274 4273 -1 4307 4281 4308 -1 4316 4280 4324 -1 4333 4309 4326 -1 4288 4283 4326 -1 4326 4283 4322 -1 4314 4297 4334 -1 4332 4273 4316 -1 4331 4307 4335 -1 4311 4291 4336 -1 4303 4336 4291 -1 4312 4294 4337 -1 4328 4302 4293 -1 4327 4337 4294 -1 4329 4338 4304 -1 4310 4331 4328 -1 4277 4319 4339 -1 4340 4289 4300 -1 4341 4317 4339 -1 4315 4317 4342 -1 4341 4342 4317 -1 4335 4307 4308 -1 4317 4277 4339 -1 4329 4295 4282 -1 4327 4304 4338 -1 4302 4328 4343 -1 4326 4322 4344 -1 4297 4318 4334 -1 4330 4289 4345 -1 4340 4345 4289 -1 4325 4340 4300 -1 4319 4320 4346 -1 4299 4347 4318 -1 4306 4274 4332 -1 4299 4313 4347 -1 4315 4342 4348 -1 4287 4315 4348 -1 4305 4323 4349 -1 4302 4350 4313 -1 4350 4302 4343 -1 4351 4333 4326 -1 4352 4328 4331 -1 4352 4331 4335 -1 4334 4318 4353 -1 4313 4350 4354 -1 4351 4355 4333 -1 4336 4303 4312 -1 4351 4326 4344 -1 4356 4329 4357 -1 4338 4329 4356 -1 4329 4282 4357 -1 4327 4338 4358 -1 4359 4360 4322 -1 4322 4330 4359 -1 4361 4345 4340 -1 4340 4325 4361 -1 4347 4313 4354 -1 4292 4287 4348 -1 4324 4332 4316 -1 4321 4309 4362 -1 4362 4363 4321 -1 4309 4333 4362 -1 4306 4357 4282 -1 4355 4362 4333 -1 4328 4352 4343 -1 4318 4347 4353 -1 4339 4346 4364 -1 4319 4346 4339 -1 4292 4348 4365 -1 4341 4348 4342 -1 4323 4292 4365 -1 4312 4337 4366 -1 4325 4311 4367 -1 4335 4308 4368 -1 4348 4341 4369 -1 4311 4336 4367 -1 4368 4308 4321 -1 4336 4312 4366 -1 4337 4327 4358 -1 4324 4305 4370 -1 4344 4322 4360 -1 4330 4345 4371 -1 4345 4361 4371 -1 4335 4368 4372 -1 4323 4365 4373 -1 4321 4363 4374 -1 4341 4339 4375 -1 4376 4375 4339 -1 4356 4357 4377 -1 4366 4378 4336 -1 4306 4332 4379 -1 4335 4380 4352 -1 4359 4330 4381 -1 4335 4372 4380 -1 4361 4325 4382 -1 4383 4347 4384 -1 4349 4323 4373 -1 4367 4336 4378 -1 4385 4377 4357 -1 4370 4305 4386 -1 4387 4351 4344 -1 4357 4306 4385 -1 4337 4358 4388 -1 4358 4338 4389 -1 4356 4389 4338 -1 4372 4368 4390 -1 4391 4368 4321 -1 4321 4374 4391 -1 4347 4354 4384 -1 4362 4355 4392 -1 4339 4364 4376 -1 4355 4351 4392 -1 4305 4349 4386 -1 4366 4337 4393 -1 4388 4358 4389 -1 4343 4394 4350 -1 4379 4385 4306 -1 4395 4352 4380 -1 4381 4330 4371 -1 4364 4396 4376 -1 4372 4395 4380 -1 4346 4397 4364 -1 4382 4325 4398 -1 4347 4383 4353 -1 4365 4348 4369 -1 4367 4398 4325 -1 4391 4390 4368 -1 4378 4399 4367 -1 4332 4324 4370 -1 4366 4400 4378 -1 4394 4354 4350 -1 4337 4388 4393 -1 4351 4387 4392 -1 4343 4401 4394 -1 4401 4343 4352 -1 4381 4371 4402 -1 4371 4361 4403 -1 4382 4403 4361 -1 4398 4367 4399 -1 4369 4341 4375 -1 4362 4392 4404 -1 4377 4389 4356 -1 4360 4359 4405 -1 4352 4395 4401 -1 4381 4405 4359 -1 4364 4397 4396 -1 4391 4374 4406 -1 4365 4369 4407 -1 4408 4383 4384 -1 4373 4409 4349 -1 4373 4365 4410 -1 4332 4370 4411 -1 4412 4354 4394 -1 4386 4349 4409 -1 4394 4401 4412 -1 4405 4413 4360 -1 4402 4371 4403 -1 4395 4372 4414 -1 4410 4365 4407 -1 4373 4410 4415 -1 4370 4386 4411 -1 4375 4376 4396 -1 4416 4400 4366 -1 4344 4360 4413 -1 4417 4385 4379 -1 4395 4414 4401 -1 4414 4372 4418 -1 4398 4399 4419 -1 4332 4411 4420 -1 4369 4375 4421 -1 4393 4416 4366 -1 4377 4385 4417 -1 4387 4344 4413 -1 4379 4332 4420 -1 4382 4398 4422 -1 4390 4391 4423 -1 4373 4415 4424 -1 4373 4424 4409 -1 4374 4363 4406 -1 4407 4369 4421 -1 4412 4384 4354 -1 4401 4414 4425 -1 4396 4397 4426 -1 4403 4382 4422 -1 4390 4418 4372 -1 4407 4427 4410 -1 4422 4398 4419 -1 4353 4383 4428 -1 4391 4406 4423 -1 4429 4406 4363 -1 4363 4362 4404 -1 4404 4429 4363 -1 4419 4399 4430 -1 4399 4378 4431 -1 4375 4396 4432 -1 4400 4431 4378 -1 4417 4433 4377 -1 4400 4416 4434 -1 4412 4401 4425 -1 4389 4433 4388 -1 4389 4377 4433 -1 4423 4435 4390 -1 4381 4436 4405 -1 4437 4417 4379 -1 4420 4437 4379 -1 4438 4404 4392 -1 4392 4387 4438 -1 4413 4405 4436 -1 4439 4393 4388 -1 4388 4440 4439 -1 4414 4418 4441 -1 4410 4427 4442 -1 4443 4353 4428 -1 4407 4421 4427 -1 4428 4383 4408 -1 4415 4410 4442 -1 4386 4444 4411 -1 4429 4404 4445 -1 4421 4375 4432 -1 4399 4431 4430 -1 4431 4400 4434 -1 4408 4384 4446 -1 4387 4413 4438 -1 4384 4412 4446 -1 4420 4411 4444 -1 4447 4412 4425 -1 4388 4433 4440 -1 4425 4414 4441 -1 4381 4402 4436 -1 4390 4435 4418 -1 4448 4421 4432 -1 4404 4438 4445 -1 4396 4426 4432 -1 4402 4403 4449 -1 4403 4422 4450 -1 4448 4451 4421 -1 4443 4428 4452 -1 4409 4424 4453 -1 4415 4442 4424 -1 4430 4431 4454 -1 4446 4412 4455 -1 4456 4446 4455 -1 4412 4447 4455 -1 4431 4434 4454 -1 4416 4393 4439 -1 4420 4457 4458 -1 4444 4457 4420 -1 4413 4436 4459 -1 4449 4460 4402 -1 4449 4403 4450 -1 4461 4442 4462 -1 4418 4435 4463 -1 4428 4464 4452 -1 4428 4408 4464 -1 4423 4406 4465 -1 4424 4442 4461 -1 4454 4419 4430 -1 4444 4386 4409 -1 4434 4416 4466 -1 4467 4433 4417 -1 4447 4425 4468 -1 4441 4468 4425 -1 4437 4420 4458 -1 4436 4402 4460 -1 4432 4426 4469 -1 4449 4470 4460 -1 4442 4427 4462 -1 4451 4427 4421 -1 4409 4457 4444 -1 4429 4465 4406 -1 4466 4416 4471 -1 4416 4439 4471 -1 4471 4439 4440 -1 4472 4467 4417 -1 4417 4437 4472 -1 4440 4433 4473 -1 4438 4413 4459 -1 4436 4460 4459 -1 4474 4468 4441 -1 4475 4441 4418 -1 4435 4423 4465 -1 4453 4424 4461 -1 4408 4446 4456 -1 4472 4437 4458 -1 4432 4469 4448 -1 4433 4467 4473 -1 4474 4441 4475 -1 4475 4418 4463 -1 4476 4461 4462 -1 4462 4427 4451 -1 4435 4465 4477 -1 4478 4454 4434 -1 4468 4479 4447 -1 4449 4450 4480 -1 4451 4448 4481 -1 4482 4409 4453 -1 4482 4457 4409 -1 4464 4408 4456 -1 4434 4466 4478 -1 4459 4460 4470 -1 4466 4471 4483 -1 4471 4440 4483 -1 4474 4479 4468 -1 4440 4473 4484 -1 4470 4449 4485 -1 4450 4422 4486 -1 4422 4487 4486 -1 4476 4462 4488 -1 4422 4419 4487 -1 4489 4461 4490 -1 4454 4487 4419 -1 4491 4429 4445 -1 4453 4461 4489 -1 4472 4492 4467 -1 4478 4466 4493 -1 4494 4438 4459 -1 4455 4447 4495 -1 4472 4458 4492 -1 4495 4447 4479 -1 4484 4483 4440 -1 4470 4496 4459 -1 4479 4474 4497 -1 4485 4449 4480 -1 4462 4451 4481 -1 4463 4435 4477 -1 4490 4461 4476 -1 4448 4469 4498 -1 4499 4473 4467 -1 4467 4492 4499 -1 4494 4445 4438 -1 4492 4458 4500 -1 4501 4478 4493 -1 4454 4478 4501 -1 4474 4475 4497 -1 4481 4498 4502 -1 4481 4448 4498 -1 4462 4481 4502 -1 4486 4487 4503 -1 4487 4454 4503 -1 4503 4454 4501 -1 4465 4429 4491 -1 4473 4499 4504 -1 4499 4492 4505 -1 4496 4494 4459 -1 4506 4452 4464 -1 4488 4462 4502 -1 4457 4482 4507 -1 4464 4456 4508 -1 4453 4489 4482 -1 4503 4501 4509 -1 4455 4495 4510 -1 4458 4457 4500 -1 4484 4473 4504 -1 4450 4486 4480 -1 4506 4464 4508 -1 4511 4490 4476 -1 4477 4465 4491 -1 4509 4501 4512 -1 4493 4512 4501 -1 4445 4494 4513 -1 4510 4456 4455 -1 4505 4492 4500 -1 4500 4457 4507 -1 4496 4470 4514 -1 4485 4514 4470 -1 4485 4480 4515 -1 4477 4516 4463 -1 4491 4445 4517 -1 4456 4510 4508 -1 4494 4496 4518 -1 4482 4489 4519 -1 4493 4466 4483 -1 4483 4484 4520 -1 4497 4521 4479 -1 4485 4515 4522 -1 4475 4523 4497 -1 4463 4516 4475 -1 4511 4476 4488 -1 4507 4482 4519 -1 4517 4445 4513 -1 4505 4504 4499 -1 4524 4494 4518 -1 4505 4500 4525 -1 4507 4525 4500 -1 4520 4484 4504 -1 4495 4479 4521 -1 4523 4521 4497 -1 4516 4523 4475 -1 4480 4486 4526 -1 4527 4469 4528 -1 4498 4469 4527 -1 4504 4505 4529 -1 4513 4494 4524 -1 4512 4493 4530 -1 4514 4485 4522 -1 4493 4483 4530 -1 4520 4504 4531 -1 4531 4504 4529 -1 4532 4495 4533 -1 4510 4495 4532 -1 4495 4521 4533 -1 4516 4477 4534 -1 4486 4503 4535 -1 4509 4512 4536 -1 4511 4488 4537 -1 4502 4498 4538 -1 4524 4517 4513 -1 4488 4502 4538 -1 4510 4539 4508 -1 4489 4490 4540 -1 4520 4530 4483 -1 4539 4510 4532 -1 4505 4541 4529 -1 4541 4505 4525 -1 4525 4507 4542 -1 4486 4535 4526 -1 4535 4503 4543 -1 4509 4543 4503 -1 4530 4520 4544 -1 4520 4531 4545 -1 4546 4522 4515 -1 4531 4529 4541 -1 4491 4534 4477 -1 4511 4537 4547 -1 4543 4509 4536 -1 4541 4525 4548 -1 4544 4520 4545 -1 4542 4507 4519 -1 4540 4519 4489 -1 4523 4549 4521 -1 4480 4526 4515 -1 4550 4491 4517 -1 4551 4536 4512 -1 4512 4530 4551 -1 4548 4525 4542 -1 4528 4552 4527 -1 4531 4553 4545 -1 4541 4553 4531 -1 4518 4496 4554 -1 4540 4490 4555 -1 4490 4511 4555 -1 4538 4498 4527 -1 4523 4516 4556 -1 4555 4511 4547 -1 4488 4538 4537 -1 4518 4557 4524 -1 4532 4533 4558 -1 4544 4545 4559 -1 4496 4514 4554 -1 4559 4545 4560 -1 4553 4541 4548 -1 4545 4553 4560 -1 4522 4554 4514 -1 4523 4556 4549 -1 4516 4534 4556 -1 4526 4535 4543 -1 4534 4491 4561 -1 4517 4524 4562 -1 4557 4562 4524 -1 4539 4532 4563 -1 4563 4532 4558 -1 4533 4521 4564 -1 4542 4519 4565 -1 4519 4540 4565 -1 4551 4530 4566 -1 4561 4491 4550 -1 4566 4530 4544 -1 4544 4559 4566 -1 4558 4533 4567 -1 4548 4542 4568 -1 4565 4568 4542 -1 4538 4527 4552 -1 4549 4569 4521 -1 4570 4540 4555 -1 4546 4571 4522 -1 4526 4546 4515 -1 4572 4549 4556 -1 4518 4554 4557 -1 4569 4567 4533 -1 4533 4564 4569 -1 4521 4569 4564 -1 4566 4559 4573 -1 4522 4571 4554 -1 4556 4534 4572 -1 4526 4543 4574 -1 4536 4551 4575 -1 4537 4538 4576 -1 4548 4577 4553 -1 4517 4562 4578 -1 4566 4579 4551 -1 4538 4552 4580 -1 4568 4565 4581 -1 4570 4565 4540 -1 4560 4553 4577 -1 4543 4575 4574 -1 4543 4536 4575 -1 4561 4550 4578 -1 4550 4517 4578 -1 4528 4582 4552 -1 4528 4583 4582 -1 4558 4584 4563 -1 4579 4566 4573 -1 4573 4559 4585 -1 4555 4547 4570 -1 4576 4538 4580 -1 4546 4526 4586 -1 4580 4552 4582 -1 4575 4551 4587 -1 4584 4558 4567 -1 4537 4576 4547 -1 4569 4549 4588 -1 4585 4559 4560 -1 4572 4588 4549 -1 4582 4583 4589 -1 4590 4575 4587 -1 4587 4551 4579 -1 4548 4568 4591 -1 4592 4570 4547 -1 4560 4577 4593 -1 4581 4565 4570 -1 4526 4574 4586 -1 4574 4575 4590 -1 4577 4548 4591 -1 4569 4594 4567 -1 4581 4570 4592 -1 4554 4571 4595 -1 4595 4557 4554 -1 4571 4546 4596 -1 4597 4572 4598 -1 4598 4534 4561 -1 4572 4534 4598 -1 4568 4581 4599 -1 4600 4547 4576 -1 4585 4579 4573 -1 4585 4560 4593 -1 4594 4569 4588 -1 4588 4572 4597 -1 4586 4596 4546 -1 4601 4580 4582 -1 4577 4602 4603 -1 4577 4591 4602 -1 4591 4568 4599 -1 4579 4585 4604 -1 4581 4592 4605 -1 4598 4561 4606 -1 4574 4590 4607 -1 4590 4587 4608 -1 4592 4547 4609 -1 4562 4557 4610 -1 4576 4580 4601 -1 4593 4577 4603 -1 4547 4600 4609 -1 4592 4611 4612 -1 4587 4579 4604 -1 4599 4581 4605 -1 4585 4593 4613 -1 4614 4598 4615 -1 4561 4578 4606 -1 4578 4562 4616 -1 4562 4610 4616 -1 4592 4612 4605 -1 4610 4557 4617 -1 4592 4609 4611 -1 4600 4576 4618 -1 4576 4601 4618 -1 4613 4593 4603 -1 4594 4588 4597 -1 4619 4557 4595 -1 4597 4598 4614 -1 4595 4571 4596 -1 4615 4598 4606 -1 4607 4590 4608 -1 4557 4619 4617 -1 4604 4585 4613 -1 4574 4607 4586 -1 4591 4599 4602 -1 4618 4620 4600 -1 4605 4621 4599 -1 4622 4595 4596 -1 4596 4586 4622 -1 4602 4599 4623 -1 4609 4600 4620 -1 4604 4613 4624 -1 4613 4603 4625 -1 4622 4619 4595 -1 4614 4626 4597 -1 4622 4586 4627 -1 4586 4607 4627 -1 4606 4578 4616 -1 4599 4621 4628 -1 4623 4599 4628 -1 4605 4612 4621 -1 4625 4603 4629 -1 4627 4607 4630 -1 4603 4602 4629 -1 4587 4631 4608 -1 4587 4604 4631 -1 4611 4609 4632 -1 4632 4609 4620 -1 4624 4613 4633 -1 4613 4625 4633 -1 4618 4601 4634 -1 4610 4635 4616 -1 4608 4636 4607 -1 4621 4612 4637 -1 4622 4638 4619 -1 4620 4618 4639 -1 4618 4634 4639 -1 4629 4602 4640 -1 4630 4607 4636 -1 4602 4623 4640 -1 4631 4636 4608 -1 4631 4604 4624 -1 4637 4628 4621 -1 4615 4606 4641 -1 4642 4624 4633 -1 4616 4635 4606 -1 4635 4610 4643 -1 4614 4644 4626 -1 4645 4627 4630 -1 4614 4615 4644 -1 4643 4610 4617 -1 4619 4638 4617 -1 4622 4646 4638 -1 4629 4647 4633 -1 4625 4629 4633 -1 4611 4632 4612 -1 4648 4647 4629 -1 4640 4623 4628 -1 4642 4647 4649 -1 4642 4633 4647 -1 4606 4635 4641 -1 4620 4650 4632 -1 4651 4643 4617 -1 4622 4645 4646 -1 4622 4627 4645 -1 4644 4615 4652 -1 4615 4641 4652 -1 4620 4653 4650 -1 4639 4653 4620 -1 4648 4629 4640 -1 4617 4638 4651 -1 4612 4632 4637 -1 4632 4650 4654 -1 4636 4655 4656 -1 4639 4634 4657 -1 4635 4643 4658 -1 4642 4631 4624 -1 4649 4659 4642 -1 4634 4660 4657 -1 4646 4661 4638 -1 4646 4645 4661 -1 4632 4662 4637 -1 4644 4652 4663 -1 4630 4636 4656 -1 4641 4635 4658 -1 4650 4653 4664 -1 4628 4637 4665 -1 4631 4666 4636 -1 4631 4667 4666 -1 4640 4628 4665 -1 4637 4662 4668 -1 4669 4649 4647 -1 4653 4639 4657 -1 4669 4647 4648 -1 4655 4636 4666 -1 4670 4669 4648 -1 4640 4670 4648 -1 4631 4642 4667 -1 4637 4671 4665 -1 4660 4672 4657 -1 4649 4669 4659 -1 4668 4671 4637 -1 4645 4630 4673 -1 4656 4673 4630 -1 4674 4641 4658 -1 4664 4653 4675 -1 4640 4665 4670 -1 4676 4655 4666 -1 4657 4675 4653 -1 4658 4643 4651 -1 4642 4659 4667 -1 4669 4677 4659 -1 4626 4644 4678 -1 4661 4645 4679 -1 4654 4662 4632 -1 4652 4641 4674 -1 4655 4676 4656 -1 4680 4670 4665 -1 4651 4638 4681 -1 4680 4665 4671 -1 4661 4681 4638 -1 4659 4677 4667 -1 4671 4668 4682 -1 4645 4673 4679 -1 4650 4664 4683 -1 4672 4675 4657 -1 4662 4654 4683 -1 4654 4650 4683 -1 4673 4656 4684 -1 4685 4676 4666 -1 4680 4686 4670 -1 4680 4671 4682 -1 4681 4661 4687 -1 4661 4679 4687 -1 4688 4668 4662 -1 4682 4668 4688 -1 4684 4656 4689 -1 4652 4674 4690 -1 4689 4656 4676 -1 4664 4675 4691 -1 4675 4672 4691 -1 4667 4692 4666 -1 4669 4670 4677 -1 4658 4651 4693 -1 4679 4673 4694 -1 4694 4673 4684 -1 4663 4652 4690 -1 4693 4651 4695 -1 4651 4681 4695 -1 4662 4683 4696 -1 4666 4692 4697 -1 4695 4681 4687 -1 4680 4682 4698 -1 4682 4688 4699 -1 4679 4694 4700 -1 4683 4664 4691 -1 4674 4658 4701 -1 4702 4684 4689 -1 4688 4662 4696 -1 4689 4676 4685 -1 4685 4666 4703 -1 4677 4692 4667 -1 4677 4670 4704 -1 4686 4680 4698 -1 4698 4682 4699 -1 4687 4679 4705 -1 4705 4679 4700 -1 4700 4694 4702 -1 4702 4694 4684 -1 4685 4706 4689 -1 4670 4686 4704 -1 4692 4677 4707 -1 4690 4674 4701 -1 4677 4704 4707 -1 4704 4686 4708 -1 4705 4700 4709 -1 4702 4689 4710 -1 4710 4689 4706 -1 4711 4683 4691 -1 4696 4712 4688 -1 4666 4697 4703 -1 4683 4713 4696 -1 4707 4704 4708 -1 4709 4700 4714 -1 4700 4702 4714 -1 4710 4715 4702 -1 4701 4658 4693 -1 4697 4692 4716 -1 4716 4692 4707 -1 4717 4712 4696 -1 4688 4712 4699 -1 4717 4696 4713 -1 4705 4709 4718 -1 4714 4702 4715 -1 4699 4719 4698 -1 4706 4685 4720 -1 4685 4703 4720 -1 4693 4695 4721 -1 4713 4711 4722 -1 4711 4713 4683 -1 4711 4723 4722 -1 4721 4695 4687 -1 4686 4698 4719 -1 4709 4724 4718 -1 4709 4714 4724 -1 4690 4701 4725 -1 4699 4712 4726 -1 4716 4727 4697 -1 4701 4693 4728 -1 4687 4705 4718 -1 4707 4708 4729 -1 4724 4714 4730 -1 4714 4715 4730 -1 4708 4686 4719 -1 4710 4706 4731 -1 4732 4710 4731 -1 4701 4728 4725 -1 4717 4713 4733 -1 4727 4703 4697 -1 4716 4707 4727 -1 4729 4708 4734 -1 4708 4719 4734 -1 4719 4699 4735 -1 4732 4715 4710 -1 4722 4723 4736 -1 4733 4713 4722 -1 4720 4731 4706 -1 4693 4721 4728 -1 4687 4718 4721 -1 4737 4712 4717 -1 4738 4734 4719 -1 4731 4720 4739 -1 4707 4729 4727 -1 4721 4740 4728 -1 4740 4721 4718 -1 4730 4715 4741 -1 4715 4732 4741 -1 4729 4742 4727 -1 4718 4743 4740 -1 4730 4744 4724 -1 4733 4722 4745 -1 4746 4699 4726 -1 4747 4726 4748 -1 4736 4745 4722 -1 4703 4727 4749 -1 4742 4749 4727 -1 4742 4729 4734 -1 4726 4712 4737 -1 4719 4735 4738 -1 4734 4738 4750 -1 4735 4699 4746 -1 4732 4731 4751 -1 4752 4751 4731 -1 4720 4703 4739 -1 4753 4725 4728 -1 4742 4734 4750 -1 4754 4737 4717 -1 4717 4733 4754 -1 4724 4743 4718 -1 4755 4749 4742 -1 4750 4755 4742 -1 4745 4756 4733 -1 4757 4730 4741 -1 4735 4746 4758 -1 4728 4740 4759 -1 4745 4736 4760 -1 4752 4731 4739 -1 4724 4744 4743 -1 4747 4746 4726 -1 4754 4761 4737 -1 4733 4762 4754 -1 4756 4762 4733 -1 4757 4744 4730 -1 4763 4738 4735 -1 4726 4761 4748 -1 4726 4737 4761 -1 4753 4728 4759 -1 4759 4740 4743 -1 4764 4746 4747 -1 4748 4764 4747 -1 4741 4765 4757 -1 4766 4741 4732 -1 4751 4766 4732 -1 4760 4756 4745 -1 4767 4751 4752 -1 4739 4703 4749 -1 4738 4763 4750 -1 4758 4746 4764 -1 4743 4744 4768 -1 4748 4761 4769 -1 4766 4751 4770 -1 4751 4767 4770 -1 4739 4767 4752 -1 4763 4735 4758 -1 4759 4743 4768 -1 4750 4763 4755 -1 4771 4772 4739 -1 4739 4749 4771 -1 4768 4744 4773 -1 4773 4744 4757 -1 4772 4771 4763 -1 4765 4741 4774 -1 4755 4771 4749 -1 4763 4771 4755 -1 4748 4769 4775 -1 4766 4774 4741 -1 4759 4776 4753 -1 4739 4777 4767 -1 4772 4777 4739 -1 4772 4778 4777 -1 4779 4768 4773 -1 4764 4748 4780 -1 4778 4781 4777 -1 4772 4763 4778 -1 4773 4757 4782 -1 4780 4748 4775 -1 4781 4778 4783 -1 4784 4781 4783 -1 4778 4758 4783 -1 4770 4767 4777 -1 4783 4758 4764 -1 4777 4781 4785 -1 4763 4758 4778 -1 4774 4766 4786 -1 4770 4787 4766 -1 4783 4780 4784 -1 4780 4783 4764 -1 4777 4785 4770 -1 4785 4781 4788 -1 4781 4784 4788 -1 4775 4769 4789 -1 4775 4784 4780 -1 4787 4770 4785 -1 4759 4768 4790 -1 4790 4768 4779 -1 4779 4773 4782 -1 4787 4786 4766 -1 4785 4788 4791 -1 4789 4792 4775 -1 4776 4759 4790 -1 4788 4784 4792 -1 4784 4775 4792 -1 4785 4791 4787 -1 4786 4787 4791 -1 4788 4792 4791 -1 4793 1245 1248 -1 1247 1245 4793 -1 1246 1247 4793 -1 1241 1244 4794 -1 2345 1246 4793 -1 1248 1241 4794 -1 4793 1248 4795 -1 4796 4794 1244 -1 4794 4795 1248 -1 2345 4793 4797 -1 1244 1234 3602 -1 4793 4795 4797 -1 4798 2345 4797 -1 4795 4794 4799 -1 4799 4794 4796 -1 1244 3602 4800 -1 4801 4797 4795 -1 4799 4801 4795 -1 2345 4798 2381 -1 4796 1244 4800 -1 4801 4802 4797 -1 4798 4803 2381 -1 4798 4797 4802 -1 4798 4802 4804 -1 4801 4799 4805 -1 4799 4796 4806 -1 4803 4798 4804 -1 3617 4800 3602 -1 4802 4801 4805 -1 4807 4805 4799 -1 4807 4799 4806 -1 4807 4806 4808 -1 4805 4809 4802 -1 4804 4802 4809 -1 2381 4803 4810 -1 4810 2410 2381 -1 4805 4807 4811 -1 4811 4809 4805 -1 4808 4811 4807 -1 4810 4803 4812 -1 4803 4804 4809 -1 4806 4796 4800 -1 4813 4806 4800 -1 2410 4810 4814 -1 4803 4809 4812 -1 4810 4812 4814 -1 4815 4811 4808 -1 4813 4816 4806 -1 4817 4808 4806 -1 4812 4809 4818 -1 4809 4811 4819 -1 4819 4811 4815 -1 4819 4818 4809 -1 2410 4814 4820 -1 4812 4818 4814 -1 4817 4806 4816 -1 4808 4821 4815 -1 4817 4821 4808 -1 3617 4822 4800 -1 4815 4823 4819 -1 4819 4823 4824 -1 4819 4824 4818 -1 4825 4823 4815 -1 4825 4815 4821 -1 4824 4814 4818 -1 2410 4820 2444 -1 4822 3617 3635 -1 4822 4813 4800 -1 4826 4821 4817 -1 4820 4814 4824 -1 4817 4816 4827 -1 4827 4826 4817 -1 4821 4826 4825 -1 2444 4820 2470 -1 4828 4823 4825 -1 4820 4824 4829 -1 4829 4824 4823 -1 4826 4828 4825 -1 4827 4816 4830 -1 4829 4823 4831 -1 4823 4828 4831 -1 4816 4813 4830 -1 4822 3635 3665 -1 4829 4831 4832 -1 4833 4820 4829 -1 4822 4834 4813 -1 4827 4830 4835 -1 4831 4828 4836 -1 4836 4828 4826 -1 4834 4837 4813 -1 4836 4826 4827 -1 4833 4829 4838 -1 4838 4829 4832 -1 4820 4833 2470 -1 2470 4839 2474 -1 2511 2474 4839 -1 4839 2470 4840 -1 4813 4837 4830 -1 4834 4822 3665 -1 4837 4834 4841 -1 4842 3665 4843 -1 4842 4834 3665 -1 4836 4827 4835 -1 4837 4835 4830 -1 4832 4831 4836 -1 4832 4844 4838 -1 4840 2470 4833 -1 4839 4845 2511 -1 4846 2511 4845 -1 2512 2511 4846 -1 2538 2512 4846 -1 4839 4840 4847 -1 3684 4843 3665 -1 4832 4836 4848 -1 4849 4836 4835 -1 4848 4844 4832 -1 4848 4836 4849 -1 4838 4844 4850 -1 4835 4837 4851 -1 4834 4842 4852 -1 4841 4834 4852 -1 4849 4853 4848 -1 4848 4853 4844 -1 2538 4846 4854 -1 4855 4845 4856 -1 4839 4856 4845 -1 4839 4847 4856 -1 4851 4857 4835 -1 4850 4844 4858 -1 4858 4844 4853 -1 4833 4859 4840 -1 4838 4859 4833 -1 4850 4859 4838 -1 4852 4842 4843 -1 4849 4835 4857 -1 4860 4859 4850 -1 4860 4850 4858 -1 4837 4841 4861 -1 4837 4861 4851 -1 4859 4862 4840 -1 4863 4840 4862 -1 4854 4846 4864 -1 4864 4845 4855 -1 4846 4845 4864 -1 4854 2577 2538 -1 4840 4863 4847 -1 4856 4847 4863 -1 4865 4853 4849 -1 4852 4843 4866 -1 4852 4867 4841 -1 4860 4858 4868 -1 4863 4862 4869 -1 4849 4857 4865 -1 4858 4853 4870 -1 4870 4853 4865 -1 4868 4858 4870 -1 4871 4863 4869 -1 4860 4868 4859 -1 4862 4859 4868 -1 4855 4856 4871 -1 4871 4856 4863 -1 4872 4854 4864 -1 4865 4857 4873 -1 4868 4870 4874 -1 4873 4857 4851 -1 4851 4861 4875 -1 4867 4861 4841 -1 4868 4876 4862 -1 4876 4868 4874 -1 3684 4877 4843 -1 4852 4866 4878 -1 4879 4855 4871 -1 4855 4879 4880 -1 4862 4876 4869 -1 4855 4880 4864 -1 4872 4881 4854 -1 4882 4881 4872 -1 4881 2577 4854 -1 4864 4880 4872 -1 4877 4866 4843 -1 4883 4870 4865 -1 4874 4870 4883 -1 4884 4874 4883 -1 4874 4884 4876 -1 3698 4877 3684 -1 4875 4861 4867 -1 4865 4885 4883 -1 4886 4884 4883 -1 4871 4887 4879 -1 4888 4865 4873 -1 4869 4876 4889 -1 4869 4887 4871 -1 4889 4887 4869 -1 4886 4883 4890 -1 4884 4889 4876 -1 4851 4875 4873 -1 4891 4889 4884 -1 4890 4883 4885 -1 4887 4892 4879 -1 4880 4879 4892 -1 4872 4880 4893 -1 4889 4894 4887 -1 4892 4887 4894 -1 4889 4891 4894 -1 4881 4882 4895 -1 4896 2623 2576 -1 2577 4896 2576 -1 4896 4881 4897 -1 2577 4881 4896 -1 4882 4872 4893 -1 2623 4898 2624 -1 3698 3714 4877 -1 4899 4866 4877 -1 4852 4900 4867 -1 4875 4867 4901 -1 4878 4900 4852 -1 4885 4865 4888 -1 4893 4880 4892 -1 4899 4878 4866 -1 4900 4901 4867 -1 4884 4886 4891 -1 4877 3714 4902 -1 4877 4903 4899 -1 4885 4888 4904 -1 4894 4905 4906 -1 4886 4907 4891 -1 4885 4908 4890 -1 4873 4904 4888 -1 4894 4906 4892 -1 4892 4906 4893 -1 4896 4909 2623 -1 4910 4909 4896 -1 4881 4895 4897 -1 4910 4896 4897 -1 2623 4909 4898 -1 2686 4898 4911 -1 2624 4898 2686 -1 4886 4890 4912 -1 4894 4891 4905 -1 4902 3714 3724 -1 4891 4907 4905 -1 4886 4913 4907 -1 4878 4899 4914 -1 4915 4901 4900 -1 4912 4890 4908 -1 3354 4916 4917 -1 4918 3354 4917 -1 3333 4916 3354 -1 3343 3354 4918 -1 4919 4906 4905 -1 4920 4886 4912 -1 4913 4886 4920 -1 4921 4893 4922 -1 4904 4873 4923 -1 4906 4922 4893 -1 4893 4921 4882 -1 2730 2686 4911 -1 4882 4924 4895 -1 4924 4882 4921 -1 4909 4911 4898 -1 4903 4877 4902 -1 4900 4878 4914 -1 4916 3333 3405 -1 4925 4901 4915 -1 4873 4875 4923 -1 4885 4904 4908 -1 3343 4918 4926 -1 3390 3343 4926 -1 4905 4907 4919 -1 4927 4913 4920 -1 3742 4902 3724 -1 4922 4906 4928 -1 4903 4914 4899 -1 4915 4900 4914 -1 4875 4901 4929 -1 4929 4923 4875 -1 4927 4907 4913 -1 4906 4919 4928 -1 4908 4930 4912 -1 4931 4916 3405 -1 4932 4917 4916 -1 4933 4918 4917 -1 4934 4917 4932 -1 4917 4934 4933 -1 4918 4933 4935 -1 4918 4935 4926 -1 4923 4929 4936 -1 4931 4932 4916 -1 4931 3405 3416 -1 4919 4907 4927 -1 4926 4935 4937 -1 4930 4908 4938 -1 4932 4931 4939 -1 4912 4930 4940 -1 3416 4939 4931 -1 4919 4927 4941 -1 4926 4937 4942 -1 3390 4926 4942 -1 3390 4942 3366 -1 4922 4928 4943 -1 4921 4922 4944 -1 4945 4924 4946 -1 4921 4947 4924 -1 4897 4895 4945 -1 4945 4895 4924 -1 4948 4949 4911 -1 4911 4909 4948 -1 4910 4948 4909 -1 4950 4948 4910 -1 2730 4911 4951 -1 4950 4910 4952 -1 4953 2730 4951 -1 4952 4910 4897 -1 4951 4911 4949 -1 4952 4897 4945 -1 4925 4929 4901 -1 4941 4927 4920 -1 4928 4919 4941 -1 4954 4934 4932 -1 4955 4933 4934 -1 4956 4957 4955 -1 4933 4955 4935 -1 4920 4912 4940 -1 4958 4928 4941 -1 4943 4928 4958 -1 3417 3366 4942 -1 4955 4957 4959 -1 4960 4914 4903 -1 4955 4934 4956 -1 4935 4955 4959 -1 4937 4935 4959 -1 2746 2730 4961 -1 2730 4953 4961 -1 4962 4944 4922 -1 4953 4951 4949 -1 4947 4921 4963 -1 4921 4944 4963 -1 4949 4948 4964 -1 4938 4908 4904 -1 4924 4947 4946 -1 4965 4945 4966 -1 4966 4945 4946 -1 4958 4941 4967 -1 4968 4903 4902 -1 4956 4969 4957 -1 4915 4914 4960 -1 4970 4939 3416 -1 4954 4932 4939 -1 3407 4970 3416 -1 4937 4959 4971 -1 4941 4920 4967 -1 3742 4968 4902 -1 4970 3407 3447 -1 4922 4943 4962 -1 4956 4972 4969 -1 4936 4929 4973 -1 4974 4959 4957 -1 4971 4959 4974 -1 4934 4954 4956 -1 4954 4939 4975 -1 4953 4949 4976 -1 4964 4976 4949 -1 4950 4964 4948 -1 4952 4977 4950 -1 4977 4952 4978 -1 4952 4965 4978 -1 4965 4952 4945 -1 4937 4971 4979 -1 4943 4958 4962 -1 4980 4939 4970 -1 4903 4981 4960 -1 4982 4969 4983 -1 4982 4957 4969 -1 4956 4954 4984 -1 4972 4956 4984 -1 4930 4938 4985 -1 4940 4930 4985 -1 4986 4979 4971 -1 4940 4967 4920 -1 4962 4958 4987 -1 4962 4988 4944 -1 4989 4970 3447 -1 4957 4982 4974 -1 4972 4983 4969 -1 4971 4974 4986 -1 4975 4984 4954 -1 4947 4963 4990 -1 4991 4953 4976 -1 4938 4904 4992 -1 4993 4964 4950 -1 4950 4977 4993 -1 4966 4994 4965 -1 4978 4965 4994 -1 4995 4966 4946 -1 4996 4997 4998 -1 4996 4998 4984 -1 4975 4999 4996 -1 4989 4980 4970 -1 4994 4997 4996 -1 4975 4996 4984 -1 5000 4994 4996 -1 5000 4996 4999 -1 4915 4960 5001 -1 4939 4980 5002 -1 4929 4925 5003 -1 4929 5003 4973 -1 5004 3417 4942 -1 5005 4923 4936 -1 4904 4923 5005 -1 5006 4963 4944 -1 5006 4944 4988 -1 4967 5007 4958 -1 4972 4998 4983 -1 4984 4998 4972 -1 4983 5008 4982 -1 4982 5009 5010 -1 4974 4982 5010 -1 5011 4979 4986 -1 4968 3742 5012 -1 4999 5013 5000 -1 2746 4961 5014 -1 2770 2746 5014 -1 4937 4979 5004 -1 3457 5015 3451 -1 5004 4942 4937 -1 4975 4939 5002 -1 4925 4915 5016 -1 5003 4925 5016 -1 4987 4988 4962 -1 4992 4904 5005 -1 4990 4963 5006 -1 4967 4940 5017 -1 5009 5018 5010 -1 4987 4958 5007 -1 4989 5019 4980 -1 4989 3447 3455 -1 5000 4977 4978 -1 5000 4978 4994 -1 4947 4990 4946 -1 5020 4961 4953 -1 5020 4953 4991 -1 4991 4976 5021 -1 4993 5022 4964 -1 4976 5023 5021 -1 4964 5023 4976 -1 4993 4977 5024 -1 4977 5025 5024 -1 4946 5026 4995 -1 4995 5027 4994 -1 4966 4995 4994 -1 4994 5027 4997 -1 5025 4977 5000 -1 5025 5000 5013 -1 2775 5028 3457 -1 5028 5029 3457 -1 4961 5020 5030 -1 5031 5032 5029 -1 4979 5011 5033 -1 5021 5031 5034 -1 5031 5021 5023 -1 5004 4979 5033 -1 3457 5029 5032 -1 5002 4980 5035 -1 5031 5036 5032 -1 5036 5031 5023 -1 4946 4990 5037 -1 5038 5036 5023 -1 5039 5032 5036 -1 5017 4940 4985 -1 5036 5040 5039 -1 5040 5036 5038 -1 5009 5041 5018 -1 3465 3456 5042 -1 5018 5043 5010 -1 5042 3456 3459 -1 4974 5010 5043 -1 5044 4998 4997 -1 2775 2779 5028 -1 4983 4998 5008 -1 4998 5044 5008 -1 4982 5008 5009 -1 4997 5027 5044 -1 5029 5028 5045 -1 4903 4968 4981 -1 4975 5013 4999 -1 5002 5013 4975 -1 5032 5015 3457 -1 4961 5046 5014 -1 5019 4989 5047 -1 5048 4988 5049 -1 3455 5047 4989 -1 5032 5039 5015 -1 5029 5034 5031 -1 5035 4980 5019 -1 3451 5015 3462 -1 4988 5048 5006 -1 5050 3417 5004 -1 5051 5015 5039 -1 5039 5040 5051 -1 5052 5040 5038 -1 3465 5040 5052 -1 5052 3463 3465 -1 5018 5006 5048 -1 5051 3462 5015 -1 3459 3462 5051 -1 5048 5043 5018 -1 5043 5048 5053 -1 5052 3466 3463 -1 5040 3465 5042 -1 5007 4967 5017 -1 3417 5050 3461 -1 4987 5049 4988 -1 5041 5009 5054 -1 5008 5054 5009 -1 5027 4995 5055 -1 5028 2779 2785 -1 5037 5026 4946 -1 5026 5055 4995 -1 4991 5056 5020 -1 4991 5021 5056 -1 5022 5023 4964 -1 5008 5057 5054 -1 5023 5022 5058 -1 2770 5014 5059 -1 2770 5059 2785 -1 5055 5026 5060 -1 5027 5055 5060 -1 4974 5043 4986 -1 5011 4986 5061 -1 5062 5020 5056 -1 5030 5046 4961 -1 3468 5047 3455 -1 4990 5054 5037 -1 5016 4915 5001 -1 4990 5041 5054 -1 5038 5063 5052 -1 5038 5023 5058 -1 5064 5052 5063 -1 4990 5006 5041 -1 5041 5006 5018 -1 3470 5052 5064 -1 5052 3470 3466 -1 5049 5053 5048 -1 3459 5051 5042 -1 5042 5051 5040 -1 3468 3470 5064 -1 5049 4987 5007 -1 3468 5064 5047 -1 5057 5037 5054 -1 5026 5037 5057 -1 5022 4993 5065 -1 5017 5066 5007 -1 5024 5025 5067 -1 5044 5027 5060 -1 5067 5025 5068 -1 5019 5047 5064 -1 3755 5012 3742 -1 5025 5013 5069 -1 5013 5070 5069 -1 5013 5002 5070 -1 5035 5070 5002 -1 5004 5033 5071 -1 5072 5014 5046 -1 5004 5071 5050 -1 5056 5021 5073 -1 5034 5029 5045 -1 5063 5038 5074 -1 5073 5034 5075 -1 5021 5034 5073 -1 5076 5038 5058 -1 4992 5005 5077 -1 4993 5024 5065 -1 5053 5049 5078 -1 5053 5079 5043 -1 5043 5079 4986 -1 5057 5060 5026 -1 5008 5044 5060 -1 4973 5003 5016 -1 5080 5075 5034 -1 4936 4973 5081 -1 5034 5045 5080 -1 5024 5067 5065 -1 5082 4938 4992 -1 5074 5038 5083 -1 4985 5084 5017 -1 5085 5064 5063 -1 5059 5014 5072 -1 5019 5064 5085 -1 5086 5028 2785 -1 3461 5050 5087 -1 5028 5086 5045 -1 3461 5087 3471 -1 5001 4960 5088 -1 5030 5020 5062 -1 5049 5007 5066 -1 5062 5056 5089 -1 5079 5053 5078 -1 5060 5057 5008 -1 5056 5073 5090 -1 5081 5005 4936 -1 5033 5011 5091 -1 5011 5061 5091 -1 5085 5092 5019 -1 5035 5019 5092 -1 5022 5093 5058 -1 5035 5092 5070 -1 5073 5075 5094 -1 5022 5065 5095 -1 5030 5062 5096 -1 5097 5050 5071 -1 5083 5038 5076 -1 2785 5059 5086 -1 5086 5059 5072 -1 5098 5063 5074 -1 5025 5069 5068 -1 4968 5012 5099 -1 4981 4968 5099 -1 5063 5098 5085 -1 4986 5079 5061 -1 5072 5100 5086 -1 5062 5089 5096 -1 4960 4981 5088 -1 5101 5078 5049 -1 5090 5089 5056 -1 5098 5102 5085 -1 5075 5080 5103 -1 5086 5100 5045 -1 5045 5100 5080 -1 5073 5094 5090 -1 5085 5102 5092 -1 5050 5097 5087 -1 5077 5082 4992 -1 5076 5058 5093 -1 5093 5022 5095 -1 4938 5082 4985 -1 5074 5104 5098 -1 5092 5105 5070 -1 5106 5088 4981 -1 5104 5107 5098 -1 5098 5107 5102 -1 5049 5066 5101 -1 5089 5090 5108 -1 5030 5096 5046 -1 5005 5081 5109 -1 5100 5103 5080 -1 5094 5075 5103 -1 5017 5110 5066 -1 5087 4107 3471 -1 5083 5111 5074 -1 5111 5104 5074 -1 5076 5093 5095 -1 5095 5065 5112 -1 5067 5068 5113 -1 5112 5065 5114 -1 5105 5092 5102 -1 5069 5115 5068 -1 5105 5115 5069 -1 5069 5070 5105 -1 5116 5107 5104 -1 5107 5116 5102 -1 5113 5114 5065 -1 5097 5071 5117 -1 5076 5111 5083 -1 5102 5118 5115 -1 5115 5105 5102 -1 5079 5078 5119 -1 5001 5120 5016 -1 5096 5121 5046 -1 5072 5046 5121 -1 5100 5072 5121 -1 5084 4985 5082 -1 5087 5097 5122 -1 5111 5076 5095 -1 5113 5118 5114 -1 3755 5123 5012 -1 5116 5114 5118 -1 5118 5102 5116 -1 5068 5115 5113 -1 5089 5124 5096 -1 5089 5108 5124 -1 5120 5001 5088 -1 5119 5078 5101 -1 5119 5061 5079 -1 4973 5016 5125 -1 5125 5081 4973 -1 5112 5111 5095 -1 5104 5112 5116 -1 5111 5112 5104 -1 5067 5113 5065 -1 5090 5094 5126 -1 5112 5114 5116 -1 5091 5071 5033 -1 5118 5113 5115 -1 5127 5084 5082 -1 5103 5126 5094 -1 5110 5084 5128 -1 5097 5117 5122 -1 5017 5084 5110 -1 5099 5106 4981 -1 5101 5066 5129 -1 5120 5125 5016 -1 5108 5090 5126 -1 5096 5124 5121 -1 5121 5103 5100 -1 5077 5127 5082 -1 5130 5091 5061 -1 5123 5099 5012 -1 5110 5129 5066 -1 5129 5131 5101 -1 5109 5081 5132 -1 5121 5133 5103 -1 5103 5133 5126 -1 5119 5101 5131 -1 5061 5119 5130 -1 5121 5124 5133 -1 5133 5124 5134 -1 5133 5134 5108 -1 5108 5126 5133 -1 5135 5077 5005 -1 5136 5071 5091 -1 5137 5122 5117 -1 4143 4107 5087 -1 5131 5130 5119 -1 5134 5124 5108 -1 5091 5130 5136 -1 5099 5123 5138 -1 5106 5099 5139 -1 5087 5122 4143 -1 5125 5132 5081 -1 5139 5099 5138 -1 5117 5071 5136 -1 5140 5120 5088 -1 5125 5120 5141 -1 4143 5122 5137 -1 5130 5131 5142 -1 5142 5136 5130 -1 5084 5127 5143 -1 5128 5084 5143 -1 5128 5144 5110 -1 5145 4124 4143 -1 5146 5131 5129 -1 5135 5005 5109 -1 4143 5137 5147 -1 5148 5117 5136 -1 5129 5110 5144 -1 4172 4124 5145 -1 5088 5106 5140 -1 5146 5129 5149 -1 5150 5136 5142 -1 5148 5136 5150 -1 3784 5123 3755 -1 5077 5135 5127 -1 5151 5128 5143 -1 5129 5144 5149 -1 5147 5145 4143 -1 5131 5146 5142 -1 5152 5138 5123 -1 5153 5139 5138 -1 5117 5147 5137 -1 5148 5147 5117 -1 5145 5147 5154 -1 5125 5141 5155 -1 5143 5127 5156 -1 5123 3784 5152 -1 4172 5145 4178 -1 4178 5145 5154 -1 5140 5106 5157 -1 5132 5125 5155 -1 5154 5147 5158 -1 5135 5156 5127 -1 5146 5149 5159 -1 5128 5160 5144 -1 5160 5161 5144 -1 5161 5149 5144 -1 5149 5161 5159 -1 5148 5158 5147 -1 5148 5150 5162 -1 5106 5139 5157 -1 5154 5158 5163 -1 5158 5148 5162 -1 5156 5164 5143 -1 5151 5143 5164 -1 5165 4188 4178 -1 4178 5166 5165 -1 5138 5152 5153 -1 5160 5128 5151 -1 5166 4178 5154 -1 5141 5120 5140 -1 5156 5135 5167 -1 5168 5142 5146 -1 5162 5150 5169 -1 5142 5169 5150 -1 5165 4215 4188 -1 5161 5160 5170 -1 5166 5154 5163 -1 5159 5168 5146 -1 5164 5170 5151 -1 5160 5151 5170 -1 5157 5139 5171 -1 5172 5158 5162 -1 5172 5162 5169 -1 5140 5155 5141 -1 5132 5155 5173 -1 5165 5174 4215 -1 5167 5164 5156 -1 5168 5169 5142 -1 5171 5139 5153 -1 5171 5175 5157 -1 5172 5163 5158 -1 5165 5166 5174 -1 5176 5170 5164 -1 5140 5157 5177 -1 5135 5109 5178 -1 5167 5135 5178 -1 5179 5169 5180 -1 5179 5172 5169 -1 5159 5161 5181 -1 5182 5168 5159 -1 5173 5109 5132 -1 5152 3784 3812 -1 5178 5183 5167 -1 5169 5168 5180 -1 5164 5167 5184 -1 5185 4246 4222 -1 4222 4215 5185 -1 5181 5161 5170 -1 5109 5173 5186 -1 5174 5185 4215 -1 5170 5187 5181 -1 5188 5172 5179 -1 5182 5159 5181 -1 5163 5172 5188 -1 5186 5178 5109 -1 5189 5171 5153 -1 5155 5140 5190 -1 5167 5183 5184 -1 5168 5182 5180 -1 5191 5185 5174 -1 5177 5157 5175 -1 5187 5170 5176 -1 5166 5192 5191 -1 5166 5191 5174 -1 5182 5181 5193 -1 5140 5177 5190 -1 5173 5155 5190 -1 5192 5166 5163 -1 5188 5192 5163 -1 5184 5176 5164 -1 5194 5175 5171 -1 5182 5193 5180 -1 5191 5195 5185 -1 5194 5171 5196 -1 4231 4258 5197 -1 5153 5152 5189 -1 5179 5198 5188 -1 5196 5171 5189 -1 5195 4246 5185 -1 5180 5198 5179 -1 4258 4246 5199 -1 5184 5200 5176 -1 4246 5195 5199 -1 5191 5192 5201 -1 5197 4290 4231 -1 5152 3812 5189 -1 5194 5202 5175 -1 5199 5197 4258 -1 5192 5188 5201 -1 5198 5180 5203 -1 5186 5183 5178 -1 5189 3812 5204 -1 5200 5184 5205 -1 5202 5177 5175 -1 5206 4245 4290 -1 5190 5207 5173 -1 5180 5193 5208 -1 5209 5196 5189 -1 4290 5197 5210 -1 5199 5195 5211 -1 5195 5191 5211 -1 5210 5197 5199 -1 4276 4245 5206 -1 5173 5207 5212 -1 5187 5176 5200 -1 5208 5203 5180 -1 5184 5183 5205 -1 5177 5213 5190 -1 5190 5214 5207 -1 5201 5211 5191 -1 5201 5188 5198 -1 5209 5189 5204 -1 5203 5201 5198 -1 5206 4320 4276 -1 5186 5173 5215 -1 3822 5204 3812 -1 5216 5187 5200 -1 5181 5187 5217 -1 5187 5216 5217 -1 5209 5194 5196 -1 5193 5181 5217 -1 5215 5183 5186 -1 5199 5218 5210 -1 5210 5219 4290 -1 5205 5220 5200 -1 5210 5218 5221 -1 4290 5219 5206 -1 5222 5199 5211 -1 5211 5201 5222 -1 5201 5203 5223 -1 5215 5173 5212 -1 5224 5205 5183 -1 5200 5220 5216 -1 5222 5218 5199 -1 5213 5177 5202 -1 5209 5225 5194 -1 5208 5193 5226 -1 5222 5201 5223 -1 5227 5224 5183 -1 5210 5221 5219 -1 5206 5219 5228 -1 5229 5206 5228 -1 5220 5205 5224 -1 5222 5230 5218 -1 5208 5223 5203 -1 4320 5206 5229 -1 5215 5227 5183 -1 5222 5223 5230 -1 5213 5214 5190 -1 5217 5216 5226 -1 5207 5214 5231 -1 5193 5217 5226 -1 5204 3822 3833 -1 4346 4320 5232 -1 5233 5234 5219 -1 5219 5221 5233 -1 5212 5207 5231 -1 5229 5232 4320 -1 5230 5235 5218 -1 5225 5209 5236 -1 5220 5224 5237 -1 5230 5223 5238 -1 5223 5208 5238 -1 5231 5214 5239 -1 5204 3833 5240 -1 5241 5224 5227 -1 5235 5221 5218 -1 5216 5220 5242 -1 5226 5216 5243 -1 5213 5239 5214 -1 5238 5208 5226 -1 5228 5219 5234 -1 5235 5230 5244 -1 5209 5204 5236 -1 5241 5237 5224 -1 5242 5220 5237 -1 5216 5242 5243 -1 5202 5194 5225 -1 5228 5234 5245 -1 5246 5235 5244 -1 5204 5240 5236 -1 5221 5246 5247 -1 5221 5235 5246 -1 5230 5238 5244 -1 5229 5228 5248 -1 5243 5249 5226 -1 5227 5212 5231 -1 5226 5249 5238 -1 5215 5212 5227 -1 5238 5249 5244 -1 5232 5229 5250 -1 4397 4346 5232 -1 5202 5251 5213 -1 5250 5229 5248 -1 5246 5244 5252 -1 5233 5221 5247 -1 5253 5227 5231 -1 5254 5233 5247 -1 5234 5233 5254 -1 5202 5225 5251 -1 5237 5255 5242 -1 5228 5245 5256 -1 5240 3833 3849 -1 5245 5234 5254 -1 5248 5228 5256 -1 5243 5242 5255 -1 5249 5252 5244 -1 5253 5257 5227 -1 5237 5241 5258 -1 5247 5246 5259 -1 5260 5246 5252 -1 4397 5232 4426 -1 5237 5258 5255 -1 5257 5241 5227 -1 5255 5261 5243 -1 5252 5249 5262 -1 5263 5264 5236 -1 5225 5236 5264 -1 5249 5243 5265 -1 5260 5259 5246 -1 5257 5253 5266 -1 5260 5252 5267 -1 5236 5240 5268 -1 5258 5241 5269 -1 5249 5265 5262 -1 5256 5245 5270 -1 5248 5256 5271 -1 5243 5261 5265 -1 5264 5251 5225 -1 5231 5239 5272 -1 5231 5266 5253 -1 5250 5248 5271 -1 4426 5232 5250 -1 5273 5247 5274 -1 5254 5247 5273 -1 5267 5252 5275 -1 5268 5240 3849 -1 5252 5262 5275 -1 5245 5254 5276 -1 5270 5245 5276 -1 5271 5256 5277 -1 5241 5278 5269 -1 5236 5268 5263 -1 5265 5261 5279 -1 5213 5251 5280 -1 5274 5247 5259 -1 5239 5213 5280 -1 5277 5256 5270 -1 5257 5266 5281 -1 5282 5250 5283 -1 5258 5284 5255 -1 5275 5262 5285 -1 5262 5265 5279 -1 5274 5259 5286 -1 5231 5272 5266 -1 5250 5271 5283 -1 5260 5267 5287 -1 4426 5250 5282 -1 5276 5254 5273 -1 5241 5257 5288 -1 5267 5275 5289 -1 5284 5258 5269 -1 5278 5241 5288 -1 5259 5260 5286 -1 5273 5274 5290 -1 5291 5268 3849 -1 5289 5275 5285 -1 5261 5255 5284 -1 5270 5276 5292 -1 5271 5277 5283 -1 5277 5270 5292 -1 5283 5277 5293 -1 5288 5257 5281 -1 5262 5279 5294 -1 5285 5262 5294 -1 5289 5287 5267 -1 5284 5269 5295 -1 5279 5261 5296 -1 5272 5239 5297 -1 4469 4426 5282 -1 5298 5273 5290 -1 5273 5298 5276 -1 5261 5284 5296 -1 5280 5297 5239 -1 5299 5279 5296 -1 5294 5279 5299 -1 5276 5300 5292 -1 5282 5283 5293 -1 5277 5292 5293 -1 5287 5301 5260 -1 5286 5260 5301 -1 5269 5278 5295 -1 5285 5294 5302 -1 5289 5285 5302 -1 5290 5274 5286 -1 4469 5282 5303 -1 5272 5304 5266 -1 5266 5304 5281 -1 3849 3856 5305 -1 5291 3849 5305 -1 5306 5287 5289 -1 5296 5284 5295 -1 5268 5291 5263 -1 5287 5306 5301 -1 5300 5276 5298 -1 5280 5251 5264 -1 5302 5307 5289 -1 5299 5308 5294 -1 5286 5301 5309 -1 5290 5286 5309 -1 5306 5289 5307 -1 5302 5294 5308 -1 5292 5300 5310 -1 5303 5282 5293 -1 5310 5300 5298 -1 5288 5281 5311 -1 5301 5306 5312 -1 5293 5292 5310 -1 5278 5288 5313 -1 5314 5309 5301 -1 5303 4528 4469 -1 5295 5278 5315 -1 5299 5296 5316 -1 5312 5306 5307 -1 3856 3859 5317 -1 5314 5318 5309 -1 5315 5278 5313 -1 5316 5296 5295 -1 5319 5307 5302 -1 5264 5320 5280 -1 5312 5314 5301 -1 5290 5309 5318 -1 5318 5321 5298 -1 5312 5307 5319 -1 5263 5291 5322 -1 5302 5308 5323 -1 5323 5319 5302 -1 5313 5288 5311 -1 5317 3859 3870 -1 5298 5290 5318 -1 5305 3856 5317 -1 5298 5321 5310 -1 5308 5299 5316 -1 5303 5293 5324 -1 5325 5291 5305 -1 5320 5264 5326 -1 5280 5327 5297 -1 5272 5297 5304 -1 5324 5293 5310 -1 5314 5312 5328 -1 5329 5295 5315 -1 5295 5329 5316 -1 5326 5264 5263 -1 5310 5321 5330 -1 5331 5323 5308 -1 5332 5281 5304 -1 5312 5319 5333 -1 5328 5312 5333 -1 4528 5303 4583 -1 5322 5291 5325 -1 5326 5263 5322 -1 5334 5323 5331 -1 5323 5334 5319 -1 5308 5316 5331 -1 5320 5327 5280 -1 5333 5319 5335 -1 5297 5327 5304 -1 5336 5316 5337 -1 5330 5321 5338 -1 5316 5329 5337 -1 5303 5324 4583 -1 5319 5334 5335 -1 5325 5305 5317 -1 5332 5304 5339 -1 5317 3870 5340 -1 5331 5316 5341 -1 5324 5310 5330 -1 5318 5314 5328 -1 5341 5316 5336 -1 5327 5320 5339 -1 5304 5327 5339 -1 5335 5334 5342 -1 3864 5340 3870 -1 5325 5317 5343 -1 5328 5333 5344 -1 5345 5321 5318 -1 5311 5346 5313 -1 5334 5331 5347 -1 5348 5324 5330 -1 5324 5349 4583 -1 5335 5342 5344 -1 5348 5349 5324 -1 5326 5322 5325 -1 5333 5335 5344 -1 5334 5347 5342 -1 5321 5345 5338 -1 5318 5328 5345 -1 5331 5341 5350 -1 5332 5311 5281 -1 5317 5340 5351 -1 5315 5313 5352 -1 5313 5346 5352 -1 5337 5329 5353 -1 5347 5331 5354 -1 5342 5347 5355 -1 5344 5342 5355 -1 5347 5354 5355 -1 5326 5356 5320 -1 5336 5337 5353 -1 5340 3864 3890 -1 5354 5331 5350 -1 5328 5344 5357 -1 5346 5311 5358 -1 5329 5315 5359 -1 5326 5325 5360 -1 5329 5359 5353 -1 5356 5339 5320 -1 5358 5311 5332 -1 5336 5361 5341 -1 5328 5357 5345 -1 5348 5330 5362 -1 5325 5343 5360 -1 4583 5349 4589 -1 5341 5361 5350 -1 5351 5340 3890 -1 5357 5344 5363 -1 5330 5338 5362 -1 5344 5355 5363 -1 5317 5364 5343 -1 5315 5352 5359 -1 5354 5350 5365 -1 5364 5317 5351 -1 5332 5339 5358 -1 5366 5345 5357 -1 5354 5365 5367 -1 5355 5354 5367 -1 5356 5326 5360 -1 5346 5358 5368 -1 5346 5368 5369 -1 5346 5369 5352 -1 5366 5370 5345 -1 5355 5367 5363 -1 5371 5359 5352 -1 5359 5371 5353 -1 5336 5353 5371 -1 5345 5370 5338 -1 5361 5336 5372 -1 5358 5339 5373 -1 5374 5358 5373 -1 5357 5363 5366 -1 5349 5348 5375 -1 4589 5349 5375 -1 5376 4582 4589 -1 5360 5343 5377 -1 5378 5371 5352 -1 5372 5336 5371 -1 5356 5373 5339 -1 5351 3890 5379 -1 5368 5358 5374 -1 5343 5364 5377 -1 5364 5351 5380 -1 5362 5338 5370 -1 5378 5352 5381 -1 5365 5350 5382 -1 5380 5351 5379 -1 5370 5383 5362 -1 4601 4582 5376 -1 5376 4589 5375 -1 5350 5361 5372 -1 4601 5376 4634 -1 5363 5367 5384 -1 5356 5385 5373 -1 5382 5350 5372 -1 5385 5374 5373 -1 5362 5383 5386 -1 5370 5366 5387 -1 5381 5352 5369 -1 5362 5386 5348 -1 5386 5375 5348 -1 5388 5379 3890 -1 5389 5377 5364 -1 5360 5377 5390 -1 5388 3890 3896 -1 5363 5384 5391 -1 5366 5363 5391 -1 5391 5392 5366 -1 5375 5386 5393 -1 5365 5382 5394 -1 5367 5365 5394 -1 5368 5374 5395 -1 5386 5383 5396 -1 5387 5366 5392 -1 5383 5370 5387 -1 5376 5375 5393 -1 5367 5394 5384 -1 5396 5383 5387 -1 5371 5378 5372 -1 5397 5360 5390 -1 5356 5360 5397 -1 5391 5384 5398 -1 5374 5385 5395 -1 5389 5364 5380 -1 5394 5382 5399 -1 5386 5396 5400 -1 5382 5372 5399 -1 5390 5377 5401 -1 5369 5368 5402 -1 5399 5372 5403 -1 4634 5376 4660 -1 5368 5395 5402 -1 5369 5402 5404 -1 5400 5393 5386 -1 5398 5384 5394 -1 4660 5376 4672 -1 5380 5379 5405 -1 5397 5385 5356 -1 5372 5378 5403 -1 5381 5369 5406 -1 5406 5369 5404 -1 5379 5388 5405 -1 5378 5381 5407 -1 5408 5389 5380 -1 5409 5395 5385 -1 5377 5389 5401 -1 5410 5404 5402 -1 5387 5392 5411 -1 5391 5412 5392 -1 5401 5389 5408 -1 5391 5398 5413 -1 5396 5387 5411 -1 4672 5376 5414 -1 5393 5414 5376 -1 5398 5394 5413 -1 5399 5403 5415 -1 5393 5400 5414 -1 4672 5414 5416 -1 5404 5410 5417 -1 5394 5399 5413 -1 5406 5404 5418 -1 5407 5381 5406 -1 5385 5397 5409 -1 5412 5391 5413 -1 5411 5392 5412 -1 5414 5400 5419 -1 5420 5400 5396 -1 5418 5404 5417 -1 5402 5395 5421 -1 5403 5378 5407 -1 4672 5416 4691 -1 5395 5409 5421 -1 5410 5402 5421 -1 5380 5405 5422 -1 5401 5423 5390 -1 5397 5390 5423 -1 5416 5414 5419 -1 5419 5400 5424 -1 5420 5396 5411 -1 5400 5420 5424 -1 5408 5380 5422 -1 4711 4691 5416 -1 5416 5419 5425 -1 5426 5399 5415 -1 5413 5399 5426 -1 5412 5413 5427 -1 5424 5420 5428 -1 5420 5411 5429 -1 5430 5412 5427 -1 5411 5412 5429 -1 5431 5397 5423 -1 5409 5397 5431 -1 5409 5431 5432 -1 5425 5419 5424 -1 5413 5426 5427 -1 4723 4711 5416 -1 5416 5425 5433 -1 5429 5412 5430 -1 5433 4723 5416 -1 5403 5407 5415 -1 5401 5434 5423 -1 5428 5420 5429 -1 5409 5432 5421 -1 5425 5424 5435 -1 5410 5436 5417 -1 5407 5406 5437 -1 4723 5433 4736 -1 5431 5423 5438 -1 5432 5436 5421 -1 5410 5421 5436 -1 5435 5424 5428 -1 5436 5432 5439 -1 5426 5415 5440 -1 5415 5407 5440 -1 5406 5418 5441 -1 5442 5423 5434 -1 5433 5425 5435 -1 5430 5427 5443 -1 5437 5406 5441 -1 5418 5417 5444 -1 5429 5445 5428 -1 5446 5428 5445 -1 5438 5423 5442 -1 5429 5430 5445 -1 5444 5417 5436 -1 4736 5433 5447 -1 5433 5435 5447 -1 5427 5426 5448 -1 5438 5432 5431 -1 5441 5418 5444 -1 5449 5428 5446 -1 5430 5443 5450 -1 5428 5449 5435 -1 4760 4736 5447 -1 5446 5445 5451 -1 5435 5449 5447 -1 5452 5430 5450 -1 5449 5446 5451 -1 5426 5440 5448 -1 5439 5432 5438 -1 5443 5427 5453 -1 5445 5430 5452 -1 5440 5407 5454 -1 5455 5437 5441 -1 5444 5436 5456 -1 5453 5457 5443 -1 5436 5439 5456 -1 5407 5437 5454 -1 5458 5451 5445 -1 5450 5443 5457 -1 5427 5448 5453 -1 5458 5445 5452 -1 5437 5455 5454 -1 5459 3559 2302 -1 5459 2302 5460 -1 2302 2340 5460 -1 3559 5461 3561 -1 3561 5461 3568 -1 5461 3559 5459 -1 3568 5461 3597 -1 2340 5462 5460 -1 2322 5463 2336 -1 5462 2340 2336 -1 2322 2342 5463 -1 5461 5459 5464 -1 5459 5460 5464 -1 5463 2342 5465 -1 3597 5461 5466 -1 5464 5460 5467 -1 5466 5461 5464 -1 5462 2336 5468 -1 5463 5469 2336 -1 5467 5460 5462 -1 5465 2342 2409 -1 5463 5465 5469 -1 5469 5468 2336 -1 5467 5462 5470 -1 5462 5468 5470 -1 5468 5469 5471 -1 5471 5469 5472 -1 5473 5468 5471 -1 5472 5469 5465 -1 3597 5466 3639 -1 5474 5467 5470 -1 5475 5464 5467 -1 5468 5473 5470 -1 5465 2409 5476 -1 5475 5467 5474 -1 3616 3639 5477 -1 5466 5464 5475 -1 3636 3616 5477 -1 5465 5478 5472 -1 5479 3608 3636 -1 5476 2409 2407 -1 3608 5479 3645 -1 5473 5474 5470 -1 5465 5476 5478 -1 5476 2407 2462 -1 5478 5476 5480 -1 5479 3662 3645 -1 3639 5466 5481 -1 5482 5471 5472 -1 5480 5476 2462 -1 5483 5466 5475 -1 5481 5466 5483 -1 5479 3636 5484 -1 5473 5471 5482 -1 5477 3639 5481 -1 5485 5472 5478 -1 3662 5479 5484 -1 5478 5480 5486 -1 5487 3636 5477 -1 5488 3656 3662 -1 3663 3656 5488 -1 5474 5489 5475 -1 5480 2462 5490 -1 5491 5477 5481 -1 2462 2448 5490 -1 5484 3636 5487 -1 5485 5478 5486 -1 5487 5477 5491 -1 3687 3663 5488 -1 5490 5492 5480 -1 5474 5473 5493 -1 5493 5473 5482 -1 5481 5483 5494 -1 5491 5481 5494 -1 5490 2448 2451 -1 5495 5487 5491 -1 5480 5492 5486 -1 5474 5493 5489 -1 2520 5490 2451 -1 5488 3662 5484 -1 5493 5482 5496 -1 5472 5485 5497 -1 5497 5485 5498 -1 5490 2520 5499 -1 5475 5489 5483 -1 5482 5472 5497 -1 5493 5500 5489 -1 5483 5489 5501 -1 5487 5495 5484 -1 5486 5502 5485 -1 5503 5484 5495 -1 5498 5485 5502 -1 5500 5501 5489 -1 5488 5484 5504 -1 5504 5484 5503 -1 5496 5482 5505 -1 5486 5492 5506 -1 5490 5499 5492 -1 5507 5488 5504 -1 3687 5488 5507 -1 5482 5497 5505 -1 5483 5501 5494 -1 5491 5494 5495 -1 2520 5508 5499 -1 5505 5497 5498 -1 5502 5486 5506 -1 5508 2520 2559 -1 5500 5509 5501 -1 5498 5502 5510 -1 5500 5493 5511 -1 5511 5493 5496 -1 5495 5494 5512 -1 5492 5513 5506 -1 5514 5501 5509 -1 5494 5501 5514 -1 5495 5512 5503 -1 3687 5507 3704 -1 5496 5505 5515 -1 5503 5516 5504 -1 5499 5517 5492 -1 5511 5496 5515 -1 5510 5502 5518 -1 5512 5516 5503 -1 5517 5513 5492 -1 5507 5504 5519 -1 5500 5511 5509 -1 5518 5502 5506 -1 5499 5508 5520 -1 5508 2559 5521 -1 5522 5494 5514 -1 5516 5519 5504 -1 3704 5507 5523 -1 5524 5505 5498 -1 5512 5525 5516 -1 5521 5520 5508 -1 5509 5526 5527 -1 5512 5494 5522 -1 5517 5499 5520 -1 5509 5511 5526 -1 5507 5519 5523 -1 3703 3704 5528 -1 5515 5505 5524 -1 5529 5512 5522 -1 5510 5524 5498 -1 5526 5511 5515 -1 3704 5523 5530 -1 5528 3704 5530 -1 5525 5519 5516 -1 3720 3703 5528 -1 5526 5515 5531 -1 5515 5524 5531 -1 5532 5514 5527 -1 5514 5509 5527 -1 5533 5519 5525 -1 5529 5525 5512 -1 2658 5521 2559 -1 5534 5524 5510 -1 5535 5518 5536 -1 5518 5506 5536 -1 5523 5519 5533 -1 5513 5517 5537 -1 5524 5534 5531 -1 5510 5518 5535 -1 5522 5514 5532 -1 5526 5531 5538 -1 5536 5506 5513 -1 5510 5535 5539 -1 5529 5522 5540 -1 5541 5525 5529 -1 5536 5513 5537 -1 5535 5536 5542 -1 5527 5526 5543 -1 5540 5522 5532 -1 5526 5538 5543 -1 5533 5525 5541 -1 3720 5528 5544 -1 5544 3739 3720 -1 5531 5534 5545 -1 5534 5510 5539 -1 5539 5535 5542 -1 5542 5536 5546 -1 5530 5523 5547 -1 5530 5548 5528 -1 5520 5521 5549 -1 5547 5523 5533 -1 5548 5530 5547 -1 5546 5536 5537 -1 5534 5550 5545 -1 5550 5534 5539 -1 5538 5531 5545 -1 5549 5521 5551 -1 5521 2658 5552 -1 5547 5533 5553 -1 5548 5547 5554 -1 5544 5528 5548 -1 5541 5529 5555 -1 5539 5542 5556 -1 5552 5551 5521 -1 5557 5552 2658 -1 2658 2752 5557 -1 5517 5520 5558 -1 2739 5557 2752 -1 5527 5543 5559 -1 5533 5541 5560 -1 5560 5553 5533 -1 5532 5527 5561 -1 5529 5540 5562 -1 5529 5562 5555 -1 5517 5558 5537 -1 5527 5559 5561 -1 5541 5555 5560 -1 5544 3749 3739 -1 5558 5520 5549 -1 5538 5545 5563 -1 5550 5563 5545 -1 5553 5554 5547 -1 5563 5550 5564 -1 5553 5560 5565 -1 3749 5544 5566 -1 5567 5551 5552 -1 5540 5532 5562 -1 5546 5556 5542 -1 5543 5568 5559 -1 5532 5561 5569 -1 5562 5532 5569 -1 5558 5570 5537 -1 5556 5550 5539 -1 5558 5549 5571 -1 5572 5571 5549 -1 5551 5572 5549 -1 5567 5572 5551 -1 5560 5555 5565 -1 5566 3760 3749 -1 5543 5538 5573 -1 2781 5557 2739 -1 5538 5563 5573 -1 5546 5537 5570 -1 5574 5567 5552 -1 5558 5575 5570 -1 5543 5573 5568 -1 5555 5562 5576 -1 5577 5544 5548 -1 5558 5571 5575 -1 5550 5578 5564 -1 5550 5556 5578 -1 2781 5579 5557 -1 5580 5553 5565 -1 5562 5569 5576 -1 5554 5581 5548 -1 5581 5577 5548 -1 5567 5582 5572 -1 5579 5552 5557 -1 5559 5583 5561 -1 5554 5553 5580 -1 5544 5577 5566 -1 5584 5564 5578 -1 5546 5570 5585 -1 5556 5546 5586 -1 5559 5568 5583 -1 5587 5565 5555 -1 5580 5565 5587 -1 5585 5570 5588 -1 5552 5579 5574 -1 5576 5589 5555 -1 5568 5573 5590 -1 5582 5567 5591 -1 5569 5561 5592 -1 5592 5561 5583 -1 5573 5563 5593 -1 3760 5566 5594 -1 5578 5556 5584 -1 5573 5593 5590 -1 5593 5563 5564 -1 5564 5584 5595 -1 5582 5596 5572 -1 5591 5567 5574 -1 5583 5568 5590 -1 5574 5579 5597 -1 5579 2781 2793 -1 5594 5566 5577 -1 3782 3760 5594 -1 5584 5556 5586 -1 5586 5546 5585 -1 5571 5572 5596 -1 5589 5587 5555 -1 5575 5588 5570 -1 5592 5583 5598 -1 5590 5599 5583 -1 5600 5554 5580 -1 5579 2793 5597 -1 5584 5586 5601 -1 5602 5585 5588 -1 5575 5571 5603 -1 5591 5596 5582 -1 5589 5576 5604 -1 5593 5564 5595 -1 5589 5605 5587 -1 5595 5584 5601 -1 2793 2794 5606 -1 5601 5586 5585 -1 5599 5598 5583 -1 5604 5576 5607 -1 5600 5580 5587 -1 5581 5554 5600 -1 5594 5577 5608 -1 5608 3792 5594 -1 5589 5604 5605 -1 5600 5587 5605 -1 5597 2793 5606 -1 5593 5595 5609 -1 5581 5608 5577 -1 5599 5590 5610 -1 5576 5569 5607 -1 5611 5591 5574 -1 5611 5574 5597 -1 5590 5593 5609 -1 3782 5594 3792 -1 5607 5569 5592 -1 5612 5595 5601 -1 5601 5585 5613 -1 5614 5606 2794 -1 3792 5608 5615 -1 5585 5602 5613 -1 5603 5571 5596 -1 5602 5588 5616 -1 5611 5617 5591 -1 5604 5607 5618 -1 5619 5608 5581 -1 5588 5575 5620 -1 5621 5614 2794 -1 2796 5621 2794 -1 5590 5609 5610 -1 3792 5615 5622 -1 5603 5620 5575 -1 5592 5598 5623 -1 5624 5581 5600 -1 5596 5591 5617 -1 5609 5595 5625 -1 5598 5599 5626 -1 5627 5618 5607 -1 5601 5628 5612 -1 5605 5624 5600 -1 5624 5619 5581 -1 5608 5619 5629 -1 5602 5616 5613 -1 5596 5630 5603 -1 5627 5592 5623 -1 5607 5592 5627 -1 5605 5604 5631 -1 5610 5609 5632 -1 3792 5622 3791 -1 5615 5608 5629 -1 5626 5599 5610 -1 5624 5605 5633 -1 5634 5596 5617 -1 5635 5601 5613 -1 5628 5601 5635 -1 5625 5595 5612 -1 5604 5618 5631 -1 3791 5622 5636 -1 5606 5637 5597 -1 5621 2796 4225 -1 5623 5598 5626 -1 5621 5638 5614 -1 5639 5633 5631 -1 5633 5605 5631 -1 5629 5619 5624 -1 5625 5632 5609 -1 5620 5603 5630 -1 5613 5616 5640 -1 5627 5623 5641 -1 5620 5642 5588 -1 5622 5615 5643 -1 5635 5613 5640 -1 3800 3791 5636 -1 5643 5615 5629 -1 5616 5588 5642 -1 5625 5612 5644 -1 5644 5612 5628 -1 5632 5625 5644 -1 5614 5638 5606 -1 5642 5645 5616 -1 5633 5646 5624 -1 5632 5626 5610 -1 5623 5626 5641 -1 5597 5637 5647 -1 5620 5630 5648 -1 5611 5597 5647 -1 5646 5649 5624 -1 5639 5631 5650 -1 5638 5621 5651 -1 5651 5621 4225 -1 5629 5624 5649 -1 5636 5622 5643 -1 5640 5616 5645 -1 5642 5620 5652 -1 5634 5648 5630 -1 5627 5653 5618 -1 5618 5650 5631 -1 5637 5606 5638 -1 5629 5649 5654 -1 5596 5634 5630 -1 5655 5626 5632 -1 5656 5634 5617 -1 3800 5636 3821 -1 5648 5634 5657 -1 5611 5658 5617 -1 5646 5633 5639 -1 5637 5638 5659 -1 5660 5651 4225 -1 5660 4225 4266 -1 5632 5644 5661 -1 5636 5643 3821 -1 5640 5645 5662 -1 5653 5650 5618 -1 5647 5637 5663 -1 5654 5649 5664 -1 5665 5626 5655 -1 5641 5626 5666 -1 5652 5620 5648 -1 5667 5661 5644 -1 5644 5628 5667 -1 5661 5655 5632 -1 5643 5629 5654 -1 5654 5668 5643 -1 5628 5635 5669 -1 5656 5657 5634 -1 5658 5670 5617 -1 5639 5671 5646 -1 5659 5663 5637 -1 5650 5672 5639 -1 5635 5640 5673 -1 5674 3821 5643 -1 5656 5617 5670 -1 5646 5671 5675 -1 5675 5664 5646 -1 5649 5646 5664 -1 5611 5647 5658 -1 5628 5669 5667 -1 5638 5676 5659 -1 5660 4266 4314 -1 5668 5654 5677 -1 5626 5665 5666 -1 5642 5678 5645 -1 5638 5651 5676 -1 3821 5674 3827 -1 5666 5679 5641 -1 5641 5653 5627 -1 5650 5653 5680 -1 5664 5681 5654 -1 5662 5645 5678 -1 5640 5662 5673 -1 5655 5661 5682 -1 5655 5682 5665 -1 5673 5669 5635 -1 5671 5639 5672 -1 5683 5650 5680 -1 5672 5650 5683 -1 5668 5674 5643 -1 5648 5684 5652 -1 5648 5657 5685 -1 5686 5642 5652 -1 5658 5647 5663 -1 5687 5653 5641 -1 5676 5663 5659 -1 5676 5651 5660 -1 5681 5677 5654 -1 5667 5682 5661 -1 5686 5652 5684 -1 5685 5684 5648 -1 5660 4314 5688 -1 5665 5689 5666 -1 5686 5690 5642 -1 5679 5666 5689 -1 5685 5657 5656 -1 5658 5663 5670 -1 5676 5660 5688 -1 5669 5673 5691 -1 5656 5692 5685 -1 5693 5681 5664 -1 5678 5642 5690 -1 5679 5687 5641 -1 5662 5678 5694 -1 3826 3827 5695 -1 5683 5696 5672 -1 5671 5672 5696 -1 5675 5697 5664 -1 5698 5674 5668 -1 5677 5681 5693 -1 5674 5698 3827 -1 5698 5695 3827 -1 5673 5694 5691 -1 5673 5662 5694 -1 5696 5683 5699 -1 5670 5692 5656 -1 5696 5675 5671 -1 5700 5653 5687 -1 5682 5667 5701 -1 5667 5669 5691 -1 5688 4314 5702 -1 4314 4334 5702 -1 5668 5677 5698 -1 5689 5665 5703 -1 5704 5670 5663 -1 5680 5653 5700 -1 5663 5676 5705 -1 5705 5676 5688 -1 5680 5706 5683 -1 5701 5665 5682 -1 5707 5699 5683 -1 5693 5664 5697 -1 5708 5667 5691 -1 5701 5667 5708 -1 5709 5690 5686 -1 3845 3826 5695 -1 5706 5707 5683 -1 5665 5701 5703 -1 5694 5678 5710 -1 4353 5702 4334 -1 5706 5680 5700 -1 5711 5663 5705 -1 5684 5685 5712 -1 5696 5699 5675 -1 5713 5697 5675 -1 5714 5684 5712 -1 5692 5712 5685 -1 5715 5670 5704 -1 5699 5713 5675 -1 5686 5684 5709 -1 5693 5697 5716 -1 5695 5698 5717 -1 5689 5703 5718 -1 5677 5719 5698 -1 5678 5690 5710 -1 5720 5710 5690 -1 5715 5692 5670 -1 5687 5721 5700 -1 5705 5688 5722 -1 5695 5717 5723 -1 5687 5679 5724 -1 5702 4353 4443 -1 5709 5720 5690 -1 5714 5709 5684 -1 5693 5716 5725 -1 5702 5722 5688 -1 5719 5677 5725 -1 5710 5726 5694 -1 5723 3845 5695 -1 5704 5663 5711 -1 5706 5727 5707 -1 5699 5707 5727 -1 5717 5698 5719 -1 5677 5693 5725 -1 5728 5702 4443 -1 5679 5689 5724 -1 5706 5700 5721 -1 5691 5694 5726 -1 5724 5721 5687 -1 5716 5697 5713 -1 5703 5701 5729 -1 5730 5711 5705 -1 5712 5692 5715 -1 5731 5699 5727 -1 5713 5699 5732 -1 5717 5719 5733 -1 3845 5723 5734 -1 5720 5709 5735 -1 5708 5691 5736 -1 5699 5731 5732 -1 5706 5737 5727 -1 5728 5738 5702 -1 5689 5718 5724 -1 5739 5724 5718 -1 5716 5713 5732 -1 5740 5709 5714 -1 5731 5727 5741 -1 5733 5723 5717 -1 5718 5703 5742 -1 5739 5718 5742 -1 5743 5734 5723 -1 5719 5725 5744 -1 5728 4443 4452 -1 5734 3857 3845 -1 5703 5729 5742 -1 5708 5729 5701 -1 5691 5726 5736 -1 5745 5721 5724 -1 5726 5710 5746 -1 5721 5737 5706 -1 5705 5722 5747 -1 5722 5702 5738 -1 5710 5720 5746 -1 5739 5748 5724 -1 5733 5719 5744 -1 5740 5735 5709 -1 5704 5749 5715 -1 5723 5733 5743 -1 5725 5716 5750 -1 5746 5720 5735 -1 5743 5751 5734 -1 5752 5735 5740 -1 5730 5705 5747 -1 5729 5753 5742 -1 5747 5722 5738 -1 5732 5731 5754 -1 5745 5724 5748 -1 5704 5711 5730 -1 5727 5737 5741 -1 5729 5708 5755 -1 5756 5732 5754 -1 5716 5732 5756 -1 5716 5756 5750 -1 5744 5725 5750 -1 5754 5731 5757 -1 3857 5734 5751 -1 5751 3871 3857 -1 5737 5721 5745 -1 5714 5712 5758 -1 5729 5755 5753 -1 5749 5758 5715 -1 5704 5730 5749 -1 5731 5741 5759 -1 5736 5726 5760 -1 5733 5744 5761 -1 5735 5752 5746 -1 5758 5740 5714 -1 5708 5736 5762 -1 5742 5763 5739 -1 5743 5733 5761 -1 5757 5731 5759 -1 5763 5742 5764 -1 5748 5739 5763 -1 4452 4506 5728 -1 5765 5749 5730 -1 5765 5730 5747 -1 5742 5753 5764 -1 5745 5748 5766 -1 5712 5715 5758 -1 5755 5708 5762 -1 5761 5767 5743 -1 5766 5748 5763 -1 5740 5768 5752 -1 5737 5745 5769 -1 5737 5769 5741 -1 5756 5754 5770 -1 5760 5726 5771 -1 5726 5746 5771 -1 5752 5771 5746 -1 5743 5772 5751 -1 3871 5751 5773 -1 5755 5762 5774 -1 5756 5775 5750 -1 5744 5750 5776 -1 5740 5758 5768 -1 5777 5754 5757 -1 5753 5755 5778 -1 5747 5738 5779 -1 5770 5754 5777 -1 5780 5736 5760 -1 5761 5744 5776 -1 5780 5762 5736 -1 5741 5781 5759 -1 5782 5758 5749 -1 5767 5772 5743 -1 5756 5770 5775 -1 5768 5783 5752 -1 5768 5758 5784 -1 5762 5780 5774 -1 5782 5749 5765 -1 5755 5774 5778 -1 5776 5767 5761 -1 5738 5728 5779 -1 5759 5785 5757 -1 5750 5775 5776 -1 5745 5766 5769 -1 5782 5784 5758 -1 3871 5773 3875 -1 5764 5753 5786 -1 5760 5771 5787 -1 5771 5752 5783 -1 5751 5772 5773 -1 5788 5777 5757 -1 5770 5777 5789 -1 5775 5770 5790 -1 5781 5741 5769 -1 5768 5784 5791 -1 5759 5781 5785 -1 5772 5792 5773 -1 5769 5766 5793 -1 5775 5794 5776 -1 5795 5777 5788 -1 5789 5777 5795 -1 5765 5747 5796 -1 5797 5778 5774 -1 5757 5785 5788 -1 5783 5787 5771 -1 5781 5769 5798 -1 5799 5764 5786 -1 5764 5799 5763 -1 5753 5778 5786 -1 5785 5781 5800 -1 5796 5747 5779 -1 5783 5768 5801 -1 5801 5768 5791 -1 5792 5772 5802 -1 3875 5773 3885 -1 5772 5767 5802 -1 5773 5792 3885 -1 5775 5790 5794 -1 5800 5781 5803 -1 5767 5776 5794 -1 5784 5782 5804 -1 5787 5783 5805 -1 5793 5806 5769 -1 5782 5765 5804 -1 5786 5778 5797 -1 5807 5800 5803 -1 5788 5785 5800 -1 5796 5779 5808 -1 5783 5801 5805 -1 5769 5806 5798 -1 5766 5809 5793 -1 5810 5794 5790 -1 5804 5791 5784 -1 5803 5781 5798 -1 5765 5796 5804 -1 5763 5809 5766 -1 5790 5770 5789 -1 5797 5774 5811 -1 5807 5803 5812 -1 5780 5760 5813 -1 5760 5787 5813 -1 5799 5809 5763 -1 5814 5789 5795 -1 5790 5789 5814 -1 5799 5786 5815 -1 5780 5816 5774 -1 5817 5803 5798 -1 5802 5767 5794 -1 5805 5801 5818 -1 5791 5818 5801 -1 5786 5797 5811 -1 5786 5811 5815 -1 5819 3885 5792 -1 5774 5816 5811 -1 5809 5799 5815 -1 3887 3885 5820 -1 5791 5804 5821 -1 3893 3887 5820 -1 5817 5812 5803 -1 5788 5800 5822 -1 5823 5792 5802 -1 5806 5793 5824 -1 5805 5813 5787 -1 5822 5800 5807 -1 5793 5825 5824 -1 5819 5792 5823 -1 5814 5795 5788 -1 5813 5805 5826 -1 5818 5826 5805 -1 5822 5827 5788 -1 5793 5809 5825 -1 5810 5790 5814 -1 5820 3885 5819 -1 5828 5811 5816 -1 5829 5804 5796 -1 5822 5807 5830 -1 5825 5809 5815 -1 5802 5794 5831 -1 5831 5794 5810 -1 5814 5788 5827 -1 5817 5798 5832 -1 5816 5780 5833 -1 5813 5826 5834 -1 5835 5825 5815 -1 5791 5836 5818 -1 5823 5802 5837 -1 5811 5838 5815 -1 5838 5811 5828 -1 5821 5836 5791 -1 5798 5806 5832 -1 5812 5817 5832 -1 5780 5813 5833 -1 5814 5827 5839 -1 5802 5831 5840 -1 5841 5819 5823 -1 5820 5819 5841 -1 5828 5816 5833 -1 3893 5820 5842 -1 5832 5806 5843 -1 5807 5812 5844 -1 5844 5830 5807 -1 5835 5845 5825 -1 5839 5827 5822 -1 5840 5837 5802 -1 5815 5838 5835 -1 5820 5841 5842 -1 5810 5814 5839 -1 5845 5824 5825 -1 5832 5846 5812 -1 5844 5812 5846 -1 5843 5806 5824 -1 3893 5842 3897 -1 5839 5822 5830 -1 5804 5829 5821 -1 5840 5831 5847 -1 5848 5826 5818 -1 5818 5836 5848 -1 5849 5831 5810 -1 5832 5850 5846 -1 5834 5833 5813 -1 5850 5832 5843 -1 5851 5834 5826 -1 5837 5840 5852 -1 5824 5853 5843 -1 5824 5845 5853 -1 5854 5838 5828 -1 5842 5841 5855 -1 5836 5821 5856 -1 3897 5842 5857 -1 5821 5829 5858 -1 5839 5830 5859 -1 5837 5841 5823 -1 5835 5838 5860 -1 5856 5848 5836 -1 5844 5861 5830 -1 5847 5852 5840 -1 5828 5833 5862 -1 5810 5839 5849 -1 5841 5837 5863 -1 5864 5855 5841 -1 5847 5831 5849 -1 5842 5855 5857 -1 3897 5857 3903 -1 5844 5846 5861 -1 5850 5843 5865 -1 5856 5821 5858 -1 5866 5857 5855 -1 5859 5830 5861 -1 5863 5837 5852 -1 5849 5839 5867 -1 5841 5863 5864 -1 5846 5868 5861 -1 5834 5851 5869 -1 5845 5870 5853 -1 5870 5845 5835 -1 5833 5834 5869 -1 5864 5866 5855 -1 5846 5850 5868 -1 5826 5848 5851 -1 5852 5847 5871 -1 5865 5843 5853 -1 5833 5869 5862 -1 5835 5860 5872 -1 5860 5838 5854 -1 5839 5859 5873 -1 5839 5873 5867 -1 5874 5848 5856 -1 5856 5858 5875 -1 5876 5851 5848 -1 5852 5877 5863 -1 5865 5853 5870 -1 5849 5871 5847 -1 5878 5871 5849 -1 5879 5851 5876 -1 5879 5869 5851 -1 5874 5856 5875 -1 5867 5878 5849 -1 5876 5848 5874 -1 5870 5880 5865 -1 5859 5861 5873 -1 5877 5852 5871 -1 5867 5873 5881 -1 5862 5869 5882 -1 5835 5872 5870 -1 5883 5869 5879 -1 5877 5884 5863 -1 5885 5865 5880 -1 5864 5863 5884 -1 5850 5886 5868 -1 5887 5861 5888 -1 5889 5828 5862 -1 5873 5861 5887 -1 5878 5867 5881 -1 5869 5883 5882 -1 5886 5850 5865 -1 5868 5888 5861 -1 5888 5868 5886 -1 5854 5828 5889 -1 5887 5881 5873 -1 5878 5881 5890 -1 5890 5891 5878 -1 5872 5860 5892 -1 5870 5872 5880 -1 5887 5893 5881 -1 5891 5871 5878 -1 5894 5871 5891 -1 5877 5871 5894 -1 5895 5865 5885 -1 5886 5865 5895 -1 5892 5860 5854 -1 5876 5896 5879 -1 5883 5879 5896 -1 5895 5885 5897 -1 5854 5889 5898 -1 5890 5881 5893 -1 5889 5862 5882 -1 5882 5883 5899 -1 5900 5886 5895 -1 5886 5900 5888 -1 5899 5883 5896 -1 5892 5854 5898 -1 5901 5892 5898 -1 5902 5892 5901 -1 5892 5902 5872 -1 5885 5903 5897 -1 5880 5872 5902 -1 5880 5902 5904 -1 5885 5880 5904 -1 5893 5887 5905 -1 5890 5906 5891 -1 5889 5882 5907 -1 5904 5903 5885 -1 5888 5905 5887 -1 5906 5908 5891 -1 5908 5894 5891 -1 5888 5909 5905 -1 5898 5889 5910 -1 5901 5898 5910 -1 5911 5903 5904 -1 5909 5888 5900 -1 5895 5911 5900 -1 5893 5905 5912 -1 5893 5906 5890 -1 5889 5907 5910 -1 5897 5903 5911 -1 5911 5895 5897 -1 5910 5907 5913 -1 5907 5882 5914 -1 5901 5910 5915 -1 5902 5901 5916 -1 5909 5900 5917 -1 5904 5902 5916 -1 5912 5905 5909 -1 5914 5882 5899 -1 5901 5915 5916 -1 5911 5904 5918 -1 5909 5917 5919 -1 5916 5918 5904 -1 5909 5919 5912 -1 5900 5911 5917 -1 5917 5911 5920 -1 4508 5921 4506 -1 5921 4508 4539 -1 5922 5728 4506 -1 5921 5923 4506 -1 5779 5728 5922 -1 5921 4539 5924 -1 5924 4539 4563 -1 5922 4506 5923 -1 5925 5924 4563 -1 4563 4584 5925 -1 5926 5922 5923 -1 5921 5927 5928 -1 5924 5927 5921 -1 5921 5928 5923 -1 4584 4567 5929 -1 5924 5925 5930 -1 5922 5926 5779 -1 5924 5930 5927 -1 5931 5927 5930 -1 5930 5925 4584 -1 4594 5929 4567 -1 5923 5932 5926 -1 5928 5927 5931 -1 5808 5779 5926 -1 5932 5923 5928 -1 5930 4584 5929 -1 5930 5929 5933 -1 5931 5930 5933 -1 5808 5926 5934 -1 5935 5926 5932 -1 5808 5934 5796 -1 5936 5796 5934 -1 5935 5934 5926 -1 5932 5937 5935 -1 5928 5937 5932 -1 5938 4594 4597 -1 5933 5929 5939 -1 5829 5796 5936 -1 5929 4594 5938 -1 3889 3900 5940 -1 3896 3889 5940 -1 5928 5931 5941 -1 5933 5942 5931 -1 5929 5938 5939 -1 4597 4626 5938 -1 5931 5942 5941 -1 5928 5941 5937 -1 5941 5942 5943 -1 5943 5942 5933 -1 5388 3896 5940 -1 5934 5944 5936 -1 5858 5829 5936 -1 5935 5937 5945 -1 5405 5388 5940 -1 3899 3901 5946 -1 5941 5947 5937 -1 5939 5948 5933 -1 5935 5949 5934 -1 3902 3899 5946 -1 5941 5943 5947 -1 5948 5939 5950 -1 5939 5938 5951 -1 5938 4626 4678 -1 5943 5933 5948 -1 5935 5945 5949 -1 5875 5858 5952 -1 5936 5952 5858 -1 5934 5949 5953 -1 5951 5950 5939 -1 5954 5857 5866 -1 3903 5857 5954 -1 5955 5405 5940 -1 3901 3903 5956 -1 5945 5937 5947 -1 3902 5957 3900 -1 5936 5944 5952 -1 5940 3900 5958 -1 5944 5953 5959 -1 5934 5953 5944 -1 5938 4678 5951 -1 5405 5955 5960 -1 5961 4678 4644 -1 5422 5405 5960 -1 4644 4663 5961 -1 5962 5947 5943 -1 4663 4690 5963 -1 3902 5946 5964 -1 5955 5940 5958 -1 5965 5408 5422 -1 5401 5408 5965 -1 5434 5401 5965 -1 5947 5962 5966 -1 5950 5967 5948 -1 5950 5951 5967 -1 5968 5951 4678 -1 5959 5952 5944 -1 5959 5953 5969 -1 3901 5956 5946 -1 5956 3903 5954 -1 5953 5949 5970 -1 5971 5946 5972 -1 5949 5945 5973 -1 5864 5884 5974 -1 5958 3900 5957 -1 5962 5943 5948 -1 5972 5956 5975 -1 5946 5956 5972 -1 5976 5884 5877 -1 5964 5946 5977 -1 5963 4690 4725 -1 5876 5874 5978 -1 5947 5966 5945 -1 5960 5955 5979 -1 4678 5961 5980 -1 5976 5877 5894 -1 5434 5965 5981 -1 5961 4663 5963 -1 5946 5971 5977 -1 5866 5864 5974 -1 5875 5978 5874 -1 5974 5982 5866 -1 5949 5973 5970 -1 5876 5978 5896 -1 5962 5948 5983 -1 5866 5982 5954 -1 5875 5952 5984 -1 5951 5968 5967 -1 5952 5959 5985 -1 5969 5953 5970 -1 5422 5960 5979 -1 5442 5434 5981 -1 5964 5977 5986 -1 3902 5964 5957 -1 5963 4725 5987 -1 5983 5948 5967 -1 5984 5952 5985 -1 5956 5954 5988 -1 5967 5968 5989 -1 5979 5955 5958 -1 5968 4678 5980 -1 5945 5990 5973 -1 5969 5985 5959 -1 5988 5954 5982 -1 5957 5991 5958 -1 5975 5956 5988 -1 5992 5422 5979 -1 5976 5894 5993 -1 5884 5976 5993 -1 5993 5974 5884 -1 5994 5979 5958 -1 5968 5980 5989 -1 5422 5992 5965 -1 5992 5981 5965 -1 5961 5963 5987 -1 5962 5983 5966 -1 5957 5964 5995 -1 5994 5958 5991 -1 5996 5961 5987 -1 5438 5442 5997 -1 4754 4762 5998 -1 5990 5945 5966 -1 5978 5999 5896 -1 5984 5978 5875 -1 5982 5974 6000 -1 5967 5989 5983 -1 5961 5996 5980 -1 5999 5899 5896 -1 5972 5975 6001 -1 5981 5992 6002 -1 6003 5974 5993 -1 5442 5981 5997 -1 5984 5985 6004 -1 5969 6005 5985 -1 4754 5998 4761 -1 6001 5975 5988 -1 5456 6006 5444 -1 6007 5990 5966 -1 6008 5993 5894 -1 5966 5983 6007 -1 4756 4760 6009 -1 4760 5447 6010 -1 6000 5974 6003 -1 5989 5980 6011 -1 5978 5984 6004 -1 5988 5982 6000 -1 5991 5957 5995 -1 5992 5979 6012 -1 5987 4725 6013 -1 4753 6013 4725 -1 5995 5986 6014 -1 5964 5986 5995 -1 5447 5449 6010 -1 4760 6010 6009 -1 5994 5991 5995 -1 4769 4761 5998 -1 5988 6000 6015 -1 5908 5906 6016 -1 5441 5444 6006 -1 5979 5994 6012 -1 5988 6015 6001 -1 4757 6017 4782 -1 4757 4765 6017 -1 5908 6008 5894 -1 5971 5972 6001 -1 5999 5978 6004 -1 6009 6018 4762 -1 6019 4762 6018 -1 5998 4762 6019 -1 4762 4756 6009 -1 5969 5970 6020 -1 6021 5451 5458 -1 5970 5973 6022 -1 5910 6023 5915 -1 6024 5452 6025 -1 5985 6005 6004 -1 4769 5998 4789 -1 5969 6020 6005 -1 5893 6016 5906 -1 5992 6012 6002 -1 6001 6026 5971 -1 5973 5990 6022 -1 5977 5971 6026 -1 4765 4774 6017 -1 5455 5441 6027 -1 5997 5981 6002 -1 6028 5996 5987 -1 6010 6029 6030 -1 6007 5983 6031 -1 5449 6029 6010 -1 5983 5989 6031 -1 5449 5451 6021 -1 5439 5438 6032 -1 6032 6033 5439 -1 5456 5439 6033 -1 5989 6011 6034 -1 6011 5980 5996 -1 5452 5450 6025 -1 5914 5899 6035 -1 5899 5999 6035 -1 6036 5438 5997 -1 5987 6013 6037 -1 5458 5452 6024 -1 6014 5986 5977 -1 5907 5914 6038 -1 5907 6038 5913 -1 5910 5913 6023 -1 6039 6035 5999 -1 6030 6009 6010 -1 5995 6040 5994 -1 4790 4779 6041 -1 6001 6042 6026 -1 4782 6043 4779 -1 6044 4782 6017 -1 5908 6016 6045 -1 6046 6000 6003 -1 6046 6015 6000 -1 6013 4753 4776 -1 6047 5457 5453 -1 6025 5457 6047 -1 6021 5458 6048 -1 6036 6032 5438 -1 6009 6049 6018 -1 6049 6009 6030 -1 6034 6011 6050 -1 6041 4779 6043 -1 6008 5908 6051 -1 6003 5993 6008 -1 4792 4789 6052 -1 4774 6053 6017 -1 5998 6019 6054 -1 5915 6023 6055 -1 5450 5457 6025 -1 6006 6027 5441 -1 4786 6053 4774 -1 6029 5449 6021 -1 5458 6024 6056 -1 6048 5458 6056 -1 6002 6036 5997 -1 6043 4782 6044 -1 6002 6012 6057 -1 5912 5919 6058 -1 6021 6048 6059 -1 6060 5996 6028 -1 6045 6051 5908 -1 6061 4789 5998 -1 5970 6022 6020 -1 4789 6061 6052 -1 6019 6018 6062 -1 4786 6063 6053 -1 4792 6052 4791 -1 6064 5995 6014 -1 5913 6038 6023 -1 4786 4791 6063 -1 6012 5994 6040 -1 6004 6039 5999 -1 6007 6065 5990 -1 6036 6066 6032 -1 6067 6012 6040 -1 6015 6042 6001 -1 5916 5915 6068 -1 5448 5440 6069 -1 6011 5996 6060 -1 5440 5454 6069 -1 6068 6070 5916 -1 6057 6012 6067 -1 5918 5916 6070 -1 6022 5990 6065 -1 6003 6008 6071 -1 6028 5987 6037 -1 6014 5977 6026 -1 6054 6061 5998 -1 6046 6003 6071 -1 6072 4791 6052 -1 6073 6019 6062 -1 6074 5911 5918 -1 6036 6002 6075 -1 6040 5995 6064 -1 6076 6004 6005 -1 5893 5912 6016 -1 5919 5917 6077 -1 4776 4790 6078 -1 6078 4790 6041 -1 6006 5456 6079 -1 6075 6066 6036 -1 6043 6044 6080 -1 5911 6074 5920 -1 6081 6071 6008 -1 6082 6083 6030 -1 6029 6082 6030 -1 6053 6084 6017 -1 6029 6021 6059 -1 6033 6032 6085 -1 6086 5914 6035 -1 6079 5456 6033 -1 6052 6087 6072 -1 5989 6034 6031 -1 6054 6019 6073 -1 6049 6030 6083 -1 5915 6055 6068 -1 6063 6072 6088 -1 6072 6063 4791 -1 6005 6020 6089 -1 6067 6040 6090 -1 6051 6081 6008 -1 5918 6070 6091 -1 5453 5448 6092 -1 6084 6044 6017 -1 6066 6085 6032 -1 6087 6088 6072 -1 6048 6056 6093 -1 6063 6084 6053 -1 6061 6087 6052 -1 5920 6077 5917 -1 6026 6094 6095 -1 6086 6035 6039 -1 6024 6025 6096 -1 6086 6038 5914 -1 6056 6024 6093 -1 5455 6027 6097 -1 5912 6058 6016 -1 6058 6045 6016 -1 6089 6076 6005 -1 6098 5920 6074 -1 6078 6099 4776 -1 6042 6015 6100 -1 6057 6067 6101 -1 6044 6102 6080 -1 5454 5455 6097 -1 6075 6002 6057 -1 6020 6022 6103 -1 6006 6079 6027 -1 6086 6039 6104 -1 6026 6095 6014 -1 6082 6029 6059 -1 6046 6071 6105 -1 6048 6093 6059 -1 6039 6004 6076 -1 6046 6100 6015 -1 6050 6011 6106 -1 6106 6011 6060 -1 6018 6049 6062 -1 6087 6061 6054 -1 6107 6028 6037 -1 4776 6108 6013 -1 6031 6034 6109 -1 6110 6111 5919 -1 6112 5918 6091 -1 6112 6074 5918 -1 6103 6022 6065 -1 6026 6042 6094 -1 6071 6081 6113 -1 6064 6014 6095 -1 6107 6060 6028 -1 6039 6076 6104 -1 6037 6013 6108 -1 6108 4776 6114 -1 6038 6055 6023 -1 6093 6024 6096 -1 6038 6115 6055 -1 6074 6112 6098 -1 6115 6038 6086 -1 6116 6041 6043 -1 6105 6071 6113 -1 6100 6046 6105 -1 6077 5920 6117 -1 6077 6110 5919 -1 6092 5448 6069 -1 6084 6063 6088 -1 6049 6083 6118 -1 6090 6040 6064 -1 6109 6034 6119 -1 6034 6050 6119 -1 6120 6076 6089 -1 6058 5919 6111 -1 6099 6078 6116 -1 6047 5453 6092 -1 6041 6116 6078 -1 6042 6100 6121 -1 6058 6122 6045 -1 6089 6020 6103 -1 6116 6043 6123 -1 6080 6123 6043 -1 6122 6051 6045 -1 6075 6057 6124 -1 6080 6102 6123 -1 6117 5920 6098 -1 6044 6084 6125 -1 6110 6077 6117 -1 6104 6126 6086 -1 6084 6127 6128 -1 6037 6108 6107 -1 6129 6033 6085 -1 6079 6033 6129 -1 6007 6031 6109 -1 6054 6088 6087 -1 6083 6082 6118 -1 6101 6067 6090 -1 6126 6115 6086 -1 6097 6027 6079 -1 6102 6044 6125 -1 6097 6130 5454 -1 6125 6084 6128 -1 6069 5454 6130 -1 6060 6107 6131 -1 6105 6132 6100 -1 6088 6127 6084 -1 6100 6132 6133 -1 6104 6076 6134 -1 4776 6099 6114 -1 6133 6121 6100 -1 6050 6135 6119 -1 6135 6050 6106 -1 6059 6093 6136 -1 6122 6058 6111 -1 6103 6137 6089 -1 6094 6042 6121 -1 6106 6060 6131 -1 6025 6138 6096 -1 6066 6075 6139 -1 6124 6139 6075 -1 6131 6107 6140 -1 6025 6047 6138 -1 6141 6127 6088 -1 6118 6062 6049 -1 6088 6054 6141 -1 6137 6120 6089 -1 6142 6099 6116 -1 6101 6090 6143 -1 6085 6066 6144 -1 6145 6082 6059 -1 6146 6116 6123 -1 6057 6101 6124 -1 6059 6136 6145 -1 6103 6065 6147 -1 6047 6092 6148 -1 6068 6055 6149 -1 6007 6109 6065 -1 6051 6150 6081 -1 6070 6068 6151 -1 6064 6152 6090 -1 6138 6047 6148 -1 6153 6107 6108 -1 6093 6096 6136 -1 6076 6120 6134 -1 6129 6085 6144 -1 6118 6154 6062 -1 6114 6099 6142 -1 6142 6116 6146 -1 6155 6082 6145 -1 6095 6094 6156 -1 6105 6113 6157 -1 6130 6097 6158 -1 6151 6159 6070 -1 6157 6132 6105 -1 6140 6107 6153 -1 6144 6066 6139 -1 6098 6112 6160 -1 6161 6126 6104 -1 6091 6070 6159 -1 6095 6152 6064 -1 6136 6096 6162 -1 6143 6090 6163 -1 6137 6103 6164 -1 6082 6155 6118 -1 6111 6165 6122 -1 6092 6069 6166 -1 6148 6092 6166 -1 6167 6079 6129 -1 6106 6131 6168 -1 6139 6124 6169 -1 6168 6131 6140 -1 6097 6079 6167 -1 6095 6156 6152 -1 6073 6141 6054 -1 6161 6104 6134 -1 6069 6130 6166 -1 6153 6108 6170 -1 6126 6171 6115 -1 6152 6163 6090 -1 6112 6091 6172 -1 6173 6123 6102 -1 6155 6174 6118 -1 6160 6112 6172 -1 6164 6103 6147 -1 6101 6169 6124 -1 6160 6175 6098 -1 6138 6148 6176 -1 6151 6068 6149 -1 6177 6138 6176 -1 6173 6146 6123 -1 6109 6147 6065 -1 6098 6175 6117 -1 6102 6125 6178 -1 6173 6102 6178 -1 6179 6109 6119 -1 6149 6055 6115 -1 6091 6159 6180 -1 6180 6172 6091 -1 6158 6097 6167 -1 6114 6170 6108 -1 6127 6141 6181 -1 6120 6182 6134 -1 6122 6150 6051 -1 6127 6181 6128 -1 6137 6182 6120 -1 6170 6114 6183 -1 6145 6136 6184 -1 6119 6135 6185 -1 6154 6118 6174 -1 6142 6183 6114 -1 6168 6135 6106 -1 6135 6168 6186 -1 6165 6150 6122 -1 6175 6187 6117 -1 6156 6094 6121 -1 6096 6138 6177 -1 6161 6188 6126 -1 6178 6125 6128 -1 6181 6141 6189 -1 6190 6189 6141 -1 6179 6119 6191 -1 6141 6073 6190 -1 6192 6166 6130 -1 6096 6177 6162 -1 6073 6062 6190 -1 6191 6119 6185 -1 6062 6154 6190 -1 6188 6161 6193 -1 6174 6194 6154 -1 6183 6195 6170 -1 6149 6159 6151 -1 6150 6196 6081 -1 6143 6169 6101 -1 6182 6137 6197 -1 6081 6196 6113 -1 6121 6133 6198 -1 6199 6113 6200 -1 6201 6183 6142 -1 6142 6146 6201 -1 6117 6187 6110 -1 6132 6157 6202 -1 6134 6193 6161 -1 6184 6136 6162 -1 6109 6179 6147 -1 6170 6203 6153 -1 6139 6204 6144 -1 6148 6205 6176 -1 6182 6193 6134 -1 6159 6149 6206 -1 6207 6193 6182 -1 6208 6206 6149 -1 6129 6144 6209 -1 6180 6159 6206 -1 6196 6200 6113 -1 6164 6197 6137 -1 6156 6121 6198 -1 6199 6157 6113 -1 6196 6150 6165 -1 6167 6129 6210 -1 6173 6201 6146 -1 6156 6211 6152 -1 6166 6192 6212 -1 6202 6213 6132 -1 6148 6166 6212 -1 6178 6128 6214 -1 6213 6133 6132 -1 6184 6155 6145 -1 6181 6214 6128 -1 6190 6154 6194 -1 6215 6169 6143 -1 6195 6203 6170 -1 6176 6216 6177 -1 6183 6217 6195 -1 6133 6218 6198 -1 6207 6182 6197 -1 6209 6144 6204 -1 6171 6208 6115 -1 6219 6174 6155 -1 6135 6186 6185 -1 6162 6220 6184 -1 6168 6140 6186 -1 6190 6221 6189 -1 6201 6173 6178 -1 6149 6115 6208 -1 6163 6152 6211 -1 6153 6203 6222 -1 6172 6223 6160 -1 6224 6203 6195 -1 6225 6192 6130 -1 6163 6215 6143 -1 6214 6226 6178 -1 6201 6217 6183 -1 6171 6126 6227 -1 6126 6188 6227 -1 6164 6147 6228 -1 6172 6180 6223 -1 6199 6229 6157 -1 6214 6189 6221 -1 6219 6155 6184 -1 6230 6186 6140 -1 6201 6178 6231 -1 6229 6202 6157 -1 6129 6209 6210 -1 6140 6153 6222 -1 6219 6194 6174 -1 6175 6160 6223 -1 6194 6221 6190 -1 6222 6203 6232 -1 6177 6233 6162 -1 6165 6111 6234 -1 6226 6231 6178 -1 6224 6195 6217 -1 6139 6235 6204 -1 6214 6181 6189 -1 6197 6164 6236 -1 6209 6204 6237 -1 6201 6231 6217 -1 6198 6211 6156 -1 6162 6233 6238 -1 6220 6219 6184 -1 6158 6167 6239 -1 6171 6240 6208 -1 6241 6188 6193 -1 6139 6169 6242 -1 6211 6243 6163 -1 6158 6225 6130 -1 6163 6243 6215 -1 6133 6213 6218 -1 6242 6235 6139 -1 6179 6191 6244 -1 6185 6244 6191 -1 6245 6194 6219 -1 6245 6219 6246 -1 6236 6247 6197 -1 6208 6240 6206 -1 6228 6236 6164 -1 6171 6227 6240 -1 6211 6198 6218 -1 6140 6222 6230 -1 6219 6220 6248 -1 6220 6162 6238 -1 6249 6250 6231 -1 6226 6249 6231 -1 6147 6179 6228 -1 6232 6203 6224 -1 6207 6241 6193 -1 6167 6210 6239 -1 6249 6226 6214 -1 6239 6225 6158 -1 6251 6249 6214 -1 6251 6214 6221 -1 6235 6237 6204 -1 6252 6223 6180 -1 6196 6165 6234 -1 6169 6253 6242 -1 6205 6254 6176 -1 6248 6246 6219 -1 6217 6231 6250 -1 6218 6255 6211 -1 6256 6186 6230 -1 6233 6177 6216 -1 6188 6241 6257 -1 6227 6188 6257 -1 6175 6223 6258 -1 6205 6148 6212 -1 6175 6258 6187 -1 6228 6179 6244 -1 6217 6259 6224 -1 6206 6252 6180 -1 6212 6192 6260 -1 6245 6251 6221 -1 6221 6194 6245 -1 6185 6261 6244 -1 6253 6169 6215 -1 6261 6185 6186 -1 6240 6262 6206 -1 6263 6217 6250 -1 6250 6264 6263 -1 6211 6255 6243 -1 6249 6264 6250 -1 6110 6187 6265 -1 6225 6260 6192 -1 6260 6266 6212 -1 6230 6222 6232 -1 6267 6249 6251 -1 6243 6268 6215 -1 6216 6176 6254 -1 6111 6110 6269 -1 6233 6270 6238 -1 6271 6210 6209 -1 6220 6238 6272 -1 6272 6248 6220 -1 6207 6197 6247 -1 6247 6241 6207 -1 6273 6251 6245 -1 6274 6200 6196 -1 6216 6275 6233 -1 6255 6218 6276 -1 6277 6262 6240 -1 6278 6205 6266 -1 6205 6212 6266 -1 6223 6279 6258 -1 6264 6267 6280 -1 6264 6249 6267 -1 6110 6265 6269 -1 6187 6258 6265 -1 6216 6254 6275 -1 6252 6279 6223 -1 6281 6218 6213 -1 6111 6269 6234 -1 6237 6271 6209 -1 6273 6267 6251 -1 6230 6232 6282 -1 6268 6253 6215 -1 6239 6283 6225 -1 6270 6233 6275 -1 6186 6284 6261 -1 6272 6238 6270 -1 6259 6217 6263 -1 6285 6275 6254 -1 6200 6286 6199 -1 6236 6228 6287 -1 6273 6245 6246 -1 6206 6262 6252 -1 6230 6282 6256 -1 6246 6248 6288 -1 6254 6205 6278 -1 6281 6213 6202 -1 6289 6237 6235 -1 6234 6274 6196 -1 6274 6234 6290 -1 6289 6271 6237 -1 6283 6260 6225 -1 6224 6259 6232 -1 6274 6286 6200 -1 6255 6276 6291 -1 6255 6292 6243 -1 6292 6268 6243 -1 6257 6241 6293 -1 6210 6271 6294 -1 6278 6285 6254 -1 6210 6294 6239 -1 6240 6227 6295 -1 6261 6284 6296 -1 6247 6236 6297 -1 6277 6240 6295 -1 6298 6273 6288 -1 6275 6285 6299 -1 6283 6239 6294 -1 6246 6288 6273 -1 6227 6257 6295 -1 6256 6284 6186 -1 6259 6263 6300 -1 6280 6300 6263 -1 6272 6288 6248 -1 6291 6292 6255 -1 6229 6199 6286 -1 6242 6301 6235 -1 6263 6264 6280 -1 6272 6270 6302 -1 6269 6290 6234 -1 6228 6244 6287 -1 6232 6303 6282 -1 6273 6298 6267 -1 6275 6302 6270 -1 6301 6289 6235 -1 6241 6247 6293 -1 6304 6280 6267 -1 6297 6293 6247 -1 6287 6244 6261 -1 6258 6279 6305 -1 6289 6306 6271 -1 6303 6232 6259 -1 6307 6305 6279 -1 6281 6308 6276 -1 6281 6276 6218 -1 6229 6286 6309 -1 6269 6265 6310 -1 6295 6257 6293 -1 6253 6311 6242 -1 6260 6312 6266 -1 6202 6229 6313 -1 6277 6314 6262 -1 6290 6269 6310 -1 6236 6287 6315 -1 6281 6202 6313 -1 6298 6304 6267 -1 6290 6310 6316 -1 6306 6294 6271 -1 6317 6315 6287 -1 6259 6300 6318 -1 6308 6291 6276 -1 6274 6309 6286 -1 6252 6262 6319 -1 6242 6311 6301 -1 6287 6261 6317 -1 6279 6252 6319 -1 6256 6282 6320 -1 6280 6321 6300 -1 6299 6302 6275 -1 6294 6322 6283 -1 6236 6315 6297 -1 6305 6323 6265 -1 6265 6323 6310 -1 6280 6304 6321 -1 6258 6305 6265 -1 6278 6266 6324 -1 6324 6266 6312 -1 6312 6260 6283 -1 6304 6298 6325 -1 6303 6318 6326 -1 6318 6303 6259 -1 6314 6319 6262 -1 6296 6284 6327 -1 6295 6293 6328 -1 6256 6320 6284 -1 6279 6319 6307 -1 6303 6320 6282 -1 6290 6316 6329 -1 6330 6299 6285 -1 6278 6330 6285 -1 6229 6309 6331 -1 6313 6229 6331 -1 6274 6290 6329 -1 6324 6330 6278 -1 6321 6304 6325 -1 6296 6317 6261 -1 6316 6310 6323 -1 6332 6268 6292 -1 6332 6253 6268 -1 6312 6283 6333 -1 6274 6329 6309 -1 6253 6334 6311 -1 6293 6297 6335 -1 6320 6327 6284 -1 6318 6300 6336 -1 6314 6277 6337 -1 6295 6337 6277 -1 6338 6313 6331 -1 6292 6291 6339 -1 6332 6292 6339 -1 6338 6281 6313 -1 6322 6340 6283 -1 6323 6305 6307 -1 6308 6281 6338 -1 6319 6314 6341 -1 6311 6334 6342 -1 6327 6343 6296 -1 6293 6335 6328 -1 6306 6322 6294 -1 6291 6308 6344 -1 6301 6311 6342 -1 6312 6333 6345 -1 6318 6346 6326 -1 6324 6312 6345 -1 6318 6336 6346 -1 6298 6288 6347 -1 6297 6315 6348 -1 6340 6333 6283 -1 6301 6349 6289 -1 6326 6320 6303 -1 6302 6299 6350 -1 6306 6289 6349 -1 6295 6328 6351 -1 6253 6332 6334 -1 6350 6299 6330 -1 6296 6343 6317 -1 6325 6352 6321 -1 6338 6344 6308 -1 6272 6347 6288 -1 6347 6302 6350 -1 6302 6347 6272 -1 6337 6295 6351 -1 6353 6342 6334 -1 6341 6314 6337 -1 6349 6322 6306 -1 6331 6309 6354 -1 6319 6355 6307 -1 6355 6323 6307 -1 6339 6291 6344 -1 6356 6301 6342 -1 6321 6336 6300 -1 6349 6301 6356 -1 6334 6332 6357 -1 6352 6325 6358 -1 6359 6320 6326 -1 6348 6335 6297 -1 6360 6335 6348 -1 6361 6344 6338 -1 6329 6354 6309 -1 6323 6355 6362 -1 6330 6363 6350 -1 6344 6361 6339 -1 6347 6364 6298 -1 6362 6316 6323 -1 6320 6359 6327 -1 6317 6348 6315 -1 6331 6365 6338 -1 6343 6366 6317 -1 6357 6332 6339 -1 6367 6329 6316 -1 6336 6321 6352 -1 6340 6322 6368 -1 6334 6357 6353 -1 6333 6340 6369 -1 6369 6340 6368 -1 6370 6343 6327 -1 6367 6316 6362 -1 6337 6351 6371 -1 6363 6347 6350 -1 6355 6319 6341 -1 6370 6327 6359 -1 6365 6331 6354 -1 6372 6328 6335 -1 6325 6298 6364 -1 6317 6366 6348 -1 6372 6335 6360 -1 6373 6324 6345 -1 6373 6363 6330 -1 6324 6373 6330 -1 6329 6374 6354 -1 6374 6329 6367 -1 6322 6349 6375 -1 6326 6376 6359 -1 6341 6377 6355 -1 6348 6378 6360 -1 6379 6346 6336 -1 6380 6371 6351 -1 6381 6342 6353 -1 6361 6382 6339 -1 6379 6336 6352 -1 6364 6347 6383 -1 6358 6379 6352 -1 6362 6355 6377 -1 6372 6351 6328 -1 6338 6365 6361 -1 6337 6371 6341 -1 6326 6346 6376 -1 6368 6322 6375 -1 6353 6357 6384 -1 6363 6373 6385 -1 6356 6375 6349 -1 6351 6372 6386 -1 6325 6364 6383 -1 6357 6339 6382 -1 6359 6387 6370 -1 6354 6388 6365 -1 6372 6360 6389 -1 6369 6390 6333 -1 6390 6345 6333 -1 6361 6365 6391 -1 6392 6347 6363 -1 6377 6341 6393 -1 6385 6392 6363 -1 6378 6389 6360 -1 6376 6346 6394 -1 6348 6366 6378 -1 6386 6380 6351 -1 6395 6366 6396 -1 6381 6353 6384 -1 6372 6389 6386 -1 6356 6342 6381 -1 6392 6383 6347 -1 6381 6397 6356 -1 6366 6343 6370 -1 6370 6396 6366 -1 6390 6373 6345 -1 6358 6325 6383 -1 6393 6341 6371 -1 6393 6371 6398 -1 6367 6362 6399 -1 6397 6375 6356 -1 6388 6354 6374 -1 6367 6400 6374 -1 6387 6359 6376 -1 6391 6382 6361 -1 6384 6401 6402 -1 6403 6379 6358 -1 6399 6400 6367 -1 6368 6375 6404 -1 6388 6374 6400 -1 6346 6379 6394 -1 6395 6378 6366 -1 6357 6382 6401 -1 6388 6391 6365 -1 6401 6384 6357 -1 6373 6405 6385 -1 6396 6370 6387 -1 6406 6373 6390 -1 6407 6379 6403 -1 6377 6393 6408 -1 6409 6386 6389 -1 6404 6375 6397 -1 6387 6376 6394 -1 6400 6399 6410 -1 6406 6390 6369 -1 6405 6392 6385 -1 6409 6389 6378 -1 6371 6380 6398 -1 6377 6411 6362 -1 6403 6358 6383 -1 6388 6400 6412 -1 6406 6405 6373 -1 6383 6392 6413 -1 6362 6411 6414 -1 6399 6362 6414 -1 6380 6386 6415 -1 6400 6410 6412 -1 6411 6377 6408 -1 6378 6395 6409 -1 6398 6380 6415 -1 6416 6382 6391 -1 6387 6394 6417 -1 6369 6368 6404 -1 6402 6418 6384 -1 6419 6413 6392 -1 6416 6401 6382 -1 6384 6420 6381 -1 6396 6421 6395 -1 6399 6414 6410 -1 6402 6401 6416 -1 6422 6394 6407 -1 6405 6419 6392 -1 6393 6398 6423 -1 6379 6407 6394 -1 6421 6396 6387 -1 6383 6413 6403 -1 6411 6408 6414 -1 6420 6424 6381 -1 6425 6416 6391 -1 6397 6381 6424 -1 6422 6407 6403 -1 6426 6427 6369 -1 6395 6421 6428 -1 6427 6406 6369 -1 6429 6405 6406 -1 6388 6412 6391 -1 6429 6419 6405 -1 6430 6398 6415 -1 6408 6393 6423 -1 6422 6403 6413 -1 6418 6420 6384 -1 6422 6417 6394 -1 6423 6398 6430 -1 6428 6421 6431 -1 6387 6432 6421 -1 6417 6432 6387 -1 6386 6409 6415 -1 6413 6433 6422 -1 6424 6434 6397 -1 6413 6419 6433 -1 6419 6429 6433 -1 6429 6406 6427 -1 6410 6414 6435 -1 6395 6428 6409 -1 6391 6412 6425 -1 6404 6397 6434 -1 6369 6404 6426 -1 6414 6408 6436 -1 6427 6426 6437 -1 6408 6423 6436 -1 6438 6420 6418 -1 6421 6432 6431 -1 6439 6404 6434 -1 6416 6425 6440 -1 6441 6442 6417 -1 6417 6422 6441 -1 6402 6416 6443 -1 6422 6433 6441 -1 6410 6444 6412 -1 6415 6445 6430 -1 6434 6424 6439 -1 6439 6426 6404 -1 6423 6430 6446 -1 6447 6445 6415 -1 6414 6436 6435 -1 6448 6441 6433 -1 6409 6447 6415 -1 6443 6416 6440 -1 6412 6444 6425 -1 6438 6449 6420 -1 6428 6447 6409 -1 6450 6433 6429 -1 6435 6444 6410 -1 6432 6451 6431 -1 6420 6449 6424 -1 6431 6447 6428 -1 6402 6443 6418 -1 6432 6417 6442 -1 6438 6418 6443 -1 6452 6444 6435 -1 6423 6446 6436 -1 6426 6439 6453 -1 6436 6446 6435 -1 6448 6433 6450 -1 6449 6439 6424 -1 6440 6425 6454 -1 6430 6445 6455 -1 6442 6451 6432 -1 6441 6456 6442 -1 6456 6441 6448 -1 6430 6455 6446 -1 6453 6437 6426 -1 6457 6445 6447 -1 6451 6442 6458 -1 6454 6425 6444 -1 6459 6460 6437 -1 6445 6457 6455 -1 6458 6442 6456 -1 6443 6440 6454 -1 6435 6446 6452 -1 6447 6431 6457 -1 6446 6455 6452 -1 6439 6449 6453 -1 6452 6454 6444 -1 6453 6449 6438 -1 6460 6427 6437 -1 6431 6451 6457 -1 6450 6460 6459 -1 6450 6429 6460 -1 6427 6460 6429 -1 6458 6457 6451 -1 6452 6455 6461 -1 6462 6448 6459 -1 6443 6454 6463 -1 6454 6464 6463 -1 6461 6464 6452 -1 6453 6438 6465 -1 6455 6457 6466 -1 6448 6450 6459 -1 6456 6448 6458 -1 6459 6437 6467 -1 6438 6443 6463 -1 6452 6464 6454 -1 6462 6466 6458 -1 6463 6464 6465 -1 6458 6466 6457 -1 6448 6462 6458 -1 6464 6468 6465 -1 6465 6438 6463 -1 6466 6462 6468 -1 6468 6462 6467 -1 6466 6461 6455 -1 6467 6462 6459 -1 6437 6453 6465 -1 6465 6467 6437 -1 6461 6466 6468 -1 6461 6468 6464 -1 6468 6467 6465 -1">
    <Coordinate point="3.25212 -1.21912 -13.9835 3.20754 -1.22726 -13.9859 3.24248 -1.05964 -14.0048 3.28917 -0.972874 -13.9896 3.27159 -0.765337 -14.0033 3.3136 -0.731119 -13.9958 3.19266 -1.09152 -13.9849 3.2416 -0.932265 -13.9986 3.21448 -1.00293 -13.969 3.27881 -0.697193 -13.9726 3.17221 -0.90912 -13.9261 3.24474 -1.35421 -13.941 3.29648 -0.606559 -13.96 3.3426 -0.639876 -13.9488 3.30545 -0.22414 -13.9455 3.33959 -0.43169 -13.9725 3.29376 -0.430437 -13.9519 3.19102 -0.748301 -13.9167 3.27824 -0.504429 -13.9639 3.33559 -0.497204 -13.9619 3.21391 -1.37299 -13.9303 3.15933 -1.29639 -13.9303 3.32158 -0.863709 -13.9456 3.36773 -0.431128 -13.9518 3.11119 -1.10513 -13.8784 3.30346 -1.19387 -13.9376 3.25628 -0.602098 -13.9464 3.30068 -1.30443 -13.916 3.20834 -0.407486 -13.8641 3.35495 -0.30255 -13.9287 3.34649 -0.603302 -13.9312 3.33576 -0.769499 -13.9116 3.31027 -0.103942 -13.9307 3.34978 -0.122408 -13.9351 3.36441 -0.310918 -13.8804 3.3097 -0.918044 -13.9037 3.36012 -0.492357 -13.9035 3.38118 -0.135641 -13.9098 3.24352 -0.260258 -13.871 3.30361 -1.0982 -13.9085 3.1184 -0.519973 -13.7927 3.29047 -1.40657 -13.878 3.38331 -0.191921 -13.8783 3.32489 -0.747885 -13.8764 3.3054 -1.21514 -13.8856 3.16389 -1.37676 -13.8735 3.3132 -1.29423 -13.8561 3.30409 0.0603053 -13.8627 3.35093 0.122687 -13.88 3.32965 0.0510578 -13.88 3.07724 -1.3086 -13.7818 3.27483 -0.0131346 -13.8484 3.08406 -1.24447 -13.8165 3.08079 -1.03554 -13.8395 3.37599 0.0452656 -13.8679 3.32641 -0.446182 -13.8539 3.20972 -1.41498 -13.8409 3.26944 -0.749414 -13.816 3.26528 -1.02978 -13.8511 3.30688 -0.322837 -13.818 3.37946 0.194213 -13.8433 3.34105 0.328803 -13.8597 3.3822 0.304962 -13.8507 3.33029 0.231301 -13.8532 3.29526 -0.525008 -13.832 3.39732 0.00150475 -13.8059 3.26624 -1.12383 -13.8525 3.37644 -0.106065 -13.8514 3.05575 -0.805541 -13.7883 3.39209 0.450763 -13.821 3.31023 0.403082 -13.8436 3.33814 0.48765 -13.8273 3.23124 -1.39125 -13.7397 3.11614 -1.38113 -13.7409 3.39147 0.121383 -13.8162 3.23827 -1.24475 -13.7722 3.26048 0.130227 -13.7767 3.08407 -0.368686 -13.7261 3.24075 -1.17093 -13.7792 3.24447 -0.448908 -13.7258 3.24772 0.233655 -13.78 3.39031 0.74121 -13.8133 3.33346 0.635048 -13.8168 3.23132 -0.917745 -13.7493 3.4074 0.351189 -13.7896 3.30187 0.49085 -13.7713 3.2366 0.348509 -13.7692 3.36401 0.82088 -13.8028 3.20297 -1.41958 -13.7575 3.24604 -0.631357 -13.7382 3.42238 0.489475 -13.7952 3.17461 0.0403072 -13.7307 3.33169 -0.0523156 -13.7483 3.39151 0.20941 -13.7686 2.9868 -1.15366 -13.7095 3.22538 -1.30265 -13.7298 3.31719 0.761954 -13.7796 3.26726 -0.336044 -13.7405 3.42626 0.433529 -13.7514 3.35106 0.110124 -13.7463 2.95331 -0.970259 -13.6754 3.10416 -0.203974 -13.6996 3.44643 0.610343 -13.7575 3.27824 0.615939 -13.7433 3.34426 0.251954 -13.6797 3.15105 0.200552 -13.6839 3.23206 -0.222533 -13.6619 3.15921 0.562059 -13.6408 3.13786 -1.19157 -13.6319 3.44785 0.568931 -13.7148 3.15777 -0.902868 -13.6129 3.16033 -1.08784 -13.6409 3.07466 -1.4338 -13.5722 3.3162 0.13252 -13.6563 3.0074 -0.478965 -13.6773 3.36852 0.454078 -13.6247 3.43727 0.750715 -13.7055 3.14514 0.361298 -13.6657 3.1609 -1.42265 -13.6402 3.04448 0.00484573 -13.6038 3.19697 0.649349 -13.6712 3.26976 0.184116 -13.5467 3.39709 0.510687 -13.6244 2.95738 -0.763798 -13.6718 2.9116 -0.717077 -13.6006 3.18825 -0.692755 -13.6184 3.19228 -0.498124 -13.6348 2.97048 -1.2742 -13.6432 2.98606 -0.299973 -13.628 3.2368 -0.0457553 -13.6071 2.8524 -1.03085 -13.5331 3.10901 -0.363321 -13.5515 3.11613 -1.43196 -13.5973 3.01919 -0.210419 -13.6299 3.32972 0.329165 -13.5914 3.02717 0.153922 -13.5655 2.87994 -1.16727 -13.55 3.12913 -0.555823 -13.545 3.07137 0.281974 -13.6097 2.98226 -1.40082 -13.5134 3.07804 0.447835 -13.584 3.14243 -0.725559 -13.5487 2.92115 -0.50457 -13.5842 3.08099 -0.209071 -13.4529 3.20634 0.0414019 -13.546 3.30231 0.470335 -13.5211 3.34441 0.583541 -13.5696 3.12031 -1.34546 -13.5399 3.0627 0.555996 -13.5324 2.90123 -0.271746 -13.5156 3.08955 0.67421 -13.559 2.93372 -0.147574 -13.5097 2.9747 0.379355 -13.5677 2.98192 -1.44301 -13.4545 3.00312 -1.46876 -13.3938 3.06233 -0.909269 -13.4586 2.97368 0.431783 -13.5561 2.97505 0.615579 -13.4529 2.81553 -0.791856 -13.4641 3.00374 0.691848 -13.4474 2.95405 0.210714 -13.4973 2.81673 -0.538969 -13.4629 3.06118 -1.4355 -13.4567 3.07974 -1.12598 -13.4968 2.90928 -0.0754858 -13.4659 3.11622 -0.0281055 -13.4466 3.06712 -0.614103 -13.4758 3.21269 0.256358 -13.4566 2.89281 0.421987 -13.463 3.0505 -0.398371 -13.4858 2.89208 -1.31289 -13.4621 3.07708 -1.25563 -13.494 2.9192 0.544347 -13.4392 3.22485 0.525254 -13.3994 2.77155 0.0167908 -13.3214 3.12759 0.072046 -13.439 2.855 0.178871 -13.3828 2.79129 -0.320315 -13.3677 2.82522 -1.25528 -13.3979 2.76965 -1.13994 -13.3575 2.86128 0.26071 -13.3797 3.28603 0.624243 -13.4811 2.81288 -0.245925 -13.3697 3.02614 -0.688263 -13.4004 3.03735 -1.35516 -13.4009 3.17034 0.359408 -13.3824 3.03348 -1.22697 -13.4322 2.78178 -0.977495 -13.4072 3.04749 -0.813465 -13.4106 2.92294 -1.07468 -13.2444 3.00028 -0.536995 -13.3884 2.7752 -0.686327 -13.4095 2.86766 -1.39009 -13.3537 2.7644 -0.904189 -13.3804 2.96686 -0.921753 -13.3336 2.98099 -0.280305 -13.3315 3.01032 -1.45542 -13.3696 3.1055 0.202099 -13.3507 3.06998 0.118915 -13.3552 2.73293 -0.963502 -13.3309 3.03049 -0.101546 -13.3764 2.71204 -0.618132 -13.3172 2.70313 -0.501408 -13.276 2.92984 -0.539277 -13.285 2.94355 -0.372303 -13.3237 2.79317 0.450575 -13.349 2.73829 -0.183045 -13.295 3.03489 0.0112097 -13.3395 2.83274 -1.43551 -13.2537 2.91253 -1.44441 -13.1977 2.98936 -1.27726 -13.3213 2.77598 0.612975 -13.2312 2.96479 -0.612613 -13.3084 2.89495 -1.47074 -13.2435 3.07126 0.307612 -13.2718 2.96738 -0.729563 -13.3104 2.9782 -1.3851 -13.2624 2.66056 -0.760223 -13.256 2.88577 -0.77 -13.2099 2.73127 0.209504 -13.2394 2.69525 -1.2196 -13.2136 2.96407 -0.0637219 -13.2564 2.98496 0.0760519 -13.2726 3.01956 0.398604 -13.208 2.96509 -0.147442 -13.2888 2.72665 -1.36232 -13.1765 3.04939 0.481095 -13.2108 2.6503 -0.990985 -13.2008 2.89879 -0.392656 -13.2523 2.69783 0.03373 -13.2313 2.62439 0.257641 -13.1292 2.65494 0.431189 -13.2095 2.97726 0.184509 -13.2236 2.82035 -0.353372 -13.1407 2.87534 -0.65787 -13.2173 2.61471 0.544771 -13.1081 2.59031 -0.700766 -13.1814 2.64419 -0.821878 -13.2128 2.83979 -0.496261 -13.1684 2.84203 -0.234721 -13.1478 2.92366 -1.21191 -13.2197 2.61994 -0.458871 -13.1857 2.88768 -0.0212956 -13.1801 2.88541 -0.955861 -13.1763 2.89719 -1.28155 -13.1936 2.82647 -0.575655 -13.1319 2.82371 -1.4901 -13.1499 2.84154 -1.48922 -13.1233 2.88838 -1.1725 -13.1351 2.96482 0.297341 -13.1701 2.86407 -1.41257 -13.096 2.59958 -0.207968 -13.1324 2.5846 0.381806 -13.1236 2.87279 0.154578 -13.0992 2.85451 0.0822511 -13.1068 2.55681 -0.328447 -13.0969 2.58177 -0.855842 -13.0836 2.56992 -0.706063 -13.1477 2.84218 -1.08046 -13.1097 2.55484 -1.05884 -13.0454 2.8104 -0.695077 -13.1236 2.83288 -0.882321 -13.1203 2.66907 -1.31383 -13.1155 2.61352 0.194316 -13.1053 2.5536 -0.52391 -13.1266 2.82574 -1.34901 -13.0487 2.8488 0.187176 -13.0564 2.74186 -0.339595 -13.0479 2.91008 0.474088 -13.0722 2.52316 -1.15333 -12.9622 2.78849 -1.05311 -13.0487 2.84109 -1.26173 -13.0666 2.81693 -0.131873 -13.0925 2.54708 0.00921451 -13.0425 2.73824 -0.538375 -13.0331 2.47824 -0.70399 -13.0293 2.71176 -1.49105 -13.0099 2.76701 -0.0125153 -13.0153 2.7916 -0.816368 -13.0595 2.50231 -0.779094 -13.0421 2.52307 0.233863 -12.979 2.78168 0.14629 -13.0037 2.70249 -0.0904181 -12.968 2.45108 -0.407119 -12.9909 2.50794 0.418005 -13.0252 2.67432 -0.652713 -12.9525 2.74523 -0.229566 -13.0342 2.70716 -1.52848 -12.9352 2.78642 -1.51115 -13.0026 2.49611 0.324837 -12.9868 2.74223 -0.979146 -12.9794 2.49913 -0.951922 -13.0132 2.37883 -0.54414 -12.9255 2.40174 0.389123 -12.8947 2.82432 0.322698 -12.9943 2.5334 -1.24169 -12.8983 2.62432 -1.49343 -12.8564 2.4719 0.493694 -12.9686 2.8033 -1.45383 -12.9802 2.78606 -1.29298 -12.9615 2.77401 -1.1426 -12.9708 2.46785 -0.239434 -12.9484 2.69485 -0.794076 -12.9415 2.41382 0.188547 -12.8104 2.24896 -0.751607 -12.7801 2.31773 -0.432909 -12.8258 2.67473 -0.448192 -12.9641 2.40066 -0.931409 -12.9116 2.46433 0.061428 -12.9115 2.68553 -0.189334 -12.94 2.71326 -1.3683 -12.8461 2.61817 -0.369387 -12.8716 2.7336 0.168063 -12.9404 2.59812 -0.269857 -12.8606 2.70597 -1.16232 -12.8652 2.80993 0.437467 -12.9419 2.63445 -0.905811 -12.8388 2.63399 -0.0171334 -12.8672 2.41409 -1.13704 -12.8449 2.67509 -1.04125 -12.8866 2.64762 -0.766185 -12.9041 2.71291 -1.52096 -12.8728 2.40515 0.459751 -12.8914 2.71887 -1.45287 -12.8284 2.73115 0.381614 -12.8778 2.65669 -1.54016 -12.8247 2.33432 -0.214782 -12.7572 2.66461 -1.19964 -12.7601 2.66456 0.150924 -12.8253 2.20482 -0.626342 -12.7288 2.701 0.224478 -12.856 2.5805 -0.933782 -12.7761 2.37713 0.578905 -12.7681 2.59214 -0.134192 -12.8267 2.34914 -0.0349406 -12.7706 2.55674 -0.589839 -12.8107 2.53113 -0.684895 -12.76 2.33799 -0.964428 -12.8191 2.56867 -1.48632 -12.7418 2.51226 -1.33335 -12.7649 2.60507 -1.52977 -12.6917 2.56208 -0.825772 -12.7908 2.62339 -1.29826 -12.7132 2.62991 -1.05096 -12.8092 2.5317 -0.240578 -12.7499 2.6678 0.361614 -12.7973 2.51121 -0.440748 -12.7309 2.54461 -0.105999 -12.7388 2.55997 0.0550484 -12.7252 2.34046 0.199708 -12.7129 2.59877 -1.35311 -12.6493 2.27729 -0.904416 -12.7619 2.34341 0.373119 -12.789 2.23997 -0.481575 -12.7345 2.39378 -1.26966 -12.7292 2.61807 0.185297 -12.7547 2.36984 -1.242 -12.7246 2.34286 -1.16686 -12.7305 2.3273 0.318482 -12.7535 2.56624 0.343543 -12.6969 2.52925 -0.358953 -12.7442 2.50629 -1.07616 -12.6597 2.48896 -1.47247 -12.5961 2.1565 -0.853678 -12.6615 2.16281 -0.735129 -12.6884 2.62021 -1.51106 -12.6745 2.25931 -0.318033 -12.7104 2.41087 -0.830014 -12.573 2.3044 -1.0528 -12.7008 2.47464 -0.599931 -12.6762 2.46247 -0.242099 -12.6499 2.27816 -0.0925876 -12.6723 2.26798 0.37165 -12.6606 2.59685 -1.22037 -12.6753 2.52691 -1.51107 -12.5657 2.57587 0.157619 -12.6793 2.48219 -0.134161 -12.6329 2.46993 -0.36386 -12.6392 2.4734 -0.863787 -12.6532 2.50455 -0.951286 -12.6552 2.42501 -1.32362 -12.6433 2.17862 -0.432517 -12.6754 2.26015 -1.03072 -12.6294 2.17505 -0.239479 -12.6301 2.30527 -1.11543 -12.6148 2.28198 0.207367 -12.6146 2.35289 -1.21903 -12.635 2.16864 -0.945218 -12.5675 2.51741 -1.28106 -12.5484 2.18995 -0.114585 -12.6154 2.49264 0.0473339 -12.6485 2.26673 0.290869 -12.6009 2.48485 0.148544 -12.599 2.40602 -0.432662 -12.5621 2.49125 0.230182 -12.5822 2.57241 -1.40737 -12.5984 2.06113 -0.719475 -12.5444 2.05907 -0.48903 -12.5615 2.03733 -0.40243 -12.5305 2.34502 -1.22843 -12.6068 2.3975 -0.16381 -12.5514 2.21031 0.105945 -12.5746 2.36713 -1.36135 -12.533 2.44017 -1.12024 -12.5507 2.37628 -0.645494 -12.5477 2.33762 -0.738553 -12.503 2.42288 0.00505795 -12.5608 2.33407 -0.975191 -12.4499 2.20024 -1.05733 -12.4688 2.07531 -0.847735 -12.5372 2.56354 -1.4881 -12.5345 2.36119 -0.237852 -12.505 2.11278 0.202967 -12.4459 2.00565 -0.298427 -12.4896 2.04663 -0.164201 -12.5114 2.08297 0.0974383 -12.4673 2.02948 -0.859212 -12.4326 2.31731 -0.575722 -12.4827 2.3782 0.266523 -12.4371 2.37438 -1.08172 -12.4823 2.29377 -0.86222 -12.4464 2.32235 -0.0517453 -12.4391 2.40748 0.114064 -12.4958 2.49003 -1.45985 -12.3945 2.51226 -1.36878 -12.4818 2.33479 -0.387073 -12.4738 2.20715 -1.22835 -12.4069 1.95229 -0.412896 -12.4072 2.15307 0.395398 -12.4963 2.1263 0.314125 -12.4441 2.4825 -1.50839 -12.402 2.29964 -0.474367 -12.4467 2.29483 -0.66365 -12.4381 1.97983 -0.817209 -12.3813 2.41717 -1.50412 -12.4011 2.38821 -1.16697 -12.4035 2.13681 -1.05184 -12.3819 2.32237 0.0229891 -12.4325 2.30536 -1.40774 -12.3788 2.33283 0.0959187 -12.4101 2.25984 -0.28931 -12.4175 2.26172 -0.609409 -12.3801 1.92063 -0.640718 -12.3063 2.23921 -1.02588 -12.3208 2.23784 -0.743952 -12.3551 2.23815 -0.426226 -12.3821 2.45399 -1.32899 -12.3791 1.95404 -0.176156 -12.4005 2.31992 -1.18582 -12.287 2.23473 0.073091 -12.3154 2.01688 0.0871622 -12.3839 2.20652 -0.505272 -12.3318 2.28422 0.202573 -12.3571 2.1905 -0.899364 -12.3045 2.17384 -1.31426 -12.2865 2.19683 -0.225887 -12.3231 1.89222 -0.332609 -12.3237 1.9066 -0.253053 -12.3441 1.93465 -0.908237 -12.2342 2.44361 -1.38878 -12.3158 2.20132 -0.0629074 -12.29 2.34959 -1.24864 -12.2496 1.90257 -0.0814718 -12.2864 2.15255 -0.753142 -12.2409 2.41525 -1.53461 -12.2872 2.1638 -0.586148 -12.2909 1.93455 0.10631 -12.2743 1.98191 0.214003 -12.2766 2.15724 -0.350665 -12.2688 2.33413 -1.51039 -12.2577 2.24097 0.253776 -12.267 1.8853 -0.543354 -12.2706 2.4431 -1.50633 -12.2587 1.88784 -0.765025 -12.2258 2.07801 -0.193618 -12.1416 2.00365 -1.06166 -12.161 2.1506 0.13969 -12.2055 2.15809 -0.460546 -12.2087 1.88688 -0.969886 -12.0913 2.40895 -1.40357 -12.1931 2.15947 -0.885431 -12.2128 2.21908 -1.06794 -12.2391 2.00421 -1.18175 -12.0923 2.3584 -1.56615 -12.1268 2.40214 -1.54029 -12.1429 1.83866 -0.611343 -12.2036 2.24047 -1.1913 -12.1735 1.76532 -0.303599 -12.1462 2.20646 -1.4261 -12.2006 2.11305 -0.628866 -12.2274 2.19846 -0.999927 -12.2035 2.4026 -1.51071 -12.1156 2.08361 -0.685412 -12.1919 2.06046 -0.318458 -12.1592 1.71832 -0.216154 -12.0701 1.88557 0.171889 -12.1377 2.32025 -1.55182 -12.1531 2.17098 -1.08786 -12.1425 1.8398 -0.811071 -12.1185 2.09607 -0.779286 -12.1313 1.72747 -0.664823 -12.0105 2.11081 -0.899746 -12.1576 1.98186 -0.649131 -12.0816 1.78559 -0.543769 -12.1236 2.10322 -1.36426 -12.1088 2.17288 -1.1415 -12.0808 2.00139 -0.723067 -12.068 2.2541 -1.25727 -12.0861 2.11538 -1.0985 -12.0247 1.93706 -1.10829 -12.0306 1.78501 0.0520685 -12.0723 2.14921 -1.46484 -12.0551 2.1146 -1.01722 -12.0705 1.94047 -1.27772 -11.9208 2.0491 -0.922656 -12.0715 1.66577 -0.244271 -12.0085 2.31981 -1.5656 -11.9959 2.32823 -1.42133 -12.0273 1.70354 -0.596008 -11.9926 2.24693 -1.57491 -11.9928 2.16925 -1.23263 -11.9294 1.6891 -0.303121 -12.0401 2.34713 -1.52668 -11.9917 1.94035 -1.37688 -11.8322 2.24403 -1.36823 -11.9658 1.86139 -1.02405 -11.968 2.05039 -1.51047 -11.8603 1.62487 -0.218875 -11.9469 1.70897 0.0328023 -11.9621 2.27562 -1.44902 -11.9052 1.60099 -0.595046 -11.8628 1.74315 -0.827549 -11.8799 1.63188 -0.089265 -11.9064 2.23853 -1.60597 -11.8544 1.55555 -0.414724 -11.8528 2.17759 -1.31809 -11.8819 1.72504 -0.769991 -11.9142 2.11339 -1.60321 -11.7911 1.64292 -0.767875 -11.7763 2.0754 -1.25068 -11.8228 2.29539 -1.56245 -11.8508 1.67111 0.0478699 -11.8928 1.71873 -0.947578 -11.7819 1.56524 -0.545106 -11.8327 1.5422 -0.211504 -11.8187 1.38807 -0.397788 -11.6271 1.72919 -1.07998 -11.7247 2.18581 -1.63018 -11.805 2.23931 -1.44368 -11.8059 2.16139 -1.37188 -11.8061 1.97609 -1.52358 -11.7097 1.54852 -0.0749516 -11.7404 2.26866 -1.58208 -11.7467 2.25029 -1.51204 -11.7346 1.7552 -1.197 -11.6728 2.22234 -1.64348 -11.6984 1.40053 -0.593227 -11.5999 1.54498 -0.67146 -11.7299 2.15199 -1.42424 -11.7474 2.07524 -1.6413 -11.6338 1.81413 -1.34049 -11.6322 1.52565 -0.766782 -11.6334 1.61196 -0.887525 -11.6636 2.23753 -1.55527 -11.6424 1.64179 -1.06001 -11.6052 1.53968 -0.956647 -11.5441 1.50379 -1.05399 -11.4365 3.41162 0.812383 -13.7967 3.37611 0.911229 -13.8093 3.44795 0.947221 -13.7575 3.42173 1.03682 -13.7856 3.34305 0.905826 -13.7956 3.3556 0.991884 -13.7575 3.43831 0.802612 -13.753 3.47517 1.12714 -13.7534 3.41004 1.18323 -13.7452 3.48379 1.2332 -13.7763 3.32218 0.913441 -13.7467 3.53158 1.2315 -13.75 3.49258 1.31088 -13.7531 3.56102 1.50916 -13.7583 3.5215 1.41962 -13.7414 3.46197 1.44122 -13.7205 3.22459 0.809681 -13.6641 3.24674 0.973494 -13.6398 3.49314 1.69791 -13.7045 3.54325 1.59276 -13.7294 3.45812 1.55566 -13.7018 3.55845 1.73392 -13.7235 3.54653 1.32755 -13.7039 3.45368 0.882665 -13.6944 3.4773 0.982535 -13.693 3.57093 1.46075 -13.711 3.35085 1.23714 -13.6435 3.47135 1.09118 -13.6845 3.59581 1.59256 -13.6957 3.50987 1.77512 -13.7057 3.28695 1.11073 -13.6245 3.53928 1.23363 -13.6715 3.61308 1.73985 -13.6745 3.40767 1.45476 -13.6603 3.38315 0.731045 -13.6282 3.56173 1.41268 -13.6334 3.59048 1.87451 -13.6434 3.3978 1.56301 -13.6423 3.41192 0.920544 -13.5909 3.53782 1.93984 -13.6381 3.46054 1.87212 -13.6263 3.60109 1.66593 -13.6118 3.41868 1.00892 -13.619 3.6099 1.7636 -13.5497 3.51983 1.28662 -13.606 3.61923 1.90962 -13.6024 3.55417 1.5154 -13.5776 3.44985 1.15735 -13.6144 3.31694 1.43461 -13.6127 3.35695 1.757 -13.5759 3.46493 1.93163 -13.5978 3.54218 1.4193 -13.5877 3.55314 1.57506 -13.5469 3.40212 1.12937 -13.5247 3.47636 2.03379 -13.5896 3.55233 2.09062 -13.6167 3.31416 1.63352 -13.5733 3.6071 2.10273 -13.6098 3.27491 1.2689 -13.5821 3.65569 2.10804 -13.5662 3.55355 2.1754 -13.5657 3.65416 1.95467 -13.5183 3.26254 1.40234 -13.5569 3.34376 0.779749 -13.5061 3.41517 1.22082 -13.4941 3.3863 0.999042 -13.5398 3.18207 1.15928 -13.5085 3.12309 0.84995 -13.5578 3.39442 1.92728 -13.5304 3.1324 0.98765 -13.5124 3.53174 1.69302 -13.4934 3.28053 1.79779 -13.4536 3.48396 2.14348 -13.5285 3.03002 0.928533 -13.44 3.62138 2.19011 -13.525 3.31695 0.957757 -13.4555 3.12714 1.15146 -13.4462 3.48842 1.60369 -13.4598 3.38175 2.06172 -13.464 3.35647 1.07253 -13.4516 3.66333 2.06682 -13.4891 3.53786 2.2107 -13.4896 3.22982 1.56941 -13.4892 3.18792 1.68181 -13.3913 3.19219 1.4384 -13.4856 3.39284 1.45609 -13.4137 3.36671 1.16366 -13.4698 3.63557 2.17447 -13.4705 3.61315 1.96125 -13.4351 3.56052 1.94147 -13.3789 3.31803 1.97614 -13.4129 3.52118 2.20412 -13.3515 3.37532 1.29731 -13.4371 3.28388 0.755308 -13.4606 3.38268 1.37874 -13.4177 3.36968 2.13837 -13.3309 3.28562 0.819629 -13.4459 3.14472 1.50341 -13.4098 3.52798 1.81784 -13.4367 3.03494 1.07082 -13.3789 3.24815 1.1486 -13.3401 2.95922 0.918015 -13.3576 3.17109 0.65609 -13.3545 3.03536 1.35707 -13.3231 3.28928 1.27829 -13.3659 2.87814 0.653315 -13.3351 2.93102 0.746509 -13.3708 3.21237 0.973224 -13.3701 3.48553 1.76848 -13.3736 3.58799 2.114 -13.3597 3.54347 2.17958 -13.3075 3.21332 1.86064 -13.3106 3.03415 1.51926 -13.2832 3.2013 0.848163 -13.358 3.491 1.85654 -13.3033 3.0882 0.784226 -13.2218 3.29791 2.09059 -13.2731 3.37451 1.70895 -13.272 3.33066 1.50869 -13.3281 2.96009 1.00091 -13.3253 3.12661 0.941901 -13.2715 3.16664 1.25245 -13.245 3.21248 1.97462 -13.2331 3.05307 0.698789 -13.2051 2.93497 1.31236 -13.2253 2.86045 0.942274 -13.2877 3.10624 1.77318 -13.2449 3.23207 1.3751 -13.2609 3.5079 2.03377 -13.2379 3.15063 1.11995 -13.2332 3.14649 1.05438 -13.2447 2.85285 1.04083 -13.2621 3.10931 0.606582 -13.2698 3.43236 2.20119 -13.2498 3.35212 1.79587 -13.1988 3.01535 1.63807 -13.208 2.91619 1.25673 -13.2262 3.03745 0.991215 -13.159 3.21421 1.51823 -13.2017 3.34295 2.19349 -13.2056 3.26708 2.11817 -13.2012 3.45919 2.20725 -13.2047 3.51654 2.14312 -13.2203 2.97666 1.52769 -13.2168 2.91689 1.46355 -13.1614 3.43763 1.89939 -13.1858 3.09078 1.88931 -13.1304 3.45022 2.06893 -13.1548 3.29132 1.62094 -13.2263 3.27249 1.67692 -13.1537 2.84439 1.24394 -13.2012 3.10977 1.4582 -13.0768 3.45894 2.13667 -13.154 3.0091 0.766625 -13.1447 2.66042 0.636714 -13.0965 2.98919 1.76311 -13.08 3.06082 1.39015 -13.0652 2.6965 0.906277 -13.1112 2.82948 1.299 -13.1715 2.98581 0.563513 -13.1298 3.18992 1.6072 -13.1116 3.3876 1.93322 -13.122 3.44474 2.21195 -13.1616 2.96287 1.65424 -13.1313 2.72253 1.07113 -13.1079 2.7577 1.31743 -13.0802 3.02425 1.24956 -13.0808 2.83473 1.47821 -13.0928 2.89731 1.61881 -13.0573 2.93131 0.813209 -13.0651 3.26593 2.27168 -13.0339 3.40671 2.2463 -13.0983 3.02975 1.09838 -13.0998 3.25471 1.80183 -13.0882 2.97288 0.959038 -13.0906 3.22348 2.22722 -13.0511 3.11271 2.02966 -13.0521 3.19056 1.72208 -13.0701 2.90155 0.659577 -13.0165 3.0556 1.95567 -13.0468 3.37689 1.96778 -13.0768 3.4048 2.11599 -13.0563 2.89252 1.7036 -12.9888 3.25809 1.87769 -13.0381 2.8705 0.511201 -13.0116 3.35856 2.23834 -13.0474 2.63204 1.23149 -12.9389 2.92205 1.03923 -13.0246 3.33521 2.08765 -12.9814 2.97238 1.20979 -13.0129 3.07702 1.57376 -13.0147 3.2869 2.24428 -12.9499 2.50502 0.850782 -12.8861 2.89523 1.86838 -12.9212 2.81695 1.64098 -12.9476 3.22483 1.95842 -12.9105 2.9845 1.36025 -12.9854 3.03879 1.44026 -12.9874 2.51943 0.646757 -12.9113 2.88388 1.17161 -12.947 2.9498 1.27292 -12.955 3.07223 1.71104 -12.92 2.66166 1.41509 -12.9017 3.16905 2.19793 -12.9696 3.02598 1.54093 -12.9475 2.87523 1.04142 -12.9352 2.86352 0.879433 -12.9518 2.85928 0.731803 -12.9704 3.07937 2.13653 -12.881 2.72194 1.54616 -12.9023 3.16035 1.82641 -12.9201 2.52514 0.996112 -12.8752 2.80007 0.601666 -12.9145 2.97554 2.00245 -12.9079 2.78449 1.1373 -12.8457 2.75265 0.653483 -12.8358 2.94664 1.4806 -12.8757 3.21594 2.233 -12.9017 2.91292 1.94371 -12.8928 3.0439 1.64866 -12.8864 2.92289 1.39537 -12.9021 2.81879 0.967635 -12.9049 3.26108 2.19313 -12.9018 3.11608 2.20104 -12.8108 3.28699 2.09282 -12.9155 2.78074 0.741782 -12.8843 2.80955 1.77273 -12.8692 2.74355 1.68412 -12.8237 2.81011 1.25849 -12.826 2.73519 0.557982 -12.8326 2.85336 1.45314 -12.7849 2.72639 0.787163 -12.8083 3.23587 2.11063 -12.8217 2.5858 1.48928 -12.7773 2.81564 1.88293 -12.8455 2.66572 0.485993 -12.7753 2.98581 1.71632 -12.7851 2.5411 1.27853 -12.807 3.06393 1.82107 -12.8057 2.49057 1.11414 -12.8038 2.82773 1.36793 -12.8054 2.64472 1.71897 -12.7083 2.7266 1.02512 -12.7871 2.99212 2.09826 -12.8118 2.45849 0.688628 -12.8029 2.44549 0.827333 -12.7859 2.78761 1.19025 -12.7989 2.43923 0.978509 -12.7561 3.20971 2.19962 -12.7762 2.83435 2.01608 -12.7558 2.65787 1.83093 -12.7272 2.72294 1.87568 -12.7847 3.10427 1.92226 -12.7771 3.08984 1.98819 -12.7251 3.01238 2.15123 -12.7491 3.14243 2.2175 -12.7265 2.90002 1.58818 -12.7512 2.75564 1.94442 -12.7669 2.88925 2.07025 -12.7444 2.72321 1.11137 -12.7247 3.16005 2.16271 -12.7274 2.77426 1.29809 -12.721 2.78354 1.38504 -12.7305 3.11336 2.21562 -12.722 2.99076 1.8376 -12.7018 3.04187 1.87682 -12.7556 2.32386 1.07609 -12.5951 2.61289 1.93801 -12.5984 2.62615 0.957214 -12.6559 2.90437 2.14916 -12.6289 2.45977 1.26652 -12.6974 2.50876 1.51746 -12.6399 2.91618 1.71668 -12.713 2.28203 0.679065 -12.5927 2.8026 1.47838 -12.7015 2.58105 0.431768 -12.6784 2.38157 1.21563 -12.6187 2.62797 0.575682 -12.6742 2.29683 0.420175 -12.7031 2.83862 1.67248 -12.6253 2.27018 0.499732 -12.6636 2.61665 0.678209 -12.6488 2.29581 0.604639 -12.6518 3.09654 2.11952 -12.6301 2.65883 1.04275 -12.6814 2.69671 1.20956 -12.6809 2.2574 0.815306 -12.5625 2.72925 2.02468 -12.6372 2.71906 1.27521 -12.6658 2.5876 1.71401 -12.6159 2.84129 2.11547 -12.5778 2.54996 0.88101 -12.5567 3.00791 1.99698 -12.612 2.97523 2.20262 -12.559 2.65341 1.18693 -12.6237 3.08984 2.21145 -12.6331 2.61121 1.12975 -12.5886 2.18722 0.457805 -12.5592 2.55322 0.485875 -12.6176 2.54554 1.84454 -12.5509 2.73834 1.5517 -12.5914 2.55635 0.998771 -12.5246 2.60532 2.02708 -12.4811 2.20533 0.535178 -12.5614 2.66408 1.28797 -12.6069 2.51945 0.394995 -12.5832 2.68051 1.45091 -12.5294 2.79848 1.73147 -12.5483 3.07233 2.18692 -12.5692 2.90119 1.87651 -12.575 2.39212 1.43589 -12.5418 2.34964 1.32864 -12.5374 2.47977 0.489439 -12.5343 2.99526 2.15156 -12.5098 2.52501 0.593746 -12.5605 2.97258 2.1957 -12.5064 2.63748 1.3547 -12.535 2.17891 0.604591 -12.4671 2.50454 0.699566 -12.4977 2.17147 0.707631 -12.4638 2.55549 1.28006 -12.4208 2.39725 1.58563 -12.5145 2.71878 2.10593 -12.4717 2.85268 2.15105 -12.5031 2.44889 0.315184 -12.5006 2.2245 1.09618 -12.4804 2.86172 2.00343 -12.4483 2.86991 2.12876 -12.4159 2.4498 1.7664 -12.477 2.156 0.991961 -12.4347 2.68333 1.58316 -12.4941 2.89379 2.16581 -12.4586 2.81907 1.91087 -12.4555 2.47345 1.89363 -12.3923 2.39835 0.518883 -12.4245 2.43834 0.642732 -12.4514 2.35151 0.391427 -12.3954 2.28617 1.52727 -12.3868 2.49409 0.852444 -12.4717 2.6648 1.67186 -12.4326 2.5629 1.43591 -12.3926 2.51136 1.36534 -12.3701 2.24074 1.38889 -12.3981 2.09917 0.504246 -12.3802 2.42754 0.770675 -12.4266 2.48623 1.1402 -12.4154 2.4497 0.998764 -12.4285 2.43748 1.09364 -12.3758 2.10544 0.810452 -12.3954 2.79206 2.18865 -12.3818 2.68351 1.78748 -12.3473 2.31819 1.69959 -12.3618 2.07557 0.395528 -12.3569 2.57927 1.59112 -12.3903 2.49357 2.01949 -12.3396 2.02638 1.04309 -12.2964 2.13557 1.17869 -12.3672 2.75629 1.9589 -12.3678 2.55825 2.09841 -12.3125 2.6889 2.18646 -12.3241 2.83898 2.18342 -12.3684 2.08097 0.556069 -12.3238 2.11657 0.71238 -12.402 2.36726 0.716705 -12.3535 2.39525 0.826273 -12.3498 2.34365 0.5564 -12.3293 2.83466 2.14377 -12.3153 2.47453 1.27438 -12.3578 2.66259 1.85106 -12.2891 2.02621 0.63577 -12.2752 2.28614 0.423146 -12.3006 2.61216 1.72352 -12.3424 2.37238 0.981746 -12.3082 2.50242 1.5441 -12.3001 2.01771 0.855514 -12.3017 2.18237 1.59764 -12.2511 2.17061 1.51576 -12.2698 2.37846 1.10987 -12.2667 2.40707 1.22177 -12.3046 2.45088 1.36538 -12.2831 2.11882 1.40472 -12.2638 2.33366 0.820315 -12.286 1.94937 1.12742 -12.1873 2.31474 0.92266 -12.2658 2.36951 1.29311 -12.2474 2.04528 0.444425 -12.2633 2.69586 1.95929 -12.2479 1.98433 0.280143 -12.2446 2.2145 0.432019 -12.2408 2.45345 1.50264 -12.272 2.28507 0.695649 -12.2545 2.49292 1.62912 -12.2458 2.7561 2.19821 -12.2746 2.50826 1.74376 -12.2152 2.26352 1.80013 -12.2065 2.74114 2.09473 -12.2321 2.26514 1.08385 -12.1674 2.39858 1.4168 -12.226 2.38016 2.03872 -12.185 2.69175 2.23387 -12.2273 1.88885 1.02407 -12.1379 1.9806 1.22212 -12.1823 2.27134 1.94424 -12.1056 2.26911 0.765531 -12.198 2.29305 0.983178 -12.2206 2.24095 0.591578 -12.2156 2.65017 2.24457 -12.1152 1.85325 0.946281 -12.0968 2.60665 1.91486 -12.1921 2.66011 2.01464 -12.1772 1.99936 0.382415 -12.1684 2.39356 1.50001 -12.1924 2.69011 2.16737 -12.1438 2.69529 2.09998 -12.1637 2.19646 0.700284 -12.1523 2.46408 1.71407 -12.1482 1.9764 1.40252 -12.0465 2.19496 0.471711 -12.2042 2.47372 2.22664 -12.0796 2.3085 1.40743 -12.1709 2.39431 1.60505 -12.1528 2.23279 0.977768 -12.1551 2.57674 2.25148 -12.1087 1.97747 0.445942 -12.122 1.86866 0.6767 -12.0521 2.62617 2.03834 -12.0795 2.26619 1.45067 -12.0748 2.22318 0.833339 -12.1286 2.26411 1.26253 -12.1361 2.13656 0.633367 -12.0944 2.47504 1.80403 -12.0895 2.08134 1.68003 -12.0148 2.5569 1.9511 -12.0857 1.86133 0.480315 -11.9843 2.20631 1.08211 -12.0752 2.34752 1.71637 -12.0661 2.2228 1.1591 -12.058 2.51526 2.2971 -11.9846 2.28697 2.06905 -12.016 1.88128 0.273385 -12.0296 1.72021 1.06231 -11.9076 2.16028 0.743437 -12.0509 2.18511 0.813501 -12.0693 2.23587 1.26079 -12.085 2.19233 0.9711 -12.0425 2.44717 2.26989 -11.991 2.16536 1.82715 -12.0501 2.53945 2.00509 -12.0127 2.37539 2.19886 -12.0137 2.23338 1.51203 -12.0369 2.18619 1.92547 -11.9996 1.77863 1.13888 -11.9518 2.29217 1.6267 -12.0105 2.12838 0.903225 -12.0304 2.65825 2.16196 -11.9973 2.60101 2.21664 -11.9799 2.2153 1.38312 -12.0138 2.11637 0.817502 -12.0134 2.11632 1.02861 -11.9909 2.16674 1.29147 -11.9975 2.13906 1.13033 -11.967 1.63279 1.11546 -11.769 2.03419 0.666429 -11.9624 1.98289 1.56963 -11.9149 2.08429 0.776183 -11.9749 1.79668 0.243303 -11.932 2.20227 1.48047 -11.9561 2.326 1.75087 -11.9586 2.39831 1.8392 -11.9459 2.26987 1.63597 -11.9445 2.46486 1.90262 -11.9386 2.0723 1.78258 -11.925 2.16131 1.35992 -11.9408 1.76266 0.920153 -11.962 2.51578 2.27839 -11.8948 2.08908 0.971697 -11.8961 2.14246 1.39898 -11.9037 2.55287 2.13007 -11.9199 1.91571 1.4576 -11.9009 2.24323 1.58961 -11.9215 1.70967 0.864231 -11.8714 2.10281 1.17702 -11.9182 2.4866 1.98892 -11.9106 2.25573 2.12099 -11.8956 2.13847 1.94626 -11.8898 1.75192 0.534627 -11.8457 2.33436 2.21116 -11.8841 1.7364 0.285109 -11.8405 1.98383 1.67156 -11.8623 2.09266 1.05931 -11.8531 2.07134 1.21045 -11.8395 2.11558 1.27776 -11.8783 1.7878 1.30002 -11.8375 2.17617 1.49931 -11.8572 2.03422 1.97238 -11.7339 2.26332 1.73013 -11.8697 2.3844 2.25517 -11.8706 2.34314 1.85237 -11.8694 2.53264 2.2457 -11.8874 2.49841 2.16352 -11.756 2.20634 1.63295 -11.8692 2.38525 1.94562 -11.8511 1.96744 1.80233 -11.7543 1.6807 0.184533 -11.8074 2.22559 1.81023 -11.8112 2.28987 2.2448 -11.7355 2.42776 2.29645 -11.7962 2.27092 1.88871 -11.7703 2.02589 1.28517 -11.8287 2.08036 1.4016 -11.8148 2.49183 2.27354 -11.7469 2.13622 1.56532 -11.7937 1.73926 1.40636 -11.6584 1.6085 1.00121 -11.7547 2.17621 1.6751 -11.7604 2.0843 2.11245 -11.639 1.66475 0.641361 -11.7639 2.38931 2.03819 -11.7143 1.60508 0.827569 -11.7259 1.91737 1.61026 -11.7486 2.02801 2.04539 -11.6503 1.63506 1.24913 -11.6632 2.01431 1.40501 -11.7586 1.55835 1.07223 -11.6817 2.15868 1.86148 -11.7377 1.95539 1.18051 -11.7668 2.41773 2.31687 -11.6328 2.15908 1.76899 -11.7419 2.32066 1.9565 -11.7307 1.93168 1.87808 -11.6609 1.59184 0.328113 -11.6173 1.97348 1.2578 -11.7362 2.43572 2.11259 -11.7027 2.43601 2.17367 -11.6255 2.06174 1.63527 -11.6865 1.96012 1.34534 -11.6698 2.04465 1.50731 -11.7052 2.32423 2.29899 -11.6428 1.74353 1.51115 -11.5689 2.1966 1.92634 -11.6901 2.0253 1.56512 -11.6826 1.98548 1.42004 -11.685 2.19314 1.97711 -11.6294 2.1047 1.82738 -11.604 2.32742 2.09966 -11.6134 1.86981 1.8142 -11.6098 1.9232 1.37302 -11.625 2.44668 2.26712 -11.6244 2.3668 2.32172 -11.6102 2.14437 2.255 -11.4697 2.0502 1.63563 -11.6518 1.81178 1.66836 -11.5914 2.07887 1.72327 -11.5991 1.92897 1.53581 -11.6129 2.01181 1.69812 -11.5645 2.25809 2.07232 -11.5706 1.99179 1.62586 -11.5712 2.11199 1.94096 -11.5708 1.94562 1.56783 -11.5221 1.88009 1.45651 -11.5635 2.05494 1.85865 -11.5346 1.68296 1.73229 -11.3786 2.44449 2.25414 -11.5056 2.3741 2.34487 -11.4316 1.92097 1.61982 -11.5192 1.63503 1.40325 -11.5049 2.00648 1.80626 -11.5258 2.34356 2.15697 -11.5073 1.75091 1.93366 -11.382 2.16635 2.03974 -11.5034 1.86887 1.48192 -11.4898 1.92513 1.68124 -11.5308 2.26968 2.09824 -11.4637 2.43077 2.19924 -11.5282 2.31646 2.32636 -11.5311 1.6526 1.59047 -11.4195 1.94428 1.84771 -11.4525 2.1111 1.92793 -11.479 1.93892 2.12988 -11.3975 2.09924 2.28346 -11.3195 1.82837 1.66316 -11.4701 1.93371 1.72998 -11.4707 2.11808 1.97312 -11.434 1.66702 1.87257 -11.2971 2.44658 2.2116 -11.4524 2.43117 2.26907 -11.3993 1.92015 1.56973 -11.4221 1.92162 1.61909 -11.4318 2.00344 1.90631 -11.4393 2.34772 2.15521 -11.4088 1.85404 1.74597 -11.4247 2.17103 2.02281 -11.4185 1.80025 1.49649 -11.4511 2.27778 2.08683 -11.3522 1.75662 1.9864 -11.3356 1.78506 1.69773 -11.365 1.97471 1.96275 -11.3941 1.84776 1.77003 -11.372 2.43578 2.24755 -11.3604 1.84402 1.60778 -11.3945 2.35519 2.38559 -11.2528 2.11027 2.04614 -11.3591 2.17536 2.3336 -11.2681 1.92832 2.15577 -11.326 1.77265 1.63925 -11.3293 2.00285 2.01499 -11.3064 2.33697 2.20249 -11.3351 1.88105 1.85776 -11.3159 2.2892 2.36956 -11.2949 1.8243 1.79048 -11.2976 2.42568 2.34264 -11.2745 1.65461 2.01049 -11.144 1.7615 1.69388 -11.3126 1.93736 1.98158 -11.2592 2.09213 2.05774 -11.2976 1.72893 1.68952 -11.2211 2.01367 2.04167 -11.2226 1.75713 1.7781 -11.2282 2.22817 2.10195 -11.2691 1.87352 1.94222 -11.2206 2.27763 2.1692 -11.2459 2.39851 2.28214 -11.1719 1.86151 1.83828 -11.2439 1.8067 2.19829 -10.9841 2.42519 2.31707 -11.1935 1.96402 1.99222 -11.1978 2.10895 2.12536 -11.2103 2.33323 2.24918 -11.1702 2.00215 2.3004 -11.0436 1.79129 1.85556 -11.181 2.12203 2.14278 -11.1588 2.26273 2.16904 -11.1852 1.72841 1.75319 -11.1825 2.05579 2.08194 -11.1761 2.37981 2.38204 -11.1752 2.00094 1.98727 -11.156 1.84867 1.90183 -11.1369 1.93741 1.94595 -11.123 1.86596 1.98811 -11.1342 2.11417 2.00482 -11.1496 1.64043 1.78084 -11.0923 1.72062 1.86907 -11.1387 2.21578 2.08304 -11.1408 2.30116 2.13674 -11.1315 1.76007 1.90185 -11.1156 2.2872 2.40423 -11.0858 2.17331 1.85409 -11.0991 2.44717 2.33087 -11.0868 2.31554 2.04622 -11.0913 2.43852 2.24909 -11.0545 1.79132 1.99938 -11.1004 2.02748 1.82581 -11.1035 2.13472 2.36513 -11.0039 1.67664 1.83058 -11.0978 1.84722 1.93912 -11.0237 2.42742 2.35854 -10.9896 2.36376 2.4039 -10.9977 1.67426 1.86823 -10.9745 1.69444 1.91886 -10.9869 2.25867 2.40915 -10.9795 2.4074 2.05513 -11.0088 1.80837 2.00849 -10.9926 1.73726 1.98512 -10.9623 2.31651 2.42442 -10.9191 2.4797 2.19336 -10.9102 1.95312 2.30692 -10.8805 2.48821 2.36099 -10.8935 2.16652 2.40085 -10.7759 1.60979 1.88117 -10.9301 1.64933 1.95181 -10.9322 1.67601 1.96482 -10.8972 2.41123 2.38961 -10.8947 1.71535 1.95021 -10.891 1.58963 1.90266 -10.8424 2.3698 2.44226 -10.7472 2.43441 2.37787 -10.8036 2.48769 2.25074 -10.8189 2.27583 2.43763 -10.7203 2.43845 2.31341 -10.7804 2.52746 2.16376 -10.7744 2.48568 2.25342 -10.7794 2.49245 2.36315 -10.7456 8.11278 -1.30531 -10.8819 8.07469 -1.25639 -10.9003 8.17464 -1.14434 -10.8624 8.11468 -1.13464 -10.877 8.00334 -1.2173 -10.868 8.17585 -1.26676 -10.8349 8.19165 -1.01139 -10.8431 7.97975 -1.30608 -10.8337 8.1641 -0.962762 -10.8245 7.95128 -1.2675 -10.8412 7.87207 -1.25171 -10.8071 7.86451 -1.3107 -10.8001 7.96064 -1.17875 -10.801 8.07171 -1.05865 -10.7925 8.09556 -1.30507 -10.7853 8.19944 -0.865186 -10.783 8.2465 -0.981306 -10.782 7.94374 -1.30101 -10.741 8.10186 -1.27461 -10.7266 8.176 -1.16835 -10.7081 8.25009 -0.85796 -10.7594 8.26938 -0.82813 -10.6861 7.78898 -1.29087 -10.7586 7.80977 -1.32024 -10.7423 7.95842 -0.889094 -10.6182 8.23907 -0.786505 -10.7665 8.20134 -0.721249 -10.7417 8.14696 -0.723398 -10.6691 8.29707 -0.696066 -10.698 8.2374 -0.968176 -10.7084 7.75567 -1.14966 -10.6631 8.23469 -0.603894 -10.7037 8.08776 -0.911346 -10.7077 7.66332 -1.3226 -10.6862 7.81882 -1.29457 -10.6649 7.56318 -1.29718 -10.6496 7.81765 -1.011 -10.6128 7.93756 -1.25587 -10.6632 8.27975 -0.50965 -10.6721 8.2003 -0.915195 -10.6339 8.02868 -1.21977 -10.655 8.32798 -0.480742 -10.6321 7.53057 -1.26466 -10.6118 7.66701 -1.32222 -10.6286 8.24861 -0.454747 -10.649 8.3156 -0.355341 -10.6415 8.05936 -0.699454 -10.5916 8.12896 -1.13813 -10.6414 8.18494 -0.461364 -10.5874 7.47218 -1.32017 -10.5872 8.34724 -0.404502 -10.6118 8.27555 -0.151348 -10.6128 8.21424 -0.755906 -10.5798 7.97887 -1.1146 -10.5704 7.71386 -1.25097 -10.5667 8.12136 -0.513858 -10.5665 8.2778 -0.0621617 -10.6115 8.23303 -0.0324834 -10.6105 7.85019 -1.20972 -10.5952 8.31987 -0.223917 -10.611 8.33605 -0.161121 -10.603 8.29241 -0.598902 -10.5846 7.52357 -1.33692 -10.5725 8.24482 -0.247746 -10.61 8.17428 -0.339167 -10.5538 8.32955 -0.323554 -10.6092 7.5971 -1.157 -10.5595 8.08137 -0.974446 -10.5628 8.22911 -0.657239 -10.544 7.95897 -0.781848 -10.5788 7.81873 -0.922006 -10.5674 8.32064 -0.130356 -10.5799 8.27659 0.0601617 -10.5939 8.28708 -0.496168 -10.5405 8.29304 -0.341773 -10.5013 8.31054 -0.218169 -10.5148 7.36697 -1.31313 -10.5277 8.14547 -0.146801 -10.5189 7.44776 -1.24142 -10.5329 8.30478 -0.00980682 -10.5576 7.88332 -0.74941 -10.508 8.30688 0.1716 -10.5466 8.23284 0.170334 -10.5643 8.12945 0.0631498 -10.5176 8.26359 0.217729 -10.5763 8.14819 -0.737692 -10.53 7.27515 -1.35038 -10.4784 8.27034 0.316215 -10.5902 8.27654 0.380003 -10.567 8.23536 0.382715 -10.5447 8.04635 -0.543551 -10.5279 8.25715 0.599069 -10.5503 7.56154 -1.30205 -10.5293 7.67772 -0.968952 -10.4987 7.87105 -1.07454 -10.5043 8.31658 0.395289 -10.5255 7.92369 -0.653384 -10.5038 8.10737 -0.0498305 -10.5145 8.20428 0.440986 -10.4986 7.35546 -1.1806 -10.4315 8.29298 -0.140064 -10.5031 8.11371 -0.291657 -10.5035 8.30291 0.300826 -10.4893 8.27963 0.208418 -10.4765 7.95734 -0.943837 -10.4869 7.36753 -1.35456 -10.469 7.77787 -0.869552 -10.5045 7.97645 -0.41838 -10.4524 7.55308 -1.19618 -10.426 8.13284 0.341738 -10.487 8.28291 0.00672171 -10.4949 7.92359 -0.569105 -10.4505 7.12979 -1.34032 -10.417 8.05104 -0.193301 -10.4681 7.22865 -1.36884 -10.4187 8.21146 -0.475311 -10.4638 7.32459 -1.3349 -10.4014 8.02414 -0.0503245 -10.4683 7.8689 -0.99335 -10.4584 8.1193 0.170018 -10.478 7.82575 -0.69987 -10.4603 7.66229 -1.15551 -10.4604 7.67354 -0.908735 -10.4462 7.23463 -1.27346 -10.4374 7.99603 0.181598 -10.4117 8.01087 -0.297967 -10.4519 8.25541 -0.133749 -10.4675 7.48387 -1.03263 -10.4326 8.27979 0.460149 -10.4286 8.03273 -0.507563 -10.3908 7.71764 -0.8113 -10.4392 7.96651 0.069006 -10.4196 7.78892 -0.468583 -10.3655 7.89401 -0.82734 -10.4107 7.96733 -0.186459 -10.4147 8.21834 0.0628992 -10.4325 8.1916 -0.326764 -10.4327 8.23578 0.243862 -10.4272 8.06424 0.424366 -10.4178 7.90456 -0.0532787 -10.4163 7.69972 -0.693312 -10.3805 8.05231 0.320428 -10.4181 8.18151 -0.0788915 -10.4284 7.46629 -0.965428 -10.3723 7.72536 -0.993803 -10.4045 7.4813 -0.943081 -10.3741 8.05464 0.0171445 -10.3554 8.05591 -0.356297 -10.3763 7.9165 -0.21246 -10.3808 7.13678 -1.3765 -10.4013 7.81815 -0.384693 -10.3509 7.80991 -0.847088 -10.3808 7.91575 0.240946 -10.3489 7.5941 -0.811695 -10.3717 7.35157 -1.05768 -10.3376 8.17636 0.285424 -10.3842 8.03571 -0.164276 -10.3703 7.67606 -0.587093 -10.3363 7.95836 0.368788 -10.3666 7.9391 -0.497178 -10.3327 8.08288 0.576134 -10.4008 7.22047 -1.17414 -10.3557 7.78679 -0.0187433 -10.3423 7.99934 0.589523 -10.3589 7.75881 0.0976689 -10.3013 7.73468 -0.432799 -10.3174 7.12142 -1.36221 -10.3117 7.0568 -1.31843 -10.3476 7.7191 -0.763125 -10.3062 7.53164 -0.775668 -10.3116 7.33626 -1.23005 -10.314 7.62524 -0.965098 -10.3361 6.96856 -1.36946 -10.3326 7.02404 -1.3899 -10.3086 7.42419 -0.885831 -10.279 7.82597 0.298368 -10.3004 7.79755 -0.174612 -10.3343 7.13335 -1.31318 -10.2566 7.15155 -1.19549 -10.3221 7.9098 0.469266 -10.3103 7.82299 -0.502555 -10.281 6.83393 -1.39656 -10.2618 7.78873 0.188293 -10.3106 7.92667 0.134371 -10.2889 7.93246 0.288172 -10.2751 7.22577 -1.07616 -10.3066 7.67446 -0.0832784 -10.2899 7.85454 0.650352 -10.2856 7.90082 -0.344979 -10.2915 7.87176 -0.158423 -10.2861 7.34394 -1.15281 -10.2622 7.46058 -0.94745 -10.2229 7.87964 -0.0310795 -10.2883 7.5671 -0.686031 -10.2792 7.13313 -1.2313 -10.1865 7.27941 -0.951183 -10.2298 6.85441 -1.37179 -10.2863 6.93088 -1.2634 -10.2746 7.68027 0.178288 -10.2409 6.99224 -1.10122 -10.2182 7.38331 -0.790004 -10.2226 7.79592 0.455143 -10.2706 7.12609 -1.04674 -10.2179 7.16872 -0.920355 -10.1786 7.6867 -0.586188 -10.2276 7.63982 0.0606951 -10.2607 7.62864 -0.379872 -10.2615 7.81541 0.566606 -10.2616 7.00766 -1.3783 -10.2473 7.58335 -0.557015 -10.2429 7.69654 -0.40678 -10.2 7.43651 -0.691859 -10.2224 7.5783 -0.206498 -10.233 7.57427 -0.744968 -10.2097 7.77243 -0.249832 -10.2328 7.51288 0.00230157 -10.2115 7.72882 0.0218914 -10.2241 7.79556 0.158209 -10.2238 7.58844 -0.468022 -10.2362 7.57089 -0.395852 -10.2111 7.4528 -0.575437 -10.1718 7.70422 0.417783 -10.2156 7.49946 -0.15024 -10.1994 7.60381 -0.0528677 -10.1731 7.73598 0.669226 -10.1909 7.83894 0.731959 -10.2523 7.54751 0.151882 -10.2018 6.84076 -1.17679 -10.1852 7.78578 0.805532 -10.2132 6.94971 -1.34818 -10.1791 7.66242 -0.464826 -10.1867 7.61104 0.240676 -10.2054 6.70488 -1.37631 -10.2082 6.86029 -1.39344 -10.1857 7.22366 -0.882258 -10.1737 6.7592 -1.27929 -10.1949 7.01485 -1.14399 -10.054 7.50676 -0.488135 -10.2005 7.59848 -0.254472 -10.1572 7.66058 0.592478 -10.1534 7.54582 -0.275589 -10.1973 6.5789 -1.41305 -10.1637 7.30483 -1.00752 -10.1573 6.67218 -1.41766 -10.1038 7.47077 0.0201979 -10.1778 7.32598 -0.742261 -10.1418 7.51816 0.247809 -10.157 7.41486 -0.612438 -10.0695 7.62128 0.42562 -10.1584 7.46758 -0.41428 -10.1606 7.43061 -0.272722 -10.135 6.59792 -1.36467 -10.1715 6.71133 -1.27676 -10.1491 7.44773 -0.143253 -10.1578 6.99796 -0.976031 -10.0969 6.84602 -1.08288 -10.0561 7.38114 -0.834949 -10.121 6.94638 -1.24339 -10.086 6.49619 -1.3915 -10.1332 7.38116 -0.43276 -10.1028 6.72101 -1.38065 -10.0768 7.48935 -0.352009 -10.0866 6.74693 -1.15654 -10.0664 7.5736 0.701702 -10.1012 7.34615 -0.641795 -10.1257 7.58191 0.858293 -10.1099 7.51952 0.385525 -10.1031 7.0844 -0.950448 -10.1174 6.666 -1.26917 -9.93752 7.54336 0.563139 -10.0884 7.34083 -0.118605 -10.0888 7.30741 -0.0263713 -10.0858 6.91577 -1.01529 -10.0533 7.30026 0.0969776 -10.0858 7.47053 0.0663268 -10.0926 6.42576 -1.43543 -10.0575 7.40633 0.180971 -10.1051 7.43991 0.390101 -10.0603 6.55618 -1.34082 -10.069 7.47244 -0.471725 -10.0811 7.33114 -0.182224 -10.0644 7.50043 0.67771 -10.054 7.30181 -0.47971 -10.0583 6.45498 -1.37037 -10.0535 7.04607 -0.798311 -10.0165 7.11247 -0.738616 -10.0237 6.5809 -1.21196 -10.0025 7.26608 -0.603792 -10.0773 7.38288 -0.131074 -10.0544 6.41709 -1.444 -9.96699 7.48624 0.758431 -10.035 7.5175 0.941216 -10.0717 7.2357 0.0470222 -10.055 6.93132 -1.04793 -9.94245 7.26344 -0.364259 -10.023 7.32441 0.358727 -10.0264 7.3654 -0.366408 -10.0132 7.33498 -0.504008 -10.0034 7.34703 -0.221778 -10.0194 7.23246 -0.0821696 -10.0522 6.96152 -0.884572 -10.0314 6.59423 -1.40338 -10.0149 7.27367 0.266953 -10.0047 6.61956 -1.21464 -9.86441 7.20302 -0.00897077 -10.0284 7.13815 -0.570756 -9.98596 7.14315 -0.645727 -10.0055 7.26625 -0.195076 -10.0312 7.205 -0.513098 -10.0238 6.74567 -1.0397 -9.97564 6.35372 -1.41694 -10.0286 6.32501 -1.44825 -10.0032 6.43257 -1.30115 -9.98124 7.19947 -0.438745 -9.9853 7.38736 0.853455 -9.99571 7.17321 -0.123719 -9.99979 7.29849 0.613984 -9.95432 7.1219 0.0703938 -9.98065 7.15151 -0.214182 -9.97628 7.36608 0.743896 -9.99489 6.33626 -1.34525 -9.9858 7.26638 -0.345239 -9.96385 7.12218 -0.743363 -9.93724 7.31161 0.481974 -9.99584 6.98973 0.000963128 -9.91536 7.18087 0.398827 -9.94333 7.1244 -0.13806 -9.90841 6.18924 -1.46941 -9.9482 6.90104 -0.840701 -9.94237 6.88697 -0.940156 -9.8646 7.04979 -0.640543 -9.86649 6.12165 -1.44054 -9.92149 6.3201 -1.45949 -9.92301 7.02099 -0.604236 -9.91815 7.12531 0.301595 -9.92967 7.22769 0.747404 -9.91263 7.11842 -0.344911 -9.93003 6.34542 -1.29274 -9.9074 6.49386 -1.19719 -9.92395 7.16755 -0.449292 -9.91145 7.31321 0.999707 -9.95301 7.0041 -0.128332 -9.92085 6.97781 -0.706065 -9.91839 7.02746 0.198924 -9.92554 7.17503 0.551418 -9.91619 6.72536 -0.948244 -9.9171 6.725 -0.813163 -9.82739 7.15501 -0.291176 -9.90428 6.59931 -1.09428 -9.93196 6.9987 -0.432851 -9.86983 6.45084 -1.38655 -9.90633 6.49141 -1.30049 -9.84259 7.04864 0.366373 -9.90813 6.86122 -0.3375 -9.80976 7.23157 0.958078 -9.90421 6.96867 0.119806 -9.88989 6.0476 -1.48737 -9.8938 6.04892 -1.4637 -9.90911 6.21921 -1.3363 -9.85692 6.90556 -0.38602 -9.76463 6.91743 -0.0757728 -9.89366 6.95576 -0.634545 -9.88702 6.62722 -0.992221 -9.88974 6.90315 0.240011 -9.85423 6.93126 0.334564 -9.89196 6.22683 -1.40254 -9.75293 7.10576 0.717505 -9.85476 6.41092 -1.15882 -9.83244 6.83887 -0.762886 -9.86651 7.11946 0.949966 -9.85915 6.50686 -1.08999 -9.84579 6.50057 -1.02379 -9.80365 5.93318 -1.46477 -9.83535 6.09356 -1.40824 -9.8457 6.96285 0.45376 -9.85526 7.07354 0.561317 -9.87372 6.83821 -0.639546 -9.84133 6.74881 -0.114702 -9.81287 6.84388 0.424597 -9.81283 5.94843 -1.50512 -9.82168 6.14171 -1.48499 -9.82401 6.64119 -1.05978 -9.77605 6.96099 -0.504223 -9.79532 7.04651 1.10703 -9.83289 6.36285 -1.33144 -9.77528 6.74812 0.0327425 -9.81857 6.84262 0.27629 -9.81879 6.75538 0.202109 -9.81741 6.57802 -0.910457 -9.77521 5.84249 -1.50815 -9.84506 5.82085 -1.47642 -9.85218 6.85271 0.554282 -9.79953 6.81645 -0.128288 -9.76978 7.00776 0.950384 -9.81769 6.92886 0.665375 -9.79811 6.97597 0.784929 -9.79794 6.76686 -0.623506 -9.78853 6.86448 -0.438735 -9.79339 6.78679 -0.52334 -9.77586 5.94118 -1.43129 -9.80402 6.72223 -0.745982 -9.79902 6.23118 -1.3511 -9.70178 6.36606 -1.15915 -9.78748 6.65862 0.179291 -9.77087 6.37019 -1.09492 -9.76528 5.75596 -1.49732 -9.76743 5.78347 -1.45549 -9.77999 5.87018 -1.515 -9.70252 6.86857 0.92057 -9.7523 6.76392 -0.368446 -9.76669 6.05876 -1.32417 -9.75746 6.1715 -1.26156 -9.75102 6.68494 0.282925 -9.78713 6.92694 1.21038 -9.76029 6.66261 -0.788958 -9.76767 6.81201 0.717832 -9.77235 6.69122 -0.68255 -9.78074 6.26813 -1.12491 -9.72202 6.82393 -0.734338 -9.762 6.73072 -0.61153 -9.68033 6.58438 0.108313 -9.74462 5.78434 -1.51659 -9.75893 6.50668 -1.12473 -9.72508 6.43274 -0.936118 -9.72271 6.67836 0.377737 -9.755 6.73728 0.575147 -9.75402 6.66698 -0.188922 -9.77122 6.64002 -0.981465 -9.73741 6.79139 0.845063 -9.73525 6.6209 -0.0398682 -9.75433 6.70378 -0.586693 -9.73147 6.67232 -0.438125 -9.70666 6.59872 0.347324 -9.7188 6.58082 0.239295 -9.71466 5.69192 -1.47677 -9.73005 6.66799 0.524076 -9.73218 5.95761 -1.36774 -9.72714 6.01085 -1.47774 -9.70637 6.67486 0.668251 -9.69567 6.74462 -0.306677 -9.70151 6.58416 -0.745006 -9.72303 6.63521 -0.645097 -9.722 6.70445 1.06337 -9.69509 5.64469 -1.5584 -9.65833 6.2867 -1.05729 -9.6748 5.79937 -1.41237 -9.69822 6.53795 0.544209 -9.6906 6.49399 -0.819831 -9.69307 6.19258 -1.08355 -9.64681 6.64617 -0.790709 -9.66901 6.56794 -0.16731 -9.73028 6.58638 -0.305993 -9.72059 6.51356 -0.0508437 -9.72211 6.48909 0.18419 -9.71036 6.71045 0.760767 -9.72101 6.30454 -1.19806 -9.64935 5.51903 -1.55442 -9.65683 6.53209 0.424244 -9.69182 6.72434 -0.44234 -9.66547 6.46097 -0.201115 -9.68771 6.53969 0.78181 -9.66746 6.57461 -0.472833 -9.64945 6.49702 -0.363887 -9.6581 6.66964 0.877186 -9.68864 6.3405 0.0475455 -9.64865 6.4011 0.143551 -9.67581 6.43547 -1.06561 -9.64937 5.68836 -1.44855 -9.66609 5.9412 -1.2864 -9.66508 5.96167 -1.41786 -9.59836 6.40876 -0.0467651 -9.67532 6.49844 -0.725194 -9.68624 6.58778 0.824348 -9.69152 6.54859 -0.582117 -9.65864 5.83476 -1.49705 -9.62458 6.53436 0.875585 -9.65323 6.64148 -0.524666 -9.62444 6.42553 0.43888 -9.67268 5.97858 -1.22608 -9.619 6.44753 0.674941 -9.64234 6.3809 -0.882418 -9.65402 6.4267 0.310706 -9.67118 6.41605 -1.00028 -9.6123 6.35912 -0.166824 -9.65762 5.71954 -1.38813 -9.6131 6.29086 -0.93403 -9.63717 6.28513 0.197797 -9.62779 6.25918 0.0870774 -9.63387 5.77303 -1.32274 -9.60405 6.43353 -0.418774 -9.62767 6.43055 -0.757786 -9.64823 6.0742 -1.1034 -9.61383 6.33716 -0.264324 -9.61831 6.49187 -0.619188 -9.65446 6.20973 -0.158553 -9.61598 6.2896 -0.0662232 -9.6395 6.31653 -0.830531 -9.6232 6.41904 0.782922 -9.6232 6.35501 -0.741564 -9.61615 6.44165 -0.67527 -9.61168 5.85225 -1.23401 -9.57882 6.26276 0.287684 -9.62584 6.26729 0.395702 -9.61077 6.52661 -0.647212 -9.57917 6.4651 -0.829095 -9.58518 6.4076 -0.558633 -9.60185 6.36456 0.555005 -9.63728 6.29419 0.770003 -9.58882 6.32697 -0.335313 -9.60743 6.53272 -0.423649 -9.58195 6.12676 -1.17321 -9.5312 6.18648 -0.903738 -9.57605 6.11837 -1.00835 -9.57133 6.17646 -0.812147 -9.56095 6.19489 -0.283813 -9.57872 6.37975 0.898541 -9.58989 5.91572 -1.15908 -9.53265 6.15892 0.0137728 -9.60929 6.02625 -1.30215 -9.5505 6.25775 0.625284 -9.60487 6.2071 0.204946 -9.59073 6.20626 -1.07759 -9.53267 6.18431 0.336954 -9.59346 6.2361 0.454792 -9.6041 6.26031 -0.712721 -9.5443 6.14423 -0.0987459 -9.58327 6.31848 -0.606307 -9.56144 6.07338 0.0703294 -9.56208 6.03673 -1.03437 -9.55809 6.19872 0.735089 -9.56021 6.47383 -0.533049 -9.54217 6.23712 -0.355211 -9.56312 6.09871 0.240862 -9.56259 6.10378 0.628178 -9.55654 6.2742 -0.495 -9.53594 5.95909 -1.071 -9.50228 6.04083 -0.201264 -9.5419 5.96586 -0.138917 -9.53333 6.24165 0.849372 -9.55971 6.12381 -0.862178 -9.5128 5.95043 -0.0105336 -9.51278 5.63317 -1.35999 -9.53123 5.74414 -1.43243 -9.48322 5.82442 -1.18876 -9.53674 5.99861 0.182248 -9.54823 6.06954 0.340059 -9.54311 6.03262 0.446502 -9.54213 5.91876 0.115349 -9.51383 6.06429 -0.931808 -9.51362 6.20338 -0.817893 -9.45221 5.52503 -1.45884 -9.60052 5.57373 -1.35504 -9.4958 6.18601 -0.586275 -9.52618 5.85313 -1.38065 -9.5017 5.72464 -1.24249 -9.48647 6.03919 0.672052 -9.51799 5.89855 0.579741 -9.49621 6.11393 -0.468208 -9.48831 5.88907 0.264396 -9.50945 5.98965 -0.984954 -9.52493 6.05106 -0.38453 -9.48626 6.20486 -0.942631 -9.48661 6.15839 -0.692646 -9.51908 6.00535 0.749695 -9.5082 6.11904 0.847574 -9.53768 5.93341 -0.3367 -9.47782 6.2317 -0.507284 -9.44162 5.82468 -1.1351 -9.4882 5.91762 0.66858 -9.48804 5.8752 0.4019 -9.50188 6.00861 -0.911238 -9.49442 5.51876 -1.32877 -9.46655 5.86266 -0.0770157 -9.50238 6.07319 -0.779537 -9.48321 5.83535 -0.252083 -9.47809 5.89427 -1.06364 -9.46264 6.17943 -0.510774 -9.48634 5.775 0.516193 -9.45674 5.82346 0.203052 -9.49685 5.60689 -0.599092 -9.50425 5.59165 -0.527142 -9.50933 5.72701 -0.513554 -9.48886 5.72878 -0.420808 -9.48012 5.84051 -0.497518 -9.46186 5.79253 0.123197 -9.46115 5.84378 0.747453 -9.47755 5.87057 0.808705 -9.49554 5.86235 -0.879275 -9.41918 5.77206 0.296355 -9.45825 5.73459 0.398382 -9.45341 5.6603 -1.22943 -9.44549 6.09035 -0.661368 -9.45343 5.80236 -0.167667 -9.47397 5.77514 -0.0142938 -9.46198 5.75519 -1.10564 -9.46052 5.79909 -1.00984 -9.41215 5.8592 -0.97658 -9.42088 5.78769 -0.38901 -9.46425 5.95604 -0.464177 -9.46148 5.6674 0.212807 -9.42709 6.00543 -0.76756 -9.44353 5.68785 -0.259249 -9.46003 5.74696 -0.323803 -9.43459 5.57177 -0.869507 -9.44972 5.61392 -0.697579 -9.48255 5.70613 -0.784547 -9.42049 5.7834 -0.583908 -9.46411 5.74493 0.509478 -9.44088 5.63865 0.459969 -9.41703 5.89765 -0.543515 -9.44387 5.7316 0.606602 -9.44101 6.00941 -0.626416 -9.4264 6.00506 -0.553414 -9.43311 5.88031 -0.773985 -9.38587 5.6654 -0.138499 -9.42507 6.03138 -0.99508 -9.40702 5.71226 -0.0225176 -9.42959 5.66161 -0.312684 -9.44814 5.76957 -0.739235 -9.42897 5.90591 -0.632591 -9.36482 5.58767 -0.24507 -9.39079 5.51085 -1.25469 -9.39098 5.62281 -1.06449 -9.39553 5.46067 -0.998536 -9.44676 5.54178 -0.954563 -9.4396 5.66227 -0.933963 -9.37519 5.5702 -1.17223 -9.38417 5.5808 -0.0235904 -9.39405 5.70357 -1.07302 -9.40236 5.75239 -0.885091 -9.35466 5.72492 -0.854346 -9.35708 5.60712 -1.21027 -9.40217 5.49296 -1.12751 -9.39076 5.81452 -0.811713 -9.40958 5.69767 -0.962577 -9.36699 5.50619 -1.21077 -9.35521 5.43943 -1.18968 -9.34168 2.14786 -0.0756524 -12.2069 2.11496 -0.00816198 -12.1799 2.09712 0.082264 -12.1301 2.12718 0.296427 -12.1541 2.02998 0.034989 -12.0643 2.03247 -0.511132 -12.0756 2.04352 0.17116 -12.069 2.08442 -0.468188 -12.1444 2.08322 -0.109318 -12.1204 2.05744 0.31345 -12.0726 2.00385 -0.457876 -12.0677 2.10975 0.535401 -12.0419 2.01908 -0.315237 -12.0915 2.03405 -0.13192 -12.0355 1.98045 0.261861 -11.9872 1.99442 -0.906507 -12.0179 2.05354 0.612186 -12.003 1.9215 -0.520925 -11.9428 1.97129 -0.246793 -12.0289 1.9335 -0.653653 -11.996 1.95435 0.360725 -11.9462 1.99734 0.495128 -11.9729 1.94341 -0.7993 -11.9594 1.98433 0.0521251 -11.9835 1.93635 -0.132841 -11.9507 1.88008 -0.349467 -11.9409 1.98841 -1.02781 -11.9317 2.00038 0.572363 -11.9321 1.86452 -0.417881 -11.9204 1.9281 0.224269 -11.9096 1.97755 0.786584 -11.8767 1.89339 -0.703179 -11.9304 1.94516 0.0984034 -11.9168 1.88017 -0.190906 -11.8842 1.94846 0.545518 -11.8871 1.89801 -0.936928 -11.8617 2.03178 0.879896 -11.8652 1.91858 -0.0288137 -11.9443 1.93826 0.449724 -11.8768 1.99083 0.682065 -11.9132 1.92336 0.65592 -11.8836 1.88108 -0.0282747 -11.888 1.89991 0.353876 -11.85 1.85712 -0.601657 -11.864 1.98425 -1.08595 -11.8602 1.87073 0.175648 -11.8612 1.91063 0.280946 -11.8553 1.78606 -0.332984 -11.8152 1.99996 -1.1826 -11.8008 1.94096 0.707529 -11.8662 1.86821 -0.807858 -11.8157 1.84633 -0.703777 -11.8511 1.86297 0.0745562 -11.8381 1.9093 0.507945 -11.8249 1.81904 -0.516556 -11.8312 1.84638 0.265487 -11.8076 1.95468 0.794113 -11.8333 2.02991 0.962301 -11.7955 1.84879 -0.111865 -11.8078 1.83861 -0.023432 -11.8216 1.91581 0.608847 -11.7957 1.91559 -1.06097 -11.7909 1.82781 -0.596627 -11.7999 1.92169 0.679951 -11.7738 1.81822 -0.18761 -11.8005 2.00136 0.865668 -11.7796 1.77109 0.352045 -11.6945 1.76735 -0.809242 -11.693 1.80276 0.424886 -11.7268 1.94552 0.74938 -11.7232 2.0204 -1.2569 -11.7668 1.81768 0.199809 -11.749 1.82336 -0.897633 -11.7333 1.72301 -0.513911 -11.7079 1.75755 -0.117346 -11.7457 1.72147 -0.319902 -11.6567 1.8842 -1.03597 -11.747 1.99479 0.791189 -11.6563 2.00667 0.942142 -11.7338 1.98527 0.997014 -11.7467 2.0964 -1.33984 -11.7393 1.75649 -0.388669 -11.738 1.74945 -0.0629947 -11.7138 1.72731 -0.729203 -11.6973 1.94725 1.13638 -11.7461 1.73244 -0.59479 -11.6627 1.92205 -1.1375 -11.6748 1.85988 0.533225 -11.7095 1.72187 -0.175506 -11.7023 1.79293 0.294715 -11.7029 1.78953 0.187898 -11.6918 1.98235 -1.29472 -11.6247 2.01338 0.885635 -11.7018 2.1757 -1.66026 -11.685 1.74259 -0.430246 -11.6825 2.03467 -1.60068 -11.6625 1.69784 -0.784211 -11.6338 2.12151 -1.43149 -11.6413 1.91605 1.01088 -11.6764 1.83296 0.687684 -11.6767 1.8566 1.08396 -11.6194 1.79273 -0.967875 -11.6467 2.01707 -1.35924 -11.5611 1.81546 0.56512 -11.6484 2.0128 0.933114 -11.625 1.9428 1.25223 -11.6163 1.74534 -0.0875412 -11.6598 1.8201 -1.04812 -11.6631 1.82565 0.307641 -11.6417 1.71923 -0.263814 -11.6322 1.74176 0.0204036 -11.6406 1.87176 1.05629 -11.5835 1.89736 1.15283 -11.6519 1.83497 0.698519 -11.6401 1.81051 0.22454 -11.645 2.03873 0.839976 -11.6142 1.84181 -1.11166 -11.6207 1.79155 0.44127 -11.625 1.72381 -0.88009 -11.6374 1.71212 -0.344657 -11.6203 1.70429 -0.672166 -11.5975 1.81571 0.577256 -11.6147 1.71238 -0.518443 -11.5897 2.1287 -1.67415 -11.5608 1.88174 -1.20042 -11.6009 1.77648 -0.0956309 -11.6038 1.98854 0.763813 -11.615 1.96968 1.00649 -11.5893 1.78474 0.0875498 -11.6115 1.84246 1.12685 -11.5657 2.16918 -1.51487 -11.5161 1.75806 -0.40869 -11.5735 1.86198 0.667737 -11.5677 1.76936 -1.05847 -11.5324 1.94596 0.252223 -11.5645 1.90209 1.32434 -11.5864 2.01875 0.714475 -11.5572 1.79878 -1.15221 -11.5445 1.75888 -0.942424 -11.5528 1.93993 -1.59867 -11.4442 1.92856 1.15965 -11.5645 1.72697 -0.627376 -11.5612 1.9497 1.2346 -11.5398 1.70262 -1.3002 -11.4915 1.80363 -1.39025 -11.5455 1.85837 0.586206 -11.5589 2.00051 0.466223 -11.5347 1.87304 -0.275486 -11.5192 1.64706 -1.20608 -11.5046 1.97831 1.08089 -11.544 1.92476 -0.178233 -11.5 1.88528 -1.24862 -11.5307 2.04694 0.0343891 -11.4699 1.97602 -1.3402 -11.5363 1.69849 -0.733975 -11.5204 2.08077 0.859945 -11.5643 2.09535 0.395921 -11.4864 1.90635 1.31022 -11.5065 2.1945 -1.68294 -11.4551 1.74553 -0.508161 -11.5489 1.84405 1.37575 -11.4794 2.23309 -1.61594 -11.4051 2.22811 -1.65063 -11.4434 1.7277 -0.876889 -11.5226 2.06893 -1.43355 -11.5108 2.01434 1.19432 -11.4772 1.85729 -1.50453 -11.4616 2.01708 0.612509 -11.5225 2.06702 -1.68446 -11.3643 1.81025 -1.19239 -11.4731 1.74761 -0.681576 -11.4895 1.78609 -0.621605 -11.5229 2.0929 1.03318 -11.4936 2.15926 0.958255 -11.4599 2.14824 0.590163 -11.4645 2.09296 0.729005 -11.5255 1.83758 -1.28943 -11.46 1.89041 -0.448988 -11.4705 1.93838 -1.37529 -11.4623 1.50495 -1.19161 -11.3247 1.68037 -0.704137 -11.4829 1.68596 -1.35227 -11.4021 2.07024 0.251156 -11.4908 1.99294 -0.251612 -11.4424 2.21446 0.694437 -11.4271 1.60931 -0.748445 -11.4304 1.7503 -1.02787 -11.4436 1.71587 -0.909702 -11.4379 1.6907 -0.835796 -11.4264 1.85038 -0.670145 -11.4371 1.86871 1.35794 -11.4436 2.00866 -1.42747 -11.4421 2.09417 -1.49978 -11.356 2.01153 1.2889 -11.4056 1.74004 1.37621 -11.4254 1.78241 -0.714237 -11.3942 2.19841 -1.56867 -11.3942 1.71473 -0.954985 -11.4137 1.79442 -1.16233 -11.3782 1.97258 -0.491125 -11.3906 2.14957 -0.102502 -11.3681 2.25612 0.475845 -11.3806 1.74323 1.41705 -11.3908 1.91083 -1.64525 -11.1769 1.66121 -0.728972 -11.3551 1.67659 -1.01123 -11.4145 1.78503 1.50257 -11.3731 1.76759 -1.48107 -11.3183 2.18712 1.22264 -11.3092 1.94691 1.36019 -11.3678 1.78788 1.39271 -11.3558 1.72239 -0.886936 -11.3586 1.98361 -0.606314 -11.3254 1.86675 -1.60492 -11.2325 2.03323 -1.43598 -11.3268 1.83038 -1.29091 -11.3492 2.21461 -1.71394 -11.266 2.25044 -1.67246 -11.2916 1.63396 -0.77614 -11.3498 1.75584 -1.12184 -11.3404 1.66308 -0.97833 -11.3547 1.83664 -1.26539 -11.2792 1.89616 -0.711414 -11.3117 1.49291 -1.28253 -11.2223 1.75748 1.48428 -11.3203 1.69137 -1.06149 -11.3368 2.18462 -0.290529 -11.29 2.26525 0.269257 -11.3528 2.21833 0.0676021 -11.3546 2.3495 0.553158 -11.3085 2.33211 0.740168 -11.3208 2.13517 -1.53877 -11.1827 1.43482 -1.13352 -11.2711 1.63854 -0.99485 -11.3242 1.70643 -0.918216 -11.3306 1.62817 -1.38214 -11.2744 1.92686 -1.3779 -11.2921 1.76883 -1.18555 -11.2722 1.92803 1.40718 -11.3179 1.64163 -0.828185 -11.3187 1.60447 -0.747397 -11.2736 2.09866 1.34051 -11.2895 2.16417 -1.72312 -11.2754 1.79545 1.46078 -11.2739 1.60055 -0.931611 -11.3049 1.64221 -1.11883 -11.2915 1.54931 -0.765854 -11.3116 1.49333 -0.879206 -11.2926 1.8675 1.45667 -11.2791 1.74331 -0.765266 -11.2702 1.85957 -0.774031 -11.2476 1.71323 1.5103 -11.2906 1.60377 -0.961305 -11.2797 1.71004 -1.02998 -11.2342 2.18374 1.34782 -11.23 1.9695 1.44207 -11.275 2.13648 -0.483767 -11.2536 2.31368 1.13271 -11.2388 2.40407 0.359911 -11.2513 2.38913 -0.103016 -11.1882 2.39415 0.862781 -11.2447 2.46166 0.75194 -11.1978 2.03051 -1.44337 -11.267 1.49637 -0.921913 -11.2581 1.52827 -0.848583 -11.2301 1.64238 -1.16499 -11.2311 1.60403 -0.787354 -11.1988 1.85836 -1.32269 -11.1855 1.60882 -0.976716 -11.2209 1.77229 -1.55043 -11.1723 1.70522 1.4704 -11.2259 1.80194 1.49972 -11.2219 1.95923 1.6097 -11.1547 1.56118 -1.09841 -11.273 1.71833 1.60228 -11.2417 1.6402 -1.05435 -11.2147 1.89275 -1.3744 -11.2256 2.25018 -1.627 -11.199 1.95612 -0.763216 -11.2054 2.01759 -0.692196 -11.2254 2.10348 -0.643072 -11.1916 2.25148 -1.67591 -11.12 2.26033 -1.64884 -11.0702 1.59283 -0.936758 -11.2082 1.59141 -1.08321 -11.2027 1.96435 -1.45442 -11.1541 1.71256 -0.831559 -11.2049 1.80922 -1.2819 -11.187 1.66167 1.55478 -11.1773 1.84849 1.64226 -11.1273 1.6156 -1.16304 -11.1848 2.04879 1.49754 -11.201 2.14746 1.42687 -11.2012 2.37265 -0.383382 -11.1161 2.54826 0.561482 -11.1335 2.30061 1.29089 -11.1782 2.38874 0.997711 -11.2156 2.44491 0.0413232 -11.1782 2.51468 0.216382 -11.1488 1.35781 -1.24848 -11.0748 1.63086 -0.877059 -11.1873 2.18077 -1.72419 -11.1313 2.12249 -1.72138 -11.1271 1.70338 1.4736 -11.187 1.61692 -1.43896 -11.1653 1.5784 -1.03066 -11.1592 1.68271 -1.23746 -11.1894 2.21955 -1.7119 -11.1211 1.55299 -1.10282 -11.1394 1.7131 1.65364 -11.1256 2.00803 -1.49786 -11.1516 2.16446 -1.58653 -11.097 1.69445 -1.32081 -11.1614 2.00212 -1.68724 -11.1201 1.84472 -0.882431 -11.16 2.07478 -0.755256 -11.1488 2.2929 -0.536288 -11.1147 1.73486 1.61516 -11.1302 2.22891 -1.61969 -11.0232 1.76474 -1.6176 -10.9638 1.6621 -0.991214 -11.1018 1.84085 -1.3348 -11.132 1.57284 -1.16158 -11.0963 1.67954 -1.52987 -11.0671 1.58495 -1.06228 -11.0871 1.43249 -1.36694 -11.0325 1.59017 -1.2383 -11.1093 1.68105 1.72105 -11.1048 2.17775 1.51024 -11.1419 2.04028 -0.872751 -11.109 2.03847 1.6388 -11.1296 2.46286 1.16857 -11.0841 2.50196 -0.285369 -11.0518 2.27523 1.4367 -11.1273 2.68921 0.0875747 -10.9838 2.66917 0.364649 -11.025 1.8724 -1.46309 -11.0928 1.74163 -1.3747 -11.1191 1.68433 -1.30586 -11.1002 1.97613 -1.50696 -11.0679 2.0402 -1.53698 -11.0558 1.57574 -1.25314 -11.0662 1.61118 1.74078 -11.012 1.92091 1.87284 -11.0843 1.89114 1.70621 -11.0999 1.88717 -1.0177 -11.0906 1.79432 -0.998008 -11.1018 2.03765 1.73547 -11.1051 2.14734 1.61416 -11.1129 2.18327 1.72728 -11.0864 1.97849 -1.03295 -11.0672 2.27483 1.54352 -11.0893 2.24902 -0.721816 -11.0654 2.12969 -1.59436 -11.0498 1.75515 -1.3113 -11.0603 1.91326 -1.68696 -10.9536 1.54726 -1.47303 -11.0155 1.74238 1.73598 -11.0307 1.77368 -1.43236 -11.031 1.72051 -1.23051 -11.0627 1.82637 -1.1957 -11.0672 1.68577 -1.13764 -11.0532 2.13706 -1.7371 -11.007 2.24654 -1.74887 -10.9486 1.59399 -1.16004 -11.021 1.90816 1.77888 -11.0806 2.08681 -0.998133 -11.0413 2.27286 1.72586 -11.0566 2.17952 -0.852491 -11.0511 2.30551 1.8965 -11.0571 2.65809 0.864907 -10.9867 2.60471 1.03068 -10.9933 2.35791 -0.652341 -11.025 2.47026 1.35722 -11.0108 2.36824 1.50327 -11.0454 2.56284 -0.134461 -11.0452 2.64549 -0.06403 -10.9942 1.62228 -1.20157 -11.0256 1.77695 1.88065 -10.9747 2.27964 -1.71056 -10.9876 1.93186 -1.2934 -11.0222 1.83071 -1.43948 -10.9795 1.64374 1.73966 -10.9693 1.90415 -1.5007 -10.9864 2.00077 -1.51698 -10.9753 2.32082 -1.69701 -10.8915 2.05839 -1.28425 -10.9856 2.34451 1.7068 -11.0223 2.40157 1.83957 -10.9855 1.54117 -1.50424 -10.9301 1.59585 1.76639 -10.9891 2.08654 -1.57 -10.9418 1.68444 1.83354 -10.9423 1.99516 -1.38936 -10.9762 2.23301 -1.76276 -10.8215 2.45614 2.10596 -10.9482 2.20919 -1.1897 -10.9432 2.26792 -1.0377 -10.9468 2.36028 -0.807419 -10.9657 2.51328 -0.543222 -10.9573 2.44231 1.54327 -10.9828 2.45161 1.72531 -10.9497 2.79517 -0.21104 -10.8478 2.71448 0.245171 -10.9791 2.72409 0.55637 -10.9721 2.71488 0.712674 -10.9641 1.3697 -1.41408 -10.8785 1.9978 -1.49373 -10.9564 1.52559 1.68099 -10.9288 2.17421 -1.59248 -10.8943 1.55188 1.82154 -10.9403 2.0855 -1.50602 -10.9335 2.32353 -1.73861 -10.8324 2.29352 -1.65023 -10.898 2.46264 1.99554 -10.9339 1.99515 -1.72199 -10.8765 1.26559 -1.28804 -10.9134 1.63483 -1.59363 -10.8171 1.59695 1.83408 -10.8984 2.51595 2.05425 -10.8511 2.23037 -1.41367 -10.8911 2.50061 1.84334 -10.895 2.44393 -0.946988 -10.8655 2.69082 -0.469064 -10.8556 2.62343 1.36766 -10.8739 2.58437 1.60769 -10.8538 2.76568 1.02858 -10.8507 2.54194 -0.796317 -10.8486 1.60337 1.87078 -10.8326 2.32651 -1.62379 -10.8398 2.27961 -1.59374 -10.8639 1.64271 1.91956 -10.8232 1.81038 -1.6828 -10.7454 2.2969 -1.38498 -10.8611 2.34268 -1.13721 -10.8768 2.34741 -1.43781 -10.8216 1.41153 -1.53574 -10.6888 2.37435 -1.6125 -10.7578 2.42113 -1.25032 -10.7924 2.42752 -1.07213 -10.8343 2.58614 1.76953 -10.8205 2.54429 1.95127 -10.8292 2.89009 0.401931 -10.8387 2.89104 0.574297 -10.8296 2.85224 -0.0645196 -10.8347 2.99398 0.0968891 -10.7481 2.86967 0.71236 -10.8306 2.89826 0.243762 -10.8305 2.84759 0.871817 -10.8199 2.40003 -1.46569 -10.7652 1.19273 -1.44782 -10.5787 1.94781 -1.72886 -10.7451 2.15047 -1.76404 -10.655 2.5956 2.05012 -10.7154 1.20331 -1.37957 -10.7093 2.37951 -1.70149 -10.6892 1.56502 -1.60962 -10.6755 2.35564 -1.73145 -10.6838 2.30488 -1.75936 -10.6414 2.64733 2.04934 -10.6218 2.49151 -1.35094 -10.683 2.71525 1.62007 -10.7268 2.69563 1.79212 -10.6965 2.6978 1.43605 -10.7937 2.5115 -1.13616 -10.7418 2.67831 -0.909364 -10.6995 2.60187 1.93611 -10.7585 2.75109 -0.781556 -10.6979 1.77657 -1.70213 -10.5447 1.67287 -1.66534 -10.5896 2.47789 -1.50261 -10.6386 2.46195 -1.66009 -10.5328 2.43031 -1.72139 -10.5616 2.64288 -1.13481 -10.6146 2.55869 -1.24102 -10.6444 2.80515 1.68664 -10.6191 2.71421 1.92516 -10.6087 2.87191 -0.553205 -10.6928 2.89071 -0.383223 -10.7329 3.05383 0.580486 -10.7025 3.1262 0.398443 -10.6624 2.99766 -0.219612 -10.6996 3.04216 0.717981 -10.6936 3.04244 -0.0705061 -10.694 2.9402 1.0146 -10.7121 3.25912 0.786497 -10.518 3.09332 0.240947 -10.6843 2.87846 1.30229 -10.6816 2.85042 1.51533 -10.6371 2.01681 -1.76089 -10.538 2.5312 -1.37995 -10.6117 2.74162 -1.0872 -10.5497 2.94556 -0.844742 -10.5195 3.00889 -0.681952 -10.547 2.11672 -1.77259 -10.4336 2.74779 2.00005 -10.5006 2.56626 -1.52845 -10.473 2.39028 -1.74839 -10.3896 2.44013 -1.71913 -10.4739 2.5864 -1.66331 -10.3556 2.66562 -1.29478 -10.4592 2.83475 1.85244 -10.5067 2.92348 1.75369 -10.4682 3.35304 0.441153 -10.4961 3.35989 0.59791 -10.4733 2.87522 -0.982996 -10.5003 3.30896 -0.181745 -10.4922 3.39244 0.0177186 -10.4665 3.20439 0.0826271 -10.5997 3.44481 0.166122 -10.4404 3.43757 0.283547 -10.4454 2.93609 1.64713 -10.5105 3.25922 1.01815 -10.468 3.04853 -0.537758 -10.5715 3.22035 -0.548597 -10.4532 3.05755 1.18682 -10.5747 3.23876 -0.391827 -10.4879 3.02506 1.4655 -10.5138 1.80366 -1.72261 -10.4365 2.53801 -1.71425 -10.3601 2.65647 -1.42333 -10.383 1.59787 -1.7093 -10.3163 2.28102 -1.76414 -10.3601 1.47653 -1.65605 -10.4017 2.88391 2.0198 -10.3194 2.77352 -1.34566 -10.3142 2.89687 -1.11126 -10.3998 3.5685 0.522025 -10.336 2.95013 1.85778 -10.3792 3.57039 -0.261955 -10.3116 3.59541 -0.121801 -10.3232 3.48247 0.83417 -10.3424 1.93435 -1.75017 -10.3121 2.64885 -1.47882 -10.3529 2.60751 -1.63025 -10.3429 3.21751 -0.700467 -10.3962 3.20598 -0.823447 -10.3452 3.54551 0.334365 -10.3744 3.13515 1.79382 -10.2556 3.47891 -0.412102 -10.3302 3.55145 -0.522356 -10.2518 3.15649 1.65134 -10.3185 3.13784 -0.957106 -10.3192 3.51033 1.01458 -10.2829 3.59982 0.0540118 -10.3422 3.78378 0.223422 -10.2387 3.4806 1.1759 -10.2616 3.23369 1.33712 -10.393 3.31509 1.49168 -10.2689 2.48074 -1.74873 -10.2347 2.60218 -1.69866 -10.2575 2.04527 -1.76003 -10.2367 2.88702 -1.25993 -10.2857 2.37444 -1.76442 -10.1606 2.1818 -1.76662 -10.2107 3.87789 0.0482046 -10.1764 3.75886 0.403903 -10.2281 3.13648 -1.1233 -10.2183 3.02615 1.90608 -10.273 3.40849 -0.91556 -10.1688 3.65151 0.963614 -10.1928 3.46681 -0.708346 -10.2345 1.65896 -1.75504 -10.0807 2.66884 -1.6252 -10.2328 2.7243 -1.49465 -10.1772 1.77297 -1.76262 -10.0038 2.63527 -1.74098 -10.1351 2.80718 -1.41982 -10.1729 2.96442 -1.36361 -10.1433 3.91067 0.215252 -10.1553 3.3078 -1.13753 -10.0939 3.83168 -0.239831 -10.1666 3.87719 -0.0840808 -10.1666 3.31955 1.6343 -10.1996 3.6653 -0.364504 -10.2314 3.51254 1.33328 -10.1897 1.51194 -1.72993 -10.1145 2.70327 -1.68274 -10.1442 2.77488 -1.59731 -10.1186 3.09327 -1.27201 -10.1377 2.56391 -1.76986 -10.0603 2.01698 -1.75992 -10.0857 2.32224 -1.76027 -10.0792 2.89545 -1.50715 -10.0835 3.15692 2.01002 -10.0811 3.84636 0.596819 -10.1305 3.83137 0.873978 -10.0914 3.80996 1.04544 -10.0698 3.32328 1.82187 -10.0842 3.92292 0.449497 -10.1153 3.699 1.18492 -10.1054 3.80251 -0.400753 -10.1483 4.21923 0.0112799 -9.99009 2.75854 -1.75971 -10.0156 2.55416 -1.78405 -9.89914 2.81816 -1.63289 -10.0618 2.96055 -1.53892 -10.0219 2.21885 -1.74272 -9.92032 2.02475 -1.7567 -9.90767 2.94643 -1.64637 -9.94107 4.01396 -0.544389 -10.0001 3.82891 -0.538024 -10.0948 4.08182 -0.399624 -10.0051 3.21181 -1.37407 -9.97961 4.16367 -0.228766 -9.99647 3.40469 -1.20179 -9.98755 3.56403 -0.956229 -10.0526 4.16608 -0.134334 -10.0072 3.64077 -0.848742 -10.0679 4.10738 0.371098 -10.026 3.94611 0.745505 -10.0449 3.84132 -0.687296 -10.0359 3.66915 1.33292 -10.0781 3.83844 1.33496 -9.96515 3.67275 -0.694969 -10.1216 3.51877 1.49383 -10.1205 3.51743 1.65054 -10.0447 3.66228 1.48485 -10.0271 2.82181 -1.78077 -9.90874 2.81756 -1.73339 -9.98095 2.32897 -1.75098 -9.87969 3.19367 -1.48988 -9.89042 3.92604 1.16749 -9.96119 3.84024 -0.835764 -9.9713 4.01785 -0.690588 -9.94728 3.48791 1.76696 -9.99759 3.66961 1.65471 -9.9389 3.65515 -1.14173 -9.88607 4.12144 0.72785 -9.95188 3.75311 -0.969127 -9.94395 4.21876 0.202821 -9.98582 4.27899 0.466442 -9.92207 4.00394 1.02986 -9.95068 2.27092 -1.74255 -9.82303 1.76821 -1.76811 -9.83458 2.98121 -1.75805 -9.82293 2.7561 -1.7939 -9.77101 3.99106 1.31072 -9.87114 3.36313 -1.35769 -9.89468 4.07324 -0.818808 -9.86792 3.54547 -1.29213 -9.83803 4.17067 -0.727407 -9.86482 4.21037 -0.533721 -9.9129 4.39606 -0.417424 -9.85844 3.83048 -1.11257 -9.8195 3.94255 -1.00866 -9.8291 4.39907 -0.264164 -9.88285 4.5051 -0.142238 -9.8452 4.50785 -0.052056 -9.84745 4.38164 0.114394 -9.90932 4.35416 0.268241 -9.91215 4.23785 0.726906 -9.88603 3.817 1.64978 -9.84481 3.87462 1.527 -9.86517 3.04693 -1.65448 -9.77818 3.11459 -1.59898 -9.8332 2.17656 -1.74041 -9.76917 2.621 -1.78473 -9.71496 3.37131 -1.52582 -9.74921 3.00468 -1.77787 -9.72657 3.58428 -1.46656 -9.6689 4.29153 0.999605 -9.77407 3.72457 -1.30753 -9.73095 4.42206 -0.552168 -9.82051 4.4708 0.493898 -9.81111 4.66384 0.276162 -9.74809 4.14992 -0.938748 -9.7797 4.60755 -0.245937 -9.79924 4.68797 -0.113912 -9.7694 4.67367 0.0874334 -9.76466 4.361 0.830846 -9.78226 3.13831 -1.67459 -9.75836 3.25475 -1.62047 -9.74357 1.98908 -1.75854 -9.63402 2.89518 -1.79289 -9.58866 3.08882 -1.78022 -9.7523 4.17612 1.42093 -9.70475 4.4007 -0.888832 -9.70806 4.38688 -0.7234 -9.78135 4.55974 -0.766472 -9.7058 4.581 -0.642652 -9.73943 4.69219 -0.539816 -9.7302 4.74854 -0.42166 -9.73271 3.95955 -1.20415 -9.70051 4.8987 -0.343258 -9.6805 4.49824 0.640853 -9.75745 4.19141 -1.09304 -9.67783 4.71894 0.424457 -9.68722 4.31057 -1.02186 -9.67308 4.98012 0.27093 -9.57324 4.07139 1.53022 -9.73469 4.00843 1.66166 -9.71758 4.84409 -0.0971772 -9.69357 2.52723 -1.76174 -9.63552 3.24625 -1.73278 -9.66219 3.48638 -1.57609 -9.63548 2.18155 -1.75323 -9.62007 3.19235 -1.77045 -9.61716 3.36648 -1.69891 -9.61823 4.55177 -0.855341 -9.67553 4.51795 1.01246 -9.6108 4.74967 -0.782763 -9.65332 4.72865 -0.697364 -9.68131 3.84046 -1.36745 -9.63017 4.83007 -0.612546 -9.67691 5.08362 -0.704622 -9.60114 4.53888 0.819629 -9.66974 4.79154 0.645358 -9.57888 4.93702 -0.497396 -9.66597 4.4521 1.14901 -9.6051 4.49251 -0.964426 -9.64449 4.99152 -0.2201 -9.63741 5.0643 -0.14822 -9.59364 4.9355 0.0653282 -9.63047 3.16004 -1.77156 -9.51317 2.66148 -1.76379 -9.52838 3.67589 -1.49093 -9.59165 3.82214 -1.49076 -9.52769 2.43191 -1.75119 -9.37934 3.33071 -1.75166 -9.52803 3.46911 -1.70921 -9.54712 2.48855 -1.7548 -9.52396 5.32357 -0.434908 -9.55255 5.12589 -0.464492 -9.61408 5.16162 -0.371963 -9.59319 3.61982 -1.62303 -9.48795 4.72673 -0.964345 -9.58413 5.09646 -0.763723 -9.58422 5.45924 -0.72071 -9.52223 5.21636 -0.624627 -9.58527 4.84521 -0.856761 -9.60595 4.95771 0.458326 -9.5433 4.03938 -1.27777 -9.62026 5.09928 -0.842833 -9.56097 4.68209 0.844418 -9.5668 5.35153 -0.527845 -9.55754 4.32138 -1.23839 -9.53775 4.28242 1.63805 -9.54485 4.39923 1.42311 -9.54132 4.44944 -1.09309 -9.58608 4.49798 -1.33043 -9.4192 3.58049 -1.71333 -9.46274 3.72321 -1.59681 -9.47436 5.13624 0.00840966 -9.51886 3.93979 -1.44068 -9.53285 4.0213 -1.4906 -9.47497 5.25572 -0.323055 -9.54548 5.40877 -0.378 -9.51398 5.27426 -0.217021 -9.49631 2.22192 -1.76159 -9.35361 2.92768 -1.77805 -9.49549 3.10857 -1.77062 -9.43656 3.51135 -1.74474 -9.413 5.38717 -0.248378 -9.44845 5.53799 -0.444411 -9.50915 5.01271 -0.933689 -9.53912 5.37533 -0.84117 -9.51366 3.9462 -1.52443 -9.46421 5.22809 -0.0772331 -9.4755 5.23131 0.214851 -9.42329 4.66381 -1.15107 -9.48876 5.06145 -1.03553 -9.47587 4.27625 -1.38427 -9.45039 5.21026 0.530021 -9.37178 4.76873 0.935068 -9.4612 5.2616 0.400565 -9.37806 4.63079 1.06897 -9.50191 4.55284 1.23095 -9.49121 2.742 -1.74873 -9.39891 5.55516 -0.368077 -9.47677 5.47162 -0.291156 -9.44671 3.38585 -1.74427 -9.40546 2.03546 -1.77426 -9.32014 3.80439 -1.6399 -9.38412 5.34553 -1.04739 -9.43746 4.7453 -1.21683 -9.42534 5.65158 0.573988 -9.43514 5.32757 -0.17557 -9.42296 2.67 -1.74428 -9.26868 5.76101 0.736925 -9.43937 2.89872 -1.73465 -9.31752 5.7926 0.798834 -9.42649 3.65957 -1.70748 -9.41721 3.73438 -1.72557 -9.37992 5.60438 0.361583 -9.38922 5.3248 -0.112391 -9.39039 5.64048 0.66549 -9.40366 5.58875 0.115113 -9.40365 5.65562 0.812662 -9.41177 5.30961 0.0991233 -9.3927 3.9248 -1.66419 -9.38728 4.16331 -1.4909 -9.42267 5.29951 -1.09538 -9.40372 5.01801 -1.13276 -9.41507 5.30058 -0.00432304 -9.40701 4.40581 -1.41472 -9.38352 4.94021 0.715894 -9.45576 4.71179 1.10369 -9.41713 4.91044 0.866802 -9.39392 4.61636 1.26721 -9.42072 4.54025 1.40995 -9.42891 4.57331 -1.3552 -9.3767 5.44876 -0.207445 -9.379 5.5127 -0.189573 -9.36729 5.52556 0.509562 -9.37348 5.57119 0.577999 -9.37687 5.48419 0.0946099 -9.34446 5.36883 0.250936 -9.29881 5.54897 0.817174 -9.36552 5.53605 0.928985 -9.36633 5.49725 0.170976 -9.34589 5.50128 0.372853 -9.34718 3.22591 -1.74656 -9.33609 3.55444 -1.7641 -9.29488 5.36842 -0.163685 -9.3148 3.84342 -1.70736 -9.3486 5.36649 -0.0547992 -9.35858 4.04901 -1.62498 -9.36594 4.51297 -1.47352 -9.34904 4.1619 -1.71834 -9.26392 5.33672 0.491451 -9.30481 5.08725 0.751317 -9.34741 5.0786 -1.16057 -9.37369 5.50395 -0.0714996 -9.34936 5.50675 0.584385 -9.33239 5.51113 0.695423 -9.35835 5.40644 0.0995782 -9.3486 4.34888 -1.52294 -9.29494 5.27484 -1.19584 -9.31632 3.36315 -1.74344 -9.32918 3.67096 -1.76247 -9.31531 5.4436 -0.163155 -9.34964 5.46856 0.47673 -9.31588 5.43397 -0.044791 -9.33975 5.12726 -1.21046 -9.30841 4.48337 -1.53963 -9.2572 4.62475 -1.49464 -9.32448 5.3618 0.352994 -9.33009 3.76054 -1.77217 -9.30958 5.37736 0.430748 -9.32476 4.65053 -1.37315 -9.33111 4.84324 1.0265 -9.34557 4.99714 0.985854 -9.22741 4.82415 1.1888 -9.26598 4.67865 1.39864 -9.30179 3.95433 -1.71199 -9.31045 5.3879 0.764833 -9.26272 5.27186 -1.23819 -9.30404 3.07153 -1.7206 -9.25697 5.46134 0.902817 -9.31177 4.73217 -1.42337 -9.25848 5.38318 0.506765 -9.26612 4.28562 -1.63094 -9.26067 2.40379 -1.75873 -9.20045 3.0031 -1.70401 -9.14203 3.30686 -1.73145 -9.25973 3.91478 -1.75441 -9.2391 5.33067 0.622925 -9.21711 5.04597 0.935426 -9.23431 5.06803 -1.26076 -9.26252 4.79773 1.31973 -9.21218 4.93278 1.05947 -9.23741 5.25983 0.77087 -9.21284 3.6385 -1.77479 -9.20651 5.41331 0.621182 -9.25415 3.78459 -1.78029 -9.25365 2.21733 -1.76151 -9.23603 2.80663 -1.7261 -9.22862 5.37591 0.897991 -9.24211 5.3427 1.08578 -9.25259 4.00312 -1.74303 -9.21914 5.1483 0.925488 -9.17548 4.24494 -1.69614 -9.21844 5.30282 0.921844 -9.20393 5.21989 1.0111 -9.17066 3.14564 -1.68278 -9.13576 5.26702 1.0994 -9.20093 4.09468 -1.73902 -9.1963 5.24872 0.881793 -9.15293 5.21099 1.11044 -9.12908 5.27223 1.1896 -9.18248 3.62919 -1.76614 -9.1086 3.77733 -1.78 -9.14435 3.99541 -1.76317 -9.10473 4.98504 1.1776 -9.11171 5.06537 1.03128 -9.08041 5.02749 1.11919 -9.10745 5.12541 0.954476 -9.14361 5.06102 0.981102 -9.10254 5.17293 1.23573 -9.14746 2.62454 -1.74253 -9.11604 5.15819 1.01757 -9.13661 5.12968 1.08045 -9.10741 5.12371 1.19974 -9.11015 5.14359 0.956989 -9.0683 2.43232 -1.76572 -8.97779 2.7216 -1.72929 -8.95384 3.80979 -1.75316 -8.99207 5.09746 0.95805 -9.03289 5.04613 1.19487 -9.04341 3.49636 -1.71403 -8.99721 3.0141 -1.68731 -8.91875 3.61879 -1.72054 -8.94259 3.37734 -1.69806 -8.93901 3.21478 -1.68609 -8.97626 2.86702 -1.69521 -8.80608 3.25271 -1.69877 -8.75897 2.40311 -1.76503 -8.86452 2.62719 -1.73166 -8.75992 3.08321 -1.69956 -8.73782 2.76915 -1.70768 -8.6682 8.07858 2.38595 -10.7712 8.04651 2.29988 -10.78 7.9403 2.33898 -10.753 8.18118 2.1129 -10.7786 8.10397 2.11857 -10.7576 8.12877 2.26815 -10.7873 8.15288 2.36594 -10.7631 8.25121 2.1768 -10.7533 8.07278 2.24148 -10.7563 8.29028 2.01827 -10.7473 7.92409 2.40654 -10.7327 8.08173 2.4126 -10.7299 8.17619 1.97778 -10.7181 8.25216 1.94362 -10.7242 8.32267 1.99867 -10.7287 8.28063 2.17826 -10.6979 8.18888 2.3197 -10.7217 7.91801 2.24281 -10.6935 7.79074 2.34528 -10.6841 8.05566 2.06951 -10.6523 8.29974 1.85298 -10.6783 8.25318 1.81201 -10.6805 8.11493 2.33673 -10.6688 7.83972 2.42695 -10.6628 8.17753 1.88827 -10.6797 8.30298 2.0407 -10.6558 8.27949 2.13128 -10.6669 7.9976 2.13732 -10.6517 7.7265 2.4197 -10.6178 8.22544 1.80632 -10.6628 8.11944 1.98973 -10.6399 8.18659 2.08654 -10.5693 8.1485 2.22005 -10.6129 7.76752 2.29065 -10.6243 7.87942 2.41776 -10.6308 7.87629 2.37505 -10.5769 8.23377 1.68148 -10.6329 8.29172 1.62561 -10.6318 8.33097 1.82196 -10.6231 7.63429 2.38118 -10.5816 7.66892 2.29656 -10.5774 8.09158 1.87936 -10.5852 8.26551 1.56786 -10.6171 8.34216 1.5925 -10.6021 8.28577 1.96775 -10.582 8.33464 1.51916 -10.6162 8.00784 1.99536 -10.5853 7.92318 2.08568 -10.5711 8.19816 1.70189 -10.5564 8.32977 1.81266 -10.5849 8.33846 1.35488 -10.5815 8.28603 1.35917 -10.567 8.36727 1.37976 -10.5675 8.37453 1.4776 -10.5814 7.79878 2.17482 -10.5224 7.63221 2.42507 -10.5151 8.23088 1.58251 -10.5479 7.93156 2.23671 -10.5005 8.0772 1.80889 -10.5387 8.35089 1.68553 -10.5807 8.31612 1.27195 -10.5719 8.34652 1.62551 -10.524 7.66122 2.39687 -10.4865 7.78277 2.35595 -10.503 8.30726 1.02807 -10.5639 8.23981 0.963458 -10.5488 8.27654 1.08077 -10.5546 8.24035 1.89038 -10.5149 8.26796 1.21801 -10.5552 8.34833 1.1873 -10.5475 8.29536 0.629384 -10.5489 8.3391 1.30126 -10.5492 7.48282 2.32776 -10.5153 7.93329 1.98919 -10.5144 8.34779 1.48298 -10.5128 8.25388 1.39009 -10.5177 8.13637 2.01207 -10.4955 8.34726 0.954262 -10.5154 8.348 1.03072 -10.4854 8.22851 1.12288 -10.4963 8.02298 1.76707 -10.4561 7.99087 1.91617 -10.5037 8.23419 1.2689 -10.4994 8.31436 0.599167 -10.5292 8.33884 1.24927 -10.4781 7.72427 2.15868 -10.4694 8.26724 1.76773 -10.4835 8.27699 0.772204 -10.5402 8.32832 0.749379 -10.5306 7.49632 2.44198 -10.4827 8.30428 0.870919 -10.5355 8.2718 0.876766 -10.541 7.41795 2.43258 -10.4653 8.10192 1.63919 -10.4889 8.1933 1.47259 -10.4813 7.98853 2.10512 -10.448 8.02523 1.84922 -10.504 8.34348 1.37118 -10.4892 8.20794 0.749843 -10.4715 8.20349 0.900612 -10.4725 8.32467 0.811986 -10.507 8.33035 0.89775 -10.4895 8.05303 1.58731 -10.4187 8.31051 0.567071 -10.4526 8.18386 1.00255 -10.4805 8.33924 1.44848 -10.4748 7.67299 2.35764 -10.4481 7.57758 2.17259 -10.4165 7.38767 2.33528 -10.4313 8.07427 1.31504 -10.4106 8.16584 0.617571 -10.4557 8.31491 0.78681 -10.4227 8.33565 1.01907 -10.4554 8.26756 1.55199 -10.406 8.12509 1.04765 -10.4427 7.79058 2.01199 -10.4397 8.11955 1.24166 -10.4249 8.03952 0.897145 -10.3861 8.32239 1.2265 -10.446 8.30648 1.39344 -10.4285 7.78955 2.17175 -10.3796 7.58978 2.12524 -10.3923 7.43908 2.43414 -10.4002 8.00064 1.65395 -10.3917 8.09075 0.977131 -10.4061 7.93612 1.96625 -10.3477 8.01947 1.11354 -10.3902 8.07403 1.8411 -10.3808 7.30392 2.31796 -10.3651 7.97576 0.729847 -10.3312 7.32282 2.45607 -10.4054 7.83348 1.83289 -10.3799 8.2327 0.455378 -10.3955 8.27878 0.706499 -10.3978 8.29168 1.04091 -10.3974 8.11903 1.64105 -10.3403 7.61428 2.23001 -10.3104 7.93031 1.46899 -10.3131 8.03739 1.42093 -10.3825 7.97439 1.55596 -10.3694 7.44014 2.39711 -10.3457 7.53944 2.35525 -10.3694 8.22873 1.30772 -10.3535 8.25475 1.41308 -10.3642 8.20801 0.802235 -10.3508 7.6936 1.92189 -10.3346 7.87409 1.69305 -10.3434 7.92067 1.27706 -10.3158 7.63513 1.9962 -10.319 7.95765 0.973767 -10.3319 8.15268 0.569968 -10.3418 7.2175 2.46086 -10.305 7.94658 1.10555 -10.3319 7.22606 2.37608 -10.36 7.2336 2.44616 -10.3575 7.84097 1.62574 -10.3171 7.18018 2.447 -10.242 8.13226 1.08297 -10.2935 8.13303 1.00589 -10.3039 7.70533 1.75356 -10.2661 7.66868 1.8384 -10.2993 8.1309 1.27186 -10.3004 7.54606 2.10598 -10.3265 7.43867 2.11968 -10.2557 7.11776 2.4299 -10.3078 7.0913 2.39276 -10.3002 7.30979 2.23163 -10.287 7.79416 1.99116 -10.2903 7.7744 1.7317 -10.2968 7.89587 0.863828 -10.2999 7.20558 2.3366 -10.3044 7.97477 1.72922 -10.2934 8.0428 0.599569 -10.2883 8.00872 0.397336 -10.2926 7.59374 2.13551 -10.2363 7.86199 1.15172 -10.2885 8.07899 1.45124 -10.2724 8.00842 1.46297 -10.2404 7.82035 1.84168 -10.25 7.9745 0.839738 -10.2431 7.95861 0.989024 -10.2272 7.11327 2.47003 -10.2756 7.37609 2.30377 -10.2112 7.15291 2.26728 -10.2216 7.9787 1.25711 -10.2287 7.82887 0.975016 -10.2609 7.80192 1.37793 -10.2505 7.51185 1.99563 -10.2312 7.22061 2.34706 -10.1558 7.74408 0.40599 -10.1576 7.6035 1.85419 -10.2361 7.70868 1.55834 -10.2065 6.96463 2.4331 -10.2427 7.805 1.28561 -10.2388 7.95806 1.15463 -10.2237 7.82974 0.752008 -10.1683 7.3327 2.24255 -10.1331 7.73287 1.43168 -10.2041 7.25532 2.16705 -10.2054 6.96602 2.36108 -10.2186 7.76212 0.972808 -10.2285 7.73769 1.18456 -10.2275 7.84773 0.50858 -10.1922 7.01816 2.48088 -10.2103 7.68713 1.3034 -10.1854 7.86524 1.6019 -10.213 7.1179 2.45007 -10.1998 7.60151 0.25516 -10.1238 7.37312 2.02493 -10.1689 7.78736 1.72685 -10.1979 7.8176 0.966927 -10.1617 6.87513 2.38375 -10.1712 6.8595 2.47152 -10.1879 7.46373 1.93231 -10.1811 7.77681 1.07555 -10.1371 7.11458 2.20312 -10.1351 7.75285 1.17713 -10.1337 7.59008 1.12132 -10.1188 7.90683 1.43354 -10.2003 7.58168 1.31626 -10.1206 7.54153 1.98724 -10.132 6.82749 2.49456 -10.1416 6.95523 2.29416 -10.1395 7.74567 1.30095 -10.122 7.26599 2.06708 -10.1432 7.59132 1.6646 -10.1553 7.46851 1.81407 -10.1322 7.41652 2.14239 -10.1229 7.76759 1.49034 -10.1443 7.75568 0.675932 -10.1284 7.60456 1.50376 -10.1315 7.68063 1.64219 -10.1155 6.81129 2.33363 -10.1236 6.71981 2.37584 -10.0984 6.6663 2.47257 -10.0796 7.29201 1.92792 -10.1055 7.61777 0.480058 -10.0766 7.16527 2.08957 -10.0855 7.51535 1.67052 -10.0962 7.42209 1.76042 -10.0896 6.91832 2.45591 -10.0961 6.88977 2.24953 -10.0707 7.68269 0.86195 -10.0978 7.64791 1.48304 -10.083 7.56386 1.01392 -10.1083 7.62837 1.04028 -10.074 6.72234 2.5094 -10.0723 7.02098 2.13027 -10.07 7.63949 0.627661 -10.073 7.50347 1.74825 -10.0282 7.43668 1.08496 -10.0219 7.52415 1.22128 -10.0692 7.46089 0.344784 -10.0285 7.49232 1.42319 -10.0545 6.96132 2.34316 -9.99007 7.07553 2.3049 -10.0287 7.4549 1.61478 -9.97684 7.35386 -0.0262044 -10.0416 6.87041 2.21657 -10.0308 7.27851 1.93194 -9.95093 6.77917 2.25205 -9.99499 7.30082 1.81715 -10.0436 7.52178 0.851047 -10.007 7.33969 0.283701 -9.97304 7.46876 1.16935 -10.0465 7.58334 1.23171 -10.0419 6.83948 2.38869 -9.96235 7.18464 1.93237 -9.99523 7.3904 1.62221 -10.0395 7.5146 0.642512 -10.0077 6.61462 2.40184 -10.0386 7.26011 1.6041 -9.94958 7.44083 1.05003 -9.95519 6.62274 2.3457 -10.0146 7.51892 1.32461 -9.99259 7.38769 1.2028 -9.99351 7.45982 1.49782 -9.97224 7.2407 1.36512 -9.90242 7.03501 2.06453 -10.0052 7.08032 2.15212 -9.92548 7.37215 0.547017 -9.94046 7.24332 0.03612 -9.97249 6.46082 2.37212 -9.95059 7.43631 1.21725 -9.95483 6.5443 2.50141 -9.97873 7.34754 1.50387 -9.97233 6.68206 2.47101 -9.97184 7.08909 1.93403 -9.94787 7.14262 1.70997 -9.91757 6.9286 2.24297 -9.89025 7.17683 1.80774 -9.95727 6.50886 2.46541 -9.98788 6.45008 2.44858 -9.96242 6.5823 2.2663 -9.87157 6.96915 2.08943 -9.96148 7.17507 1.11972 -9.87859 7.16848 2.03291 -9.9244 6.53071 2.3285 -9.94888 6.38942 2.49 -9.92826 7.34396 0.690829 -9.90658 7.20044 1.78354 -9.86293 7.33535 0.943602 -9.89171 6.85182 2.07909 -9.90215 6.76013 2.20364 -9.93692 7.24621 0.410184 -9.89947 7.19541 1.23464 -9.87879 7.19615 1.60208 -9.89778 6.39336 2.51119 -9.90055 6.47267 2.49748 -9.87761 7.05351 0.0699849 -9.87371 6.37032 2.38786 -9.88052 7.05517 1.84701 -9.90417 6.72507 2.34694 -9.85903 6.92681 1.9853 -9.89014 7.31673 1.34469 -9.87058 7.21474 1.54138 -9.83923 6.36301 2.33424 -9.81307 6.59439 2.42362 -9.85699 6.8019 2.29731 -9.86106 6.2741 2.47665 -9.86197 7.2567 1.25479 -9.84441 7.05944 1.76526 -9.87686 7.18934 0.592332 -9.84804 7.09211 1.49821 -9.85322 7.15659 1.41641 -9.86729 7.21352 1.66794 -9.8492 6.23649 2.44594 -9.84324 6.9593 1.82064 -9.81913 7.06322 1.6458 -9.85857 7.03584 1.90004 -9.8049 6.80864 2.14659 -9.76717 7.14495 1.32183 -9.86899 6.88332 1.95065 -9.8364 7.21564 1.01262 -9.82113 6.76789 2.09729 -9.84278 6.6101 2.1603 -9.83126 6.23664 2.38302 -9.80797 6.26748 2.50966 -9.82987 6.87915 0.00486689 -9.79416 7.03826 1.26663 -9.80232 7.10963 1.17914 -9.76412 7.03042 0.380385 -9.81234 6.94788 0.209923 -9.80077 6.48339 2.2517 -9.80312 6.99866 1.5322 -9.78972 6.93535 1.66065 -9.79613 7.14393 0.804201 -9.80282 6.97312 1.98828 -9.79592 6.96769 1.77567 -9.73813 6.27548 2.50338 -9.78762 6.35667 2.45423 -9.74411 6.53603 2.38291 -9.77753 6.06946 2.50504 -9.74998 7.12278 1.39586 -9.77539 6.77619 1.95707 -9.79058 6.83297 1.81922 -9.76414 6.62991 2.10496 -9.79797 7.08294 0.703249 -9.7732 6.02056 2.44815 -9.73698 6.99202 1.35964 -9.77408 6.94485 1.44085 -9.76472 7.05156 0.924201 -9.75419 6.92896 1.50853 -9.68461 6.60501 2.21245 -9.68571 6.71151 1.91829 -9.72914 6.88211 1.34108 -9.72571 6.83383 0.22173 -9.7562 6.88017 0.389135 -9.74666 6.56064 2.14004 -9.74769 6.8598 0.498685 -9.71693 6.00861 2.37907 -9.68041 6.58501 -0.170877 -9.66436 6.3754 2.24283 -9.75257 6.28652 2.24424 -9.6979 6.99833 0.61605 -9.75899 6.48111 2.16308 -9.72792 6.0462 2.5192 -9.71095 6.6839 2.11579 -9.67954 6.68638 1.73182 -9.67231 6.33928 2.401 -9.67725 6.20434 2.26688 -9.68248 6.53266 2.04478 -9.68672 6.80171 1.06764 -9.72948 6.01639 2.51981 -9.65576 6.14095 2.4849 -9.66471 6.75588 1.93853 -9.66114 6.95497 0.70829 -9.72336 6.93868 1.23685 -9.68484 6.69152 0.158038 -9.70494 6.71048 0.329128 -9.68979 6.85289 0.598805 -9.70344 6.68356 1.65257 -9.64448 6.72796 1.81159 -9.69936 6.84027 1.42713 -9.70858 6.81035 1.5798 -9.70461 6.59395 1.92674 -9.674 6.81042 1.11398 -9.64824 6.8729 0.752696 -9.67901 6.79092 1.26229 -9.69552 6.58981 0.00357181 -9.67083 6.43055 2.04779 -9.65649 6.37415 2.14683 -9.67118 6.4979 0.945166 -9.63899 6.80672 0.910968 -9.66001 6.65755 0.453309 -9.65808 6.73599 0.613411 -9.65743 5.88754 2.47322 -9.67004 6.42681 2.29105 -9.63645 5.85792 2.51226 -9.65401 6.79985 0.74261 -9.66332 6.79232 1.70072 -9.63608 6.65564 1.23669 -9.64867 6.71531 1.34747 -9.64243 6.54291 0.209626 -9.64325 6.80109 1.26428 -9.62268 6.68575 1.49667 -9.62184 6.07793 2.28336 -9.61647 6.06311 2.4452 -9.5755 6.51829 1.03449 -9.62813 6.63958 0.808593 -9.60718 6.3998 1.96683 -9.60862 6.35815 2.10439 -9.62135 6.75757 1.38922 -9.59691 6.55014 1.1363 -9.6362 6.6325 0.570181 -9.63896 6.23482 2.1831 -9.61329 6.58319 1.74554 -9.62776 5.84869 2.39159 -9.61453 6.41993 -0.179262 -9.60856 6.47437 1.86337 -9.60021 5.74356 2.50605 -9.59713 5.81831 2.41186 -9.61854 6.419 0.0261833 -9.61259 5.82694 2.538 -9.618 6.59346 1.37586 -9.5932 6.53648 2.10181 -9.59207 6.20876 2.32149 -9.5374 6.54594 -0.279249 -9.62515 6.60281 1.64613 -9.60866 6.46699 1.17027 -9.59642 5.87013 2.51338 -9.56141 6.47397 0.478451 -9.59368 6.45924 1.01491 -9.62008 6.04529 2.21562 -9.52287 6.64302 0.943793 -9.59627 6.28862 2.05859 -9.58368 6.33328 1.06995 -9.58635 6.54211 1.69469 -9.58614 6.46885 1.79526 -9.56593 5.74029 2.40659 -9.5674 6.5177 1.27943 -9.56739 6.62871 1.82391 -9.56887 6.39871 1.96669 -9.47837 6.53774 0.660158 -9.5874 6.31983 0.153473 -9.56726 6.2537 2.24121 -9.50742 6.56349 1.4427 -9.56412 6.59371 1.5495 -9.59742 6.57499 1.60967 -9.51935 6.58859 1.18429 -9.56139 6.21871 2.09365 -9.53841 6.35345 1.93151 -9.55509 6.62052 1.32074 -9.54127 5.98253 2.22237 -9.5055 5.60753 2.51328 -9.55292 6.47857 1.48285 -9.5373 6.44003 0.628455 -9.57084 6.49322 0.95984 -9.54969 6.205 0.947236 -9.5382 6.41679 0.794968 -9.54435 5.8272 2.32882 -9.5336 6.4796 1.62089 -9.531 6.14083 1.06986 -9.51433 6.30809 1.16265 -9.55808 6.34131 -0.370982 -9.51879 6.33189 0.48871 -9.54975 6.39069 1.72134 -9.53142 6.16078 2.13961 -9.54508 6.28545 1.86017 -9.49222 5.51472 2.43425 -9.49652 5.61136 2.42916 -9.52487 5.57403 2.54343 -9.48535 6.2732 0.887464 -9.49116 6.07433 0.987086 -9.50922 6.40308 1.17634 -9.50261 6.32644 1.26978 -9.5073 5.98041 2.36741 -9.46036 6.41733 1.31836 -9.52745 6.40895 1.78392 -9.45194 6.19199 1.15094 -9.51813 6.20761 1.95967 -9.50381 6.17896 0.79668 -9.47538 6.39634 1.41813 -9.52059 6.14952 0.434576 -9.49598 6.44196 1.33746 -9.46779 6.34192 1.38541 -9.50967 5.86815 2.42817 -9.45705 6.50174 1.48656 -9.47878 6.1725 2.01844 -9.50877 6.08123 2.07954 -9.51701 6.00958 2.13139 -9.48062 6.28711 1.75297 -9.46946 5.47919 2.51069 -9.5017 6.24043 2.03212 -9.41305 5.61505 2.52778 -9.45307 6.1148 1.23961 -9.46703 6.26155 1.32915 -9.47196 5.72619 2.31934 -9.46501 6.36185 1.56059 -9.49072 6.33611 1.63025 -9.49036 6.02676 0.87747 -9.4877 5.53798 2.40305 -9.48055 5.96768 1.06235 -9.48576 6.12055 2.16148 -9.39956 6.0092 1.17216 -9.46851 5.88362 2.2061 -9.45637 6.30807 1.19948 -9.46586 6.08901 0.625223 -9.46238 6.20013 1.04257 -9.45804 6.29207 1.52446 -9.44317 5.40962 2.52354 -9.46837 5.88548 0.931837 -9.4693 5.91748 1.12817 -9.47314 5.84406 1.09298 -9.45155 6.0106 2.06179 -9.43021 5.91111 1.2413 -9.40835 5.9842 2.22903 -9.36638 6.07497 1.31747 -9.44038 5.30521 2.5475 -9.3614 6.22684 1.41435 -9.44249 6.22159 1.57287 -9.43409 6.10618 1.91496 -9.41453 6.1872 1.86154 -9.45474 5.7514 1.01458 -9.41461 5.42725 2.3752 -9.40248 5.62902 2.27425 -9.39576 5.30755 2.43847 -9.38753 5.96284 0.908519 -9.40783 5.83893 1.19717 -9.42542 5.81266 0.922251 -9.43565 6.24379 1.36476 -9.38647 5.88091 2.10123 -9.40463 6.17641 1.14751 -9.43596 6.01579 1.97915 -9.40607 6.26333 1.91111 -9.39794 6.10549 1.42057 -9.38746 5.27503 2.52939 -9.39457 6.13045 1.52827 -9.4095 6.12299 1.61558 -9.37931 6.20907 1.69364 -9.41772 6.11094 1.70415 -9.39044 5.71208 1.07154 -9.39149 6.32116 1.56174 -9.39603 5.78301 2.15969 -9.40611 6.04034 1.06012 -9.419 5.71726 0.890412 -9.41194 6.12624 1.2486 -9.39305 5.28903 2.49612 -9.41146 6.08668 1.80113 -9.38915 5.56016 2.28792 -9.35718 5.73905 1.26172 -9.35725 5.55117 2.47933 -9.35701 5.92246 2.02569 -9.36745 5.96293 1.17351 -9.37726 5.77872 1.01848 -9.34898 5.38844 2.35004 -9.33749 5.70155 1.19746 -9.39096 5.63334 0.964396 -9.37791 5.65431 2.18848 -9.32417 5.34292 2.5166 -9.30367 6.02701 1.84884 -9.37758 6.04223 1.91307 -9.38907 5.83059 1.35686 -9.32811 5.69397 2.09549 -9.29095 6.05374 1.46427 -9.34177 6.02488 1.42268 -9.28743 6.00826 2.01085 -9.29126 5.52602 1.03139 -9.35533 5.53672 1.18244 -9.34344 6.16327 1.54795 -9.32368 5.79477 1.17614 -9.32787 5.84145 2.30404 -9.33946 5.63073 2.37336 -9.29593 5.96941 1.89049 -9.31838 6.14902 1.8068 -9.32882 5.80925 2.0414 -9.34028 5.95447 1.41614 -9.32446 5.97723 1.53595 -9.30346 6.13083 1.6554 -9.31317 5.55297 1.24786 -9.32938 5.65719 1.29398 -9.31748 6.00629 1.71307 -9.3301 5.96334 1.78768 -9.31508 5.21471 2.55754 -9.30723 5.487 2.22531 -9.28742 5.86655 1.95132 -9.32349 5.90442 1.41822 -9.25375 5.7655 2.20852 -9.25131 6.02368 1.89365 -9.278 5.53465 2.15379 -9.24098 5.94879 1.5939 -9.2839 5.51031 2.34161 -9.21447 5.39686 1.18828 -9.28168 5.75427 1.98636 -9.2605 5.85696 1.44293 -9.27728 5.90948 1.70941 -9.29781 5.86713 1.80738 -9.27294 5.89628 1.53257 -9.28086 5.28463 2.35374 -9.31064 5.84148 2.09002 -9.23374 5.35035 2.22028 -9.22267 5.79465 1.71782 -9.22292 5.79929 1.53975 -9.23926 5.94943 1.63604 -9.23017 5.94194 1.73913 -9.22355 5.50276 1.37898 -9.2154 5.68628 1.44621 -9.23039 5.74159 1.44284 -9.26031 5.69814 1.38475 -9.21101 5.26274 2.32623 -9.27665 5.24424 2.43349 -9.15712 5.78627 1.87041 -9.25317 5.83631 1.65907 -9.27272 5.35711 1.22816 -9.25219 5.36185 1.2867 -9.23243 5.60767 2.04604 -9.24831 5.77195 1.63179 -9.23004 5.78231 1.83118 -9.15669 5.86149 1.56309 -9.20178 5.68958 1.54393 -9.20653 5.61949 1.96398 -9.21197 5.44941 2.10308 -9.18368 5.45706 2.20369 -9.09037 5.73142 1.77226 -9.19578 5.64333 1.86531 -9.20493 5.79606 1.50282 -9.19096 5.6776 1.60086 -9.18918 5.26938 1.29465 -9.17592 5.73691 1.97773 -9.15807 5.67098 2.11223 -9.16212 5.44307 1.39677 -9.19089 5.6121 1.4449 -9.21899 5.55306 1.49888 -9.17783 5.57032 2.00209 -9.20789 5.60021 1.54223 -9.19998 5.60246 1.62378 -9.16868 5.55396 1.68986 -9.15285 5.71167 1.53511 -9.15147 5.57126 1.76996 -9.156 5.45597 1.4681 -9.17737 5.3451 2.13559 -9.13788 5.52817 1.57511 -9.14711 5.69636 1.65557 -9.11732 5.51152 1.94347 -9.15214 5.31984 1.40566 -9.144 5.43877 1.54733 -9.16558 5.47938 1.64516 -9.14721 5.44984 1.85919 -9.11189 5.45272 1.98765 -9.13025 5.39153 1.60503 -9.14193 5.15856 1.33834 -9.11212 5.5248 2.05185 -9.07375 5.36509 1.55431 -9.08234 5.62133 1.77139 -9.07534 5.25275 2.35466 -9.09035 5.29727 1.45542 -9.09855 5.33479 1.67676 -9.10217 5.40222 1.72257 -9.05541 5.28569 1.64838 -9.08904 5.3069 1.75215 -9.04212 5.52765 1.65081 -9.06063 5.35324 1.91685 -9.06333 5.43317 1.84212 -8.99568 5.30546 1.83113 -9.05729 5.28902 2.18726 -9.00755 1.66651 0.264477 -11.7456 1.65157 0.501666 -11.6968 1.56267 0.0438961 -11.6742 1.39251 -0.254444 -11.6034 1.53837 0.195274 -11.5774 1.4154 0.994059 -11.4979 1.32227 -0.498787 -11.5252 1.51445 0.681652 -11.5824 1.39854 0.827729 -11.4623 1.42205 -0.0967428 -11.536 1.48582 0.0179226 -11.5468 1.37854 -0.753177 -11.4778 1.50886 0.438198 -11.4933 1.46408 1.19989 -11.4681 1.55766 1.29906 -11.5066 1.45168 0.645662 -11.4989 1.40558 1.06413 -11.478 1.46397 0.0480933 -11.5026 1.47652 0.395542 -11.4452 1.29102 -0.590248 -11.449 1.26421 -0.378063 -11.4323 1.54704 1.49828 -11.352 1.34272 0.00850987 -11.3492 1.37378 -0.894782 -11.3762 1.27109 -0.253155 -11.402 1.19079 -0.61335 -11.3137 1.44902 1.34148 -11.3472 1.13202 -0.475807 -11.2403 1.39522 0.182852 -11.3903 1.33162 0.617051 -11.3321 1.32985 1.31349 -11.2268 1.29658 1.06281 -11.308 1.37581 0.49272 -11.343 1.2774 1.16988 -11.2406 1.25483 -0.0989133 -11.2974 1.23749 0.404347 -11.1572 1.26722 0.206796 -11.2326 1.24791 0.916524 -11.2617 1.35244 1.40508 -11.1807 1.28051 0.508442 -11.2467 1.21656 -0.744433 -11.2779 1.13182 -0.35076 -11.2271 1.31844 -0.967235 -11.2548 1.15985 -0.235809 -11.2289 1.20401 -0.00893538 -11.1938 1.20595 0.737985 -11.1957 1.50588 1.61284 -11.2078 1.79119 2.10461 -11.193 1.09814 -0.742326 -11.1246 1.19564 0.633901 -11.1701 1.09003 -0.627514 -11.1618 1.17821 1.06663 -11.1279 1.12341 -0.863388 -11.0783 1.21026 0.443761 -11.1353 1.51831 1.76262 -11.1404 1.35933 1.49934 -11.1218 1.5571 1.94341 -11.082 1.30672 -1.12862 -11.1119 1.22639 1.33339 -11.0846 1.17835 0.836479 -11.1589 1.01484 -0.479735 -11.0816 0.991388 -0.395738 -11.0451 1.04655 -0.260043 -11.0796 1.10269 0.535937 -11.0443 1.12298 1.18627 -11.0088 1.2371 1.5003 -10.9847 1.0939 0.983929 -11.0212 1.55876 2.02113 -10.976 1.38485 1.61346 -11.055 1.0714 -0.00683746 -11.0287 1.25461 -1.14864 -11.0291 1.06027 -0.765594 -11.0474 1.09544 0.319267 -11.0051 1.44823 1.87066 -10.9894 1.62765 2.10544 -10.9126 1.0408 0.721304 -10.9672 1.00722 0.942064 -10.9115 0.97475 -0.547503 -11.013 1.10964 -0.988829 -10.952 1.18064 1.31568 -11.0257 1.04356 0.427664 -10.9594 1.46049 1.95381 -10.9347 0.934069 -0.0698441 -10.8821 0.911951 -0.479078 -10.9509 1.28299 1.62942 -10.9431 1.27593 1.67587 -10.9128 0.938442 -0.699933 -10.9048 1.06688 -1.10681 -10.8101 0.917706 0.0800743 -10.8297 0.998304 -0.852271 -10.901 1.12493 1.51003 -10.8428 1.52645 2.0709 -10.8352 0.899927 1.13336 -10.7211 0.997385 1.27999 -10.8022 1.0552 1.45747 -10.7887 0.847811 0.819633 -10.7004 0.898262 -0.784149 -10.8032 0.835949 -0.615218 -10.7952 1.41392 1.99189 -10.8261 1.77165 2.24023 -10.7676 2.00788 2.36619 -10.6549 0.905153 0.351678 -10.7696 1.24553 1.80877 -10.8034 1.30762 1.90679 -10.799 0.832816 -0.142406 -10.776 0.787095 -0.424288 -10.7717 1.68616 2.20898 -10.7332 0.859068 0.553241 -10.7182 1.03776 1.65343 -10.6547 0.829246 -0.709864 -10.7403 0.771936 -0.470363 -10.7439 1.87807 2.31867 -10.61 1.57467 2.15531 -10.7208 0.855342 1.24949 -10.6179 0.894055 1.34141 -10.6298 0.706119 -0.332201 -10.6499 1.13771 1.86316 -10.6334 1.23895 1.95371 -10.6657 0.785751 0.945279 -10.6027 1.3729 2.08603 -10.6193 0.677651 -0.616941 -10.5706 0.68886 0.134994 -10.5382 0.712352 -0.120561 -10.6174 0.679659 -0.499537 -10.6146 1.51694 2.18549 -10.5916 0.812041 -0.791959 -10.6647 1.63728 2.24597 -10.5728 0.55824 -0.252045 -10.4455 0.773815 0.419817 -10.6069 0.763017 1.14779 -10.5241 2.10659 2.41338 -10.5459 1.20163 2.02664 -10.5181 1.32151 2.15368 -10.4411 1.00626 1.96323 -10.3771 0.932895 1.87986 -10.3682 0.702216 0.741204 -10.508 0.551875 -0.506629 -10.431 1.67506 2.30442 -10.4347 1.96552 2.38165 -10.396 1.50616 2.236 -10.4717 0.693799 0.555221 -10.5052 0.649516 0.419113 -10.4477 0.948676 1.78929 -10.4555 0.602218 -0.416555 -10.5147 0.604512 -0.72863 -10.3958 2.02145 2.4064 -10.3014 1.81646 2.34227 -10.4064 0.61806 0.631069 -10.4031 0.536826 0.83735 -10.2748 0.53904 0.173892 -10.3449 0.702999 1.35654 -10.3633 0.610971 1.16182 -10.3053 0.801262 1.57391 -10.3941 0.501264 -0.443078 -10.3605 0.609452 1.00624 -10.3465 0.46585 -0.153729 -10.3034 1.36282 2.22902 -10.3303 1.5623 2.30258 -10.3414 0.476933 0.4554 -10.2364 0.974453 2.06961 -10.1856 0.411583 0.00839223 -10.2142 0.406129 -0.288826 -10.2384 0.764317 1.78022 -10.2295 1.86342 2.38326 -10.2838 0.438928 -0.665881 -10.177 1.12294 2.13274 -10.2523 0.502402 0.641902 -10.2526 0.554209 -1.02818 -10.134 1.26506 2.20378 -10.2651 1.42673 2.30683 -10.1731 1.76137 2.38506 -10.1936 0.590911 1.32414 -10.2204 0.610815 1.54734 -10.156 0.425644 -0.480407 -10.2448 0.462812 0.875156 -10.1651 1.51508 2.32063 -10.2202 0.797086 1.93252 -10.1423 0.492896 1.24348 -10.1077 1.31879 2.26993 -10.1695 0.430217 1.08853 -10.0644 0.643533 1.84052 -10.0242 0.347099 -0.15786 -10.1424 0.827443 2.06567 -10.0091 0.995338 2.1992 -9.98113 0.316215 -0.424197 -10.0959 0.369326 0.611888 -10.0753 1.15416 2.26538 -10.0073 0.364461 0.312984 -10.1082 1.58878 2.38313 -10.0114 0.474193 1.44977 -10.0119 0.29785 -0.531216 -10.0335 0.265838 -0.340422 -10.03 0.70862 1.95209 -10.0024 1.91337 2.42921 -10.0236 0.5892 1.71656 -10.0402 0.872659 2.15736 -9.91184 0.275841 0.946929 -9.88051 1.37677 2.33493 -10.0223 0.270225 0.0904344 -10.0191 0.21115 -0.0660848 -9.94752 1.71372 2.41068 -9.99146 0.435378 1.69722 -9.84973 0.700413 2.05159 -9.86341 0.256415 0.502411 -9.94055 0.286844 1.39398 -9.76629 0.208667 0.442483 -9.88141 0.45582 1.79019 -9.8215 1.20908 2.34828 -9.80195 1.46194 2.39194 -9.85347 1.58181 2.41474 -9.82426 0.383532 1.56571 -9.83535 0.462171 1.8622 -9.772 1.68494 2.44969 -9.72227 0.499491 1.91443 -9.77088 0.831096 2.25979 -9.6529 0.0954245 -0.206279 -9.7504 0.560376 1.98937 -9.76141 0.16079 1.09558 -9.672 0.0842134 0.161406 -9.73848 0.176541 0.733264 -9.77472 0.0956575 -0.0409401 -9.75613 0.24841 1.64533 -9.62412 0.108501 0.645938 -9.69553 0.73105 2.19967 -9.65834 1.24326 2.40747 -9.60945 0.148461 1.27336 -9.60404 1.52675 2.44615 -9.60921 0.13602 1.59043 -9.48257 0.305843 1.81341 -9.59786 1.09128 2.36099 -9.64499 0.425516 1.97279 -9.59145 -0.036784 -0.115937 -9.54182 0.000948451 -0.293186 -9.584 -0.00320279 0.543713 -9.55087 1.36954 2.44175 -9.54451 0.253655 1.74634 -9.57286 0.3288 1.90437 -9.5358 0.540152 2.16494 -9.46746 -0.0246339 0.0470251 -9.57155 0.852449 2.32672 -9.48682 -0.0740855 0.258463 -9.48467 0.706518 2.24318 -9.52616 1.5046 2.4747 -9.4531 0.0415714 0.851994 -9.54485 1.20645 2.4322 -9.48648 0.0809998 1.35097 -9.47914 -0.0114719 1.16098 -9.40144 -0.082988 0.781928 -9.383 -0.133124 0.0969523 -9.40579 0.722886 2.31495 -9.36262 -0.0834313 0.421387 -9.44575 0.905044 2.37764 -9.35717 1.34312 2.46792 -9.38222 0.1289 1.74566 -9.38817 0.245333 1.95552 -9.34466 0.312855 2.03082 -9.34018 -0.102113 0.970403 -9.31359 0.437445 2.16402 -9.3111 0.522171 2.24107 -9.28137 1.11432 2.43967 -9.34212 0.132586 1.83092 -9.31648 -0.191277 0.394158 -9.27765 -0.240207 0.637184 -9.17271 0.0396385 1.63413 -9.31722 -0.167196 1.35688 -9.11967 0.821402 2.39576 -9.19781 -0.240537 0.813543 -9.14132 -0.212352 0.236626 -9.26839 0.197451 2.08362 -9.07186 0.549406 2.29836 -9.15183 1.3563 2.50754 -9.13763 1.22658 2.48023 -9.23113 0.0332132 1.8563 -9.12253 -0.216214 1.16449 -9.10375 0.941154 2.44624 -9.14081 -0.0600993 1.71257 -9.10145 -0.121403 1.56507 -9.10022 -0.31202 0.45589 -9.08817 0.32602 2.18692 -9.06573 0.0857741 1.99245 -9.03702 1.01505 2.48649 -8.9967 1.17145 2.50924 -8.99631 0.636463 2.38029 -9.00406 1.29268 2.52517 -8.95428 0.463691 2.30448 -8.97343 0.840372 2.45393 -8.97116 -0.140598 1.71039 -8.96098 0.233634 2.14805 -9.00287 -0.399976 0.493615 -8.93775 -0.22789 1.39506 -9.00636 -0.354226 0.915943 -8.94837 -0.401827 0.809304 -8.89223 0.313796 2.2275 -8.92741 -0.308495 1.2045 -8.95104 -0.105909 1.8417 -8.8873 -0.0496811 1.9494 -8.85765 0.0414268 2.05917 -8.84585 -0.289525 1.55914 -8.80161 -0.451077 0.699261 -8.82663 0.146104 2.15953 -8.8096 -0.355115 1.32382 -8.81753 0.446115 2.33382 -8.80595 -0.414325 1.15177 -8.78904 0.237217 2.24163 -8.72938 0.912521 2.50924 -8.69046 0.597861 2.41433 -8.74666 0.747936 2.46794 -8.69942 -0.261567 1.7013 -8.73165 -0.174345 1.85679 -8.7303 -0.0456292 2.00563 -8.76275 -0.510197 0.566814 -8.72914 -0.470741 1.09446 -8.69964 1.09801 2.53988 -8.64952 0.35633 2.31665 -8.69257 -0.414918 1.44054 -8.61728 -0.47461 1.22056 -8.62348 -0.516892 0.831396 -8.67084 0.0400799 2.1285 -8.65899 0.153473 2.21802 -8.62277 -0.558771 0.601282 -8.61209 -0.56089 0.294553 -8.65549 -0.293973 1.75412 -8.55741 -0.13221 1.96595 -8.61587 -0.505502 1.09425 -8.61331 -0.37018 1.59076 -8.57382 -0.0239894 2.09154 -8.57459 0.185406 2.25585 -8.51482 0.44859 2.37837 -8.56108 -0.565578 0.882215 -8.49849 0.287298 2.31194 -8.48868 0.72601 2.4909 -8.40382 -0.556978 1.06969 -8.43921 0.0842341 2.19984 -8.43682 0.896804 2.52215 -8.48555 -0.162269 1.99668 -8.35885 -0.530229 1.22787 -8.41789 -0.241896 1.87051 -8.46767 -0.428151 1.4826 -8.5076 -0.0408715 2.11384 -8.32779 -0.385187 1.62888 -8.39944 0.999384 2.54689 -8.42531 -0.583289 1.02668 -8.3663 0.556775 2.44174 -8.36746 -0.45668 1.50021 -8.30955 -0.315349 1.77534 -8.3533 -0.540949 1.28513 -8.24597 -0.242092 1.90884 -8.22996 -0.596712 1.0923 -8.21356 0.236428 2.29742 -8.26366 -0.65059 0.687266 -8.27457 0.843367 2.52549 -8.23001 -0.365903 1.71319 -8.19699 0.584491 2.45814 -8.13816 -0.106784 2.05289 -8.22173 -0.653597 0.845106 -8.14425 -0.675897 0.68009 -8.14263 0.425738 2.39593 -8.13088 0.111883 2.22358 -8.14696 0.0137775 2.14376 -8.04801 -0.609435 1.08435 -8.09114 -0.493887 1.44976 -8.11177 0.829149 2.51685 -8.08807 -0.366225 1.70847 -8.03769 -0.292691 1.83176 -8.09963 -0.178238 1.97286 -8.08519 -0.4109 1.63228 -8.10314 0.727424 2.48941 -7.96609 -0.539089 1.30376 -7.9959 0.295262 2.32714 -7.98811 -0.289504 1.81339 -7.94773 -0.425407 1.59316 -7.98155 0.214476 2.26852 -7.86312 -0.460625 1.50166 -7.92714 -0.630242 1.01019 -7.93565 -0.0116057 2.0897 -7.86841 0.438605 2.3886 -7.89284 0.589634 2.44147 -7.86282 0.891798 2.51533 -7.84745 -0.345598 1.69899 -7.83321 -0.207698 1.89576 -7.88122 -0.119231 1.96764 -7.78937 -0.415305 1.53974 -7.73717 -0.564823 1.20876 -7.85509 -0.4956 1.37645 -7.78915 0.738416 2.46581 -7.72596 -0.597515 1.04962 -7.73872 0.293866 2.29999 -7.78625 0.501515 2.4027 -7.80134 0.118816 2.16075 -7.67104 -0.2395 1.80472 -7.71234 -0.512848 1.26501 -7.66738 -0.370768 1.59049 -7.66621 0.392888 2.31092 -7.59602 -0.274034 1.70571 -7.58292 0.0228979 2.07009 -7.63578 0.264575 2.24872 -7.63292 -0.0593402 1.96225 -7.54889 -0.454672 1.36831 -7.59173 0.494543 2.36068 -7.62502 -0.554221 1.0789 -7.57987 -0.165053 1.79427 -7.4355 -0.372656 1.5094 -7.5436 0.0989503 2.10944 -7.55201 -0.51081 1.12514 -7.46658 0.245609 2.18727 -7.47579 -0.411853 1.34963 -7.44499 0.050565 2.02736 -7.45471 0.360959 2.20569 -7.34986 -0.287856 1.52709 -7.32691 -0.0709121 1.87381 -7.36933 0.205852 2.13039 -7.4049 -0.238297 1.66065 -7.38447 0.0326031 1.91782 -7.26305 -0.463297 1.16649 -7.38202 -0.176412 1.72926 -7.34685 -0.356703 1.40541 -7.34739 0.130378 2.02466 -7.30439 0.330151 2.10796 -7.18603 0.505079 2.24121 -7.25411 -0.206753 1.57844 -7.21041 -0.0775976 1.77717 -7.22899 -0.301841 1.35631 -7.15038 0.18581 1.97302 -7.13786 -0.0607612 1.70192 -7.12333 0.477022 2.17275 -7.14658 -0.170046 1.49777 -7.06303 -0.0966761 1.60618 -7.0535 0.13537 1.85515 -7.04096 0.324535 1.98815 -6.99936 0.0401139 1.69259 -6.96769 0.303355 1.89207 -6.90433 -0.124861 1.45851 -6.97034 5.55399 -1.52322 -9.68123 5.56321 -1.48525 -9.66433 5.64876 -1.54733 -9.58797 5.39796 -1.55651 -9.65991 5.36255 -1.52005 -9.63973 5.32238 -1.59274 -9.52044 5.29073 -1.54912 -9.59519 5.49755 -1.57135 -9.56741 5.40238 -1.48075 -9.55247 6.20022 -0.0560834 -9.5304 5.21832 -1.57961 -9.55926 5.48176 -1.55426 -9.50059 6.178 0.156501 -9.52244 6.1896 -0.361381 -9.46685 5.12415 -1.56673 -9.53155 5.22153 -1.48671 -9.51969 5.1211 -1.59919 -9.5093 5.25251 -1.60661 -9.47677 5.43969 -1.50288 -9.3824 5.10242 -1.57408 -9.52109 5.08047 -1.483 -9.44292 5.18527 -1.47118 -9.46689 6.11792 -0.247217 -9.47446 5.37399 -1.38561 -9.4189 6.26774 -0.654037 -9.45643 4.96397 -1.51458 -9.45074 5.27842 -1.5913 -9.42743 5.95526 0.111221 -9.4476 5.92859 -1.25026 -9.46324 4.97404 -1.59035 -9.45552 6.00341 0.411338 -9.46387 5.99219 0.328391 -9.45541 5.05392 -1.64116 -9.40247 5.67344 -1.35438 -9.38673 4.85678 -1.57145 -9.40677 5.78244 -1.12863 -9.3279 5.14489 -1.44917 -9.42753 5.23113 -1.40896 -9.37064 6.13285 -0.624618 -9.38469 5.93207 -0.187835 -9.42287 6.05477 -0.486643 -9.37138 5.8215 0.212139 -9.40288 4.80248 -1.63167 -9.35457 5.83276 0.463494 -9.40934 4.98758 -1.46049 -9.38046 5.9098 0.715664 -9.40408 5.45453 -1.33199 -9.40272 5.6841 0.330003 -9.35993 4.89937 -1.65772 -9.35968 5.15975 -1.56611 -9.29251 5.07939 -1.41952 -9.3106 5.88234 -0.314067 -9.37168 5.74942 -0.175346 -9.36523 5.5038 -1.43679 -9.35192 6.03328 -0.881007 -9.37502 5.76419 0.0595615 -9.38476 4.99222 -1.64114 -9.31719 4.93316 -1.44413 -9.3052 5.78936 0.753043 -9.3761 5.40518 -1.24382 -9.3333 4.78294 -1.57906 -9.36669 4.83187 -1.4885 -9.32169 4.7407 -1.52024 -9.33887 5.66997 0.527795 -9.34561 5.32737 -1.34135 -9.34217 5.58676 0.266332 -9.31696 5.89972 -0.81764 -9.29899 4.68372 -1.62992 -9.30484 5.86436 -0.613622 -9.27623 5.64798 0.726672 -9.33038 5.6389 0.856535 -9.318 5.60831 0.119059 -9.32751 5.63414 -0.23257 -9.31616 5.65168 -0.377712 -9.27493 5.73218 1.02571 -9.33731 5.86549 -0.955133 -9.31526 4.84754 -1.35277 -9.28671 4.94593 -1.30607 -9.28557 5.48681 -0.098564 -9.27965 5.56092 0.534751 -9.28634 5.1813 -1.34335 -9.29662 5.86297 -0.709029 -9.27368 5.82456 -0.491736 -9.28859 4.66127 -1.46933 -9.27826 5.62289 -1.11938 -9.24724 5.53159 1.17248 -9.25507 5.5803 1.01337 -9.29249 5.5199 0.742878 -9.26548 4.70288 -1.66912 -9.26196 4.57534 -1.59675 -9.28814 4.79383 -1.47254 -9.28805 4.65844 -1.43307 -9.26986 5.49774 -0.184578 -9.28394 4.85383 -1.40671 -9.29086 5.48964 0.0999902 -9.26723 5.3541 -1.31218 -9.19958 5.75544 -0.882536 -9.24265 5.00304 -1.38087 -9.27324 4.54405 -1.66172 -9.26833 4.50341 -1.5903 -9.25064 5.50647 0.371397 -9.2571 5.50004 0.910248 -9.24815 4.80555 -1.66025 -9.24887 5.06523 -1.31707 -9.24966 5.18193 -1.27714 -9.29102 5.49232 0.643191 -9.23805 5.50096 -0.311694 -9.24734 5.34821 -0.257097 -9.19386 4.42938 -1.62589 -9.26954 5.12148 -1.52497 -9.2302 4.39539 -1.66466 -9.24539 5.55724 -0.610125 -9.15385 5.2231 -1.404 -9.19512 5.43518 1.10843 -9.22043 5.36349 -0.300974 -9.19457 5.40614 1.24223 -9.19264 5.45878 -1.11483 -9.15699 5.58756 1.30292 -9.22297 4.57145 -1.6859 -9.23009 4.67834 -1.67228 -9.21235 4.84272 -1.61235 -9.17657 5.42465 0.152636 -9.21011 5.34937 -0.0208078 -9.16208 5.41689 0.862805 -9.17912 5.40232 0.215386 -9.17485 5.48084 -0.507504 -9.15544 4.35568 -1.69228 -9.16818 5.45808 0.376136 -9.20948 5.66603 -0.694741 -9.18753 5.36394 -0.132248 -9.2008 5.2675 1.24415 -9.10544 4.35649 -1.6993 -9.07645 4.90575 -1.572 -9.15951 5.14473 -1.33253 -9.09222 5.49371 1.39239 -9.14854 5.38773 1.32229 -9.1499 5.56657 -0.92898 -9.16301 4.61045 -1.64712 -9.09543 5.63629 -0.849018 -9.18054 5.27797 1.09022 -9.11072 5.31555 -0.459696 -9.11154 5.22588 -0.167914 -9.09106 5.37331 0.373529 -9.10534 5.33587 0.54065 -9.04761 4.9754 -1.49374 -9.12766 5.2524 -0.320758 -9.12329 4.29574 -1.70686 -9.10837 5.50071 -0.757133 -9.1114 5.36199 0.673492 -9.10073 5.4892 1.52828 -9.0824 5.1575 -0.26375 -9.05912 5.41135 -0.998622 -9.10206 5.05573 -1.38316 -9.08022 5.25757 -0.580472 -9.03521 5.24778 -1.22029 -9.09106 5.41378 -0.900125 -9.08352 5.26774 0.835618 -9.024 5.34249 -0.75753 -9.03694 5.24892 1.00159 -9.06332 4.64007 -1.5826 -9.02779 5.28813 0.205846 -9.03291 5.18061 -0.406168 -9.06476 4.86693 -1.41374 -8.99666 5.22451 1.38219 -9.04727 3.95235 -1.75947 -9.04473 5.38179 1.53903 -9.03578 5.17869 1.17307 -9.03388 5.14711 1.28059 -9.02542 5.23701 -1.0975 -9.0451 5.2186 -0.00451732 -9.0177 4.18915 -1.72164 -9.02424 5.03133 -0.382328 -8.98676 5.0699 -1.25419 -9.01183 5.0945 -0.22459 -8.99693 5.11618 1.37829 -8.99715 5.29263 0.683159 -8.99998 5.42828 1.71101 -9.00136 5.03527 -0.469421 -8.9727 3.72374 -1.71675 -8.88731 5.26102 -0.885917 -9.0079 4.49897 -1.64674 -9.03487 5.12597 1.14271 -8.98002 4.71095 -1.43228 -8.92848 5.09316 -0.83904 -8.91869 5.30567 0.381967 -8.99524 5.05304 -1.16262 -8.96801 5.21087 -0.656555 -8.9945 5.05909 -1.09091 -8.95792 5.28531 2.0274 -8.96626 4.171 -1.69456 -8.95119 5.14314 -0.101476 -8.97216 4.44785 -1.59935 -8.9537 5.21138 1.88316 -8.91406 5.27227 1.75652 -8.93904 5.0923 -0.923283 -8.92225 5.02205 -0.291893 -8.96024 5.13701 0.977515 -8.90513 5.17463 0.00847311 -8.94944 4.93243 -1.19827 -8.91328 5.11625 1.50784 -8.95224 4.96171 -0.686387 -8.88108 5.16735 1.6219 -8.92996 4.0132 -1.71736 -8.93595 5.15452 2.14989 -8.92414 5.1859 0.730726 -8.82353 4.51811 -1.44624 -8.84834 4.98114 1.2715 -8.89709 5.19803 0.154209 -8.91729 3.83829 -1.69721 -8.84422 5.12656 0.0211481 -8.88985 5.24936 0.54937 -8.85973 5.12474 1.73236 -8.88656 4.88655 -0.415144 -8.89723 4.92801 1.44126 -8.87324 4.99227 1.45936 -8.90528 5.03413 -0.168862 -8.87996 4.17661 -1.62285 -8.85167 5.25937 0.406611 -8.88583 4.80586 -0.513418 -8.84762 5.05005 1.09665 -8.88188 5.03762 2.04459 -8.84746 4.89257 -0.308738 -8.84232 4.92565 1.34234 -8.87297 4.93561 -1.04165 -8.86715 4.96477 -0.892497 -8.85077 4.29016 -1.5503 -8.82976 5.23618 0.368267 -8.84253 4.96033 1.20092 -8.85098 3.58258 -1.69605 -8.77131 4.78648 -0.738618 -8.79653 4.97916 1.10823 -8.81341 5.12519 0.867206 -8.80756 4.71408 -1.2461 -8.81472 4.96804 1.91408 -8.80357 4.07872 -1.65763 -8.85204 5.03006 1.0116 -8.77981 4.82561 1.32255 -8.7985 4.99767 -0.10055 -8.7529 5.17368 0.16964 -8.83971 4.82885 2.17942 -8.79382 4.95237 1.59124 -8.84331 4.84903 -1.00097 -8.79922 4.92044 1.79078 -8.8002 5.08999 0.0396809 -8.77439 5.20356 0.388101 -8.72853 4.7173 -0.473133 -8.80383 3.41126 -1.69895 -8.73586 3.89735 -1.64994 -8.76011 5.10666 0.769487 -8.68718 4.03781 -1.53722 -8.67016 4.81402 1.25864 -8.75478 4.75313 1.43863 -8.78346 4.35357 -1.42783 -8.75065 5.14552 0.18289 -8.71213 4.79255 1.61415 -8.76741 4.57051 -1.32087 -8.792 3.6474 -1.677 -8.70431 5.18423 0.595544 -8.69328 4.72404 -0.387017 -8.73954 4.80365 -0.294051 -8.69764 4.8638 1.16261 -8.71601 4.60475 -0.560392 -8.74112 4.63643 -1.19758 -8.75197 3.99324 -1.58156 -8.69895 4.19552 -1.50532 -8.73297 4.80516 1.76887 -8.75036 4.69776 -0.999682 -8.72703 5.17352 0.283524 -8.6906 4.80178 1.99335 -8.75452 4.68017 -0.850048 -8.72463 4.53666 -0.48244 -8.68541 4.65089 -1.1117 -8.73374 4.89574 -0.188953 -8.69427 4.61184 1.40905 -8.70327 4.65448 1.91699 -8.67839 4.47241 -1.24379 -8.68958 3.68631 -1.64704 -8.62792 5.02402 0.884564 -8.6536 4.95811 -0.071117 -8.6447 4.61743 1.47642 -8.71224 3.72368 -1.57998 -8.51426 4.23615 -1.38137 -8.65315 4.53786 -0.849886 -8.65987 3.13278 -1.69898 -8.54972 4.61087 1.74287 -8.65871 5.16845 0.325022 -8.59306 4.9155 1.03427 -8.62476 4.69746 1.28667 -8.67426 4.7269 1.21244 -8.58964 3.41167 -1.67914 -8.59499 4.54739 1.64516 -8.63661 4.4552 -1.10161 -8.62342 5.03716 0.0174202 -8.63458 4.48791 1.48441 -8.64098 5.15683 0.420636 -8.5001 3.52207 -1.67411 -8.60989 4.62898 -0.373188 -8.50933 5.16283 0.516256 -8.60649 4.45626 -1.0318 -8.60958 4.84699 1.08569 -8.57381 4.54017 1.40773 -8.65638 4.27016 -1.28822 -8.59976 4.44179 -0.700423 -8.64337 4.37032 -0.58448 -8.61505 4.50784 -0.46962 -8.61714 3.99125 -1.50767 -8.59641 4.85364 -0.185542 -8.57336 5.11261 0.235562 -8.59643 4.45723 1.45552 -8.61763 4.64016 1.26376 -8.5807 4.52891 1.35822 -8.57362 4.39668 1.64978 -8.56305 4.75305 -0.295598 -8.58233 5.1115 0.66746 -8.58842 5.07451 0.122411 -8.59548 5.05598 0.0958604 -8.55522 4.17804 -1.21811 -8.5093 3.09972 -1.69227 -8.48942 4.35322 1.52337 -8.55904 5.06517 0.733963 -8.47832 4.98623 -0.00571906 -8.54713 2.81631 -1.71077 -8.50058 4.33003 -0.85226 -8.55664 4.27241 -0.680072 -8.55874 4.4129 -0.521008 -8.60119 4.2251 -0.597474 -8.50497 4.30682 -1.06369 -8.52797 4.37275 1.45687 -8.54705 5.0039 0.836211 -8.45453 4.92385 0.946041 -8.50229 4.00909 -1.31126 -8.44371 4.7761 1.1251 -8.47181 5.14246 0.318701 -8.52522 4.31647 -0.525237 -8.48128 3.40773 -1.64043 -8.44614 4.86698 -0.15549 -8.48764 5.102 0.664501 -8.46627 5.133 0.350373 -8.45312 4.58236 1.28487 -8.47315 4.82765 -0.206682 -8.44221 4.14973 -0.779245 -8.48297 4.35104 1.42403 -8.45763 4.15949 1.57915 -8.43622 3.76362 -1.49012 -8.42044 4.16966 -0.682879 -8.50092 4.50759 -0.438825 -8.46238 3.26906 -1.65378 -8.38843 4.54688 -0.408828 -8.47922 4.20538 -1.08137 -8.49052 4.22621 -0.956142 -8.49979 4.24243 -0.868932 -8.50038 5.00782 0.0795903 -8.44698 5.13167 0.536996 -8.41192 3.87247 -1.3981 -8.41502 4.17961 1.53404 -8.43791 4.04717 -1.11492 -8.41321 4.73545 -0.286164 -8.3645 3.45291 -1.58787 -8.35408 4.93673 -0.046824 -8.39858 4.06218 -0.935205 -8.41562 4.4745 1.3724 -8.45243 5.09565 0.226274 -8.4683 2.87513 -1.70386 -8.3762 4.61874 -0.368346 -8.41428 4.87208 -0.154883 -8.34898 4.11463 -0.860963 -8.45526 3.99463 -0.781027 -8.39754 4.08619 -0.654389 -8.42403 5.06051 0.165956 -8.40715 5.01165 0.805924 -8.34265 5.08103 0.664077 -8.29467 4.43691 -0.472803 -8.42478 4.35471 1.40002 -8.37319 4.46201 1.33682 -8.36288 3.94753 -0.901467 -8.37049 4.87139 0.992412 -8.3871 4.94603 0.902303 -8.34165 3.91781 -0.750083 -8.33039 5.1167 0.581779 -8.25252 4.1981 -0.586031 -8.36801 3.88273 -1.09287 -8.33324 4.79065 -0.220903 -8.34821 4.5937 1.27087 -8.37409 4.74367 1.1605 -8.34534 4.13043 -0.605243 -8.34212 4.56611 -0.427221 -8.27394 4.06904 1.52679 -8.32205 4.91791 -0.0844376 -8.29731 4.80915 1.10135 -8.32367 3.78522 -1.3316 -8.33132 5.07192 0.201742 -8.34192 5.12164 0.406682 -8.28873 3.92403 -1.1736 -8.35267 3.06318 -1.66935 -8.29985 4.4997 -0.455353 -8.31024 3.35547 -1.59021 -8.29845 4.68848 -0.334775 -8.28926 3.86128 -0.980656 -8.31239 3.62622 -1.41825 -8.27426 5.02709 0.0690545 -8.29652 5.10589 0.291532 -8.30218 4.91451 0.974536 -8.212 5.11281 0.61823 -8.19188 3.81834 -0.869287 -8.29568 3.82416 -0.757097 -8.23842 4.01728 -0.666939 -8.32442 3.77413 -1.19431 -8.27805 4.84575 -0.196214 -8.22123 5.04562 0.117705 -8.26646 3.45055 -1.49398 -8.23564 2.72401 -1.70482 -8.15465 4.63577 1.26103 -8.24763 5.00153 0.834846 -8.28265 4.53163 1.32194 -8.28874 3.20835 -1.62004 -8.25308 4.3545 1.41257 -8.25288 4.1791 1.46714 -8.2467 3.80979 -0.753074 -8.19362 4.38488 -0.536543 -8.2581 4.86674 1.03994 -8.22967 5.04287 0.837623 -8.11661 4.7754 -0.277743 -8.17163 4.15875 -0.624282 -8.21651 5.10619 0.22161 -8.21305 3.63846 -1.24866 -8.21601 5.12199 0.447241 -8.25235 4.48907 -0.492995 -8.19105 3.72496 -1.00821 -8.24537 5.09081 0.698017 -8.1066 4.07428 -0.667817 -8.21889 2.90565 -1.66296 -8.13047 3.57723 -0.960334 -8.16207 4.97446 -0.0517042 -8.16539 5.08998 0.161258 -8.12751 5.11599 0.359148 -8.21798 4.46826 1.37684 -8.14468 4.62325 -0.38472 -8.21919 4.56484 1.3131 -8.1399 4.61697 1.26314 -8.19777 3.45833 -1.2338 -8.1176 4.22791 -0.609974 -8.14902 4.57734 -0.415892 -8.16945 4.3328 1.42791 -8.14541 3.22656 -1.5455 -8.13888 4.70559 1.23385 -8.12192 4.90678 1.02587 -8.08871 3.47979 -1.38633 -8.1791 4.12044 -0.641632 -8.14363 3.56328 -1.11165 -8.15284 3.00293 -1.61086 -8.07369 3.21298 -1.45936 -8.04598 4.06342 -0.671374 -8.14767 5.14223 0.399157 -8.12764 5.13304 0.48152 -8.16992 5.12454 0.244604 -8.13056 4.45081 -0.52382 -8.10062 4.34344 -0.599776 -8.05529 4.64974 -0.393785 -8.11407 3.94666 -0.719445 -8.11467 3.89359 -0.758035 -7.99257 4.38396 1.41121 -8.1073 4.78717 1.15555 -8.05685 5.06678 0.069932 -8.05802 4.88642 -0.189995 -8.11971 3.64807 -0.811826 -8.14156 4.62582 1.31692 -8.05362 5.03896 0.846379 -8.06248 4.58036 -0.463595 -8.07501 3.44265 -0.907324 -8.03403 4.84117 1.09635 -8.07172 3.80202 -0.769446 -8.09966 4.50265 1.38513 -7.98464 4.46027 1.40405 -8.05945 5.19161 0.425524 -7.98484 4.96204 -0.102212 -8.0548 5.14261 0.651058 -8.0009 3.48297 -0.998832 -8.10312 4.52996 -0.519622 -7.96112 4.69898 -0.400536 -8.01269 3.02651 -1.54657 -7.98255 3.13698 -1.48572 -8.00899 5.153 0.574037 -8.0388 5.02029 0.891522 -8.02472 4.16766 -0.682479 -8.02475 5.16703 0.239326 -7.95655 5.16784 0.287026 -8.0278 3.50942 -0.850895 -7.97784 3.6468 -0.816384 -8.01867 4.08693 -0.694126 -8.03407 5.1444 0.144406 -7.92814 3.32794 -1.30498 -8.05157 3.38936 -1.06962 -8.04488 4.39839 1.43599 -7.98991 4.35058 1.45949 -7.9934 4.78553 -0.318249 -8.00952 4.87463 -0.220121 -7.99232 5.02384 -0.0503622 -7.94636 3.32047 -1.15625 -8.00433 4.5462 -0.52571 -7.9152 4.61323 -0.474493 -7.93408 4.01761 -0.754466 -7.93278 4.40409 -0.558232 -7.98701 3.73916 -0.819662 -7.91782 4.67312 1.29314 -7.97779 2.90899 -1.49464 -7.82322 5.00861 0.918553 -7.83078 4.78345 1.17464 -7.99807 5.05274 0.831976 -7.95912 3.18446 -1.31894 -7.94376 4.27265 -0.660216 -7.93526 3.35813 -0.996658 -7.95796 4.84597 1.1059 -7.95222 5.09498 0.0758619 -7.87079 5.19504 0.528745 -7.92402 3.40686 -0.936775 -7.88231 4.80365 -0.309034 -7.83362 5.11372 0.741299 -7.94113 4.61374 1.32372 -7.91819 4.73543 -0.365026 -7.84944 3.63637 -0.855085 -7.89386 4.8875 1.0477 -7.91787 3.26411 -1.16455 -7.90617 4.30977 1.48132 -7.88184 4.71025 1.24714 -7.86609 2.83713 -1.59817 -7.91029 3.83738 -0.822147 -7.82478 4.86536 -0.223089 -7.88813 4.96315 -0.13779 -7.88493 4.42219 1.44595 -7.88928 5.19998 0.370934 -7.87712 5.05646 -0.00368069 -7.86265 3.53842 -0.88193 -7.84011 4.38141 -0.587564 -7.86552 5.16728 0.641461 -7.86858 4.14238 -0.727046 -7.84769 5.13924 0.187913 -7.86021 5.1797 0.266414 -7.8746 3.33888 -1.07798 -7.8547 4.75365 1.17192 -7.86145 2.6694 -1.63601 -7.84064 5.07732 0.811373 -7.84644 3.99523 -0.794246 -7.7269 3.03681 -1.41793 -7.86939 3.17789 -1.24577 -7.8532 4.55718 1.3753 -7.80625 4.55508 -0.511023 -7.79712 4.70223 -0.415958 -7.7484 4.66631 1.27811 -7.77333 2.71233 -1.59437 -7.79893 4.9172 1.01145 -7.73544 4.93113 -0.160685 -7.80403 3.04998 -1.33637 -7.79627 2.90152 -1.41865 -7.71731 5.09543 0.768887 -7.71983 5.13695 0.706 -7.77856 4.30226 -0.675729 -7.76774 4.44452 -0.59813 -7.81349 4.81167 1.06374 -7.82126 4.69051 1.16786 -7.78536 3.51655 -0.949664 -7.71363 2.80021 -1.51527 -7.74748 3.72655 -0.869401 -7.75826 5.09544 0.0705015 -7.73628 5.23497 0.498827 -7.77926 3.25711 -1.18703 -7.83398 4.4232 1.4504 -7.74867 4.43718 -0.587594 -7.74436 5.09641 0.131559 -7.80232 5.20179 0.600759 -7.78865 5.21615 0.312103 -7.74107 3.36646 -1.09247 -7.77211 3.47256 -0.993002 -7.70861 4.71419 1.1464 -7.70515 3.65001 -0.900234 -7.68363 5.03989 -0.0269142 -7.74013 3.25907 -1.20968 -7.69281 4.62301 -0.452374 -7.63622 4.62137 1.29431 -7.72428 5.02697 0.890193 -7.71865 5.14083 0.173062 -7.65179 5.19862 0.257385 -7.69711 4.52584 -0.544611 -7.67698 4.74375 -0.340909 -7.62941 4.78456 -0.300045 -7.72703 4.69512 1.21301 -7.607 4.89083 1.01652 -7.66419 4.83072 1.08006 -7.61529 3.76099 -0.869495 -7.60437 5.21424 0.556861 -7.71764 5.02281 -0.0195726 -7.66684 4.20666 -0.714378 -7.68277 3.09946 -1.29268 -7.67352 4.3609 -0.63992 -7.63126 3.36926 -1.1008 -7.67487 4.5614 1.35197 -7.63992 5.22377 0.485759 -7.69819 5.14705 0.647588 -7.67479 4.95004 -0.119201 -7.718 4.63385 1.26102 -7.65775 4.8338 -0.24807 -7.66594 5.19731 0.376793 -7.62892 5.18638 0.532842 -7.61907 2.48961 -1.56307 -7.53493 5.07749 0.748508 -7.63594 2.72696 -1.48754 -7.62524 4.87819 -0.168693 -7.61969 3.00279 -1.31835 -7.62681 4.73845 1.1591 -7.59994 4.94723 -0.062632 -7.60377 4.10597 -0.770611 -7.62571 4.45571 -0.601225 -7.61626 4.572 -0.488048 -7.51537 3.53961 -0.954537 -7.57415 4.01533 -0.793041 -7.55498 4.27676 -0.69132 -7.55561 4.93071 0.869566 -7.56693 5.14407 0.226612 -7.60502 3.25846 -1.16498 -7.56015 4.47998 -0.551868 -7.51535 3.41428 -1.04774 -7.56352 4.13498 -0.751096 -7.54246 5.11926 0.597369 -7.58256 4.66974 -0.363457 -7.46558 4.497 1.38649 -7.53903 4.39195 1.46317 -7.61799 5.17141 0.384292 -7.58343 5.03277 0.0992821 -7.55505 5.14622 0.340017 -7.5609 2.99929 -1.28704 -7.56852 3.07963 -1.24945 -7.56197 3.56234 -0.939548 -7.5001 4.78517 -0.249866 -7.53718 4.83855 -0.122044 -7.52736 4.66704 1.21133 -7.50602 4.57121 1.314 -7.48506 2.79832 -1.38305 -7.5466 4.85024 1.00156 -7.54935 5.13941 0.463076 -7.55611 5.02336 0.6556 -7.51549 4.78124 -0.219267 -7.50051 5.02806 0.215683 -7.49738 5.07105 0.311412 -7.53225 4.5367 -0.512318 -7.44523 4.72079 1.09996 -7.43747 5.00753 0.534438 -7.4328 3.32803 -1.03874 -7.45727 3.88602 -0.842381 -7.46585 4.82974 -0.0574909 -7.44335 4.43638 1.39895 -7.44546 5.0614 0.37905 -7.49145 4.3864 -0.602316 -7.44443 4.7658 1.06384 -7.47843 3.46697 -0.977847 -7.47292 4.2681 -0.666848 -7.37048 2.929 -1.22887 -7.45484 5.00938 0.251594 -7.4677 5.02122 0.354879 -7.43666 3.71652 -0.887474 -7.40105 4.11469 -0.754304 -7.42083 2.82507 -1.26349 -7.43534 3.13045 -1.14615 -7.46392 4.92679 0.7589 -7.46722 4.94861 0.105439 -7.45724 2.97685 -1.1803 -7.42985 4.94641 0.67226 -7.41484 3.11992 -1.08019 -7.40045 4.79273 0.909808 -7.37715 4.44801 -0.548672 -7.36098 3.41218 -0.975564 -7.38822 4.95788 0.177645 -7.40889 4.64625 -0.301304 -7.3359 4.73899 -0.188472 -7.39769 4.61966 1.17923 -7.37533 5.01169 0.421902 -7.39151 3.896 -0.830154 -7.32721 4.85863 0.0400731 -7.36368 4.47264 1.35054 -7.38297 4.84301 0.786385 -7.32307 4.33589 1.4351 -7.32626 4.2734 1.51051 -7.48522 2.87486 -1.17429 -7.342 4.94594 0.2146 -7.29068 4.5442 -0.399605 -7.27657 4.7335 -0.0826258 -7.29634 3.20307 -1.01188 -7.33349 4.22194 1.5032 -7.33129 4.71174 -0.176992 -7.32136 4.95737 0.585413 -7.29464 4.74466 0.912955 -7.31643 4.97011 0.309992 -7.31542 3.0253 -1.03645 -7.22174 4.39664 -0.553168 -7.25594 4.4358 -0.48736 -7.21167 3.2131 -0.988152 -7.26522 3.54505 -0.922536 -7.3186 4.90558 0.648841 -7.25339 4.59744 1.12023 -7.27544 4.42232 1.34136 -7.2681 4.97572 0.481929 -7.222 4.97561 0.378705 -7.23751 4.84138 0.121403 -7.20939 4.78309 0.797194 -7.25481 3.70829 -0.85129 -7.17691 4.57842 -0.275567 -7.19147 4.66807 -0.128802 -7.2229 4.62296 1.05874 -7.2355 4.06532 -0.743144 -7.22891 4.62428 0.990531 -7.18021 4.68788 0.843983 -7.12584 4.91794 0.275907 -7.21807 3.35102 -0.935608 -7.13603 3.56527 -0.884244 -7.15679 3.93053 -0.785412 -7.15943 4.16325 -0.669876 -7.165 4.47922 1.24922 -7.20517 4.27662 -0.603382 -7.1887 4.48974 1.1458 -7.1273 4.77203 0.743004 -7.14319 4.39912 -0.489188 -7.15144 4.85859 0.609658 -7.15148 4.83033 0.190835 -7.12873 4.90916 0.349189 -7.13684 3.27098 -0.955628 -7.12003 4.44357 -0.375506 -7.10638 4.78913 0.638656 -7.05657 4.89844 0.448458 -7.10784 4.4415 -0.320223 -7.02652 4.74517 0.0861337 -7.0964 4.51838 1.00569 -7.06064 4.86773 0.314057 -7.11884 4.33835 1.32315 -7.08928 3.90548 -0.75094 -7.05892 4.66598 -0.0270064 -7.11131 4.66269 0.800472 -7.06622 4.20362 -0.573547 -7.00402 4.40865 1.23809 -7.1086 4.82361 0.496596 -7.06016 3.67087 -0.816111 -7.02708 4.78258 0.223825 -7.06991 4.04981 -0.696865 -7.07597 3.35083 -0.906783 -7.00563 4.41213 -0.366465 -7.02787 4.34701 -0.463274 -7.06749 4.7908 0.371247 -7.06764 4.78432 0.436566 -7.05235 4.74926 0.31092 -7.05872 4.36916 1.14332 -7.01675 4.04609 -0.633863 -6.95718 3.51749 -0.843469 -6.98294 4.35649 1.21244 -7.04827 4.4319 1.04561 -6.99349 4.58586 -0.0274017 -7.03344 4.46882 -0.172049 -6.97894 4.28589 1.29557 -6.99785 3.84419 -0.723565 -6.95738 4.71875 0.263809 -6.99685 4.20188 1.3735 -7.04018 4.31142 -0.461516 -6.99442 4.48204 0.830273 -6.93325 3.40308 -0.830349 -6.82867 4.29785 1.17712 -6.92544 4.76006 0.604647 -7.01212 4.58821 0.128723 -6.94028 4.67126 0.218349 -6.95239 4.58709 0.744883 -6.97783 4.70285 0.388534 -6.94854 4.68682 0.449808 -6.92658 4.62148 0.666232 -6.95308 4.18731 1.34801 -6.96089 4.3508 -0.280972 -6.9267 3.68891 -0.772494 -6.95074 4.26818 1.23382 -6.95193 4.49552 -0.0416806 -6.93189 4.67616 0.32616 -6.89565 3.14093 -0.947419 -6.85571 4.24713 -0.39035 -6.87275 4.66885 0.53792 -6.92689 4.15428 -0.516812 -6.91903 4.57016 0.698941 -6.91864 4.29903 1.07625 -6.88306 4.35731 -0.218753 -6.8949 4.49469 0.0114929 -6.87928 4.63741 0.522541 -6.83627 4.08331 -0.456294 -6.79491 4.43577 0.797981 -6.84942 4.38905 -0.0965104 -6.86235 3.56816 -0.774824 -6.85688 4.23186 1.18443 -6.87319 4.64537 0.248444 -6.86881 3.87092 -0.602488 -6.78972 4.25134 -0.301983 -6.86726 4.0158 -0.564483 -6.84559 4.35183 0.879401 -6.84499 4.60543 0.194359 -6.83097 4.5527 0.653215 -6.82237 4.47741 0.710769 -6.78168 4.18059 -0.291195 -6.85601 3.74284 -0.691503 -6.82361 4.24981 -0.202481 -6.82228 4.56658 0.146429 -6.7219 4.67576 0.411582 -6.84979 4.13799 -0.404216 -6.81642 4.42106 -0.0125229 -6.80922 4.66269 0.314699 -6.79402 4.68423 0.398432 -6.77039 4.14461 -0.330579 -6.81653 4.29295 -0.0451369 -6.76145 4.16226 1.17312 -6.82448 4.31777 0.819332 -6.78598 4.20369 1.00125 -6.78116 4.17088 -0.260984 -6.77872 4.22452 -0.082778 -6.74525 4.6073 0.253303 -6.76487 4.26177 0.853175 -6.77375 4.05952 -0.367115 -6.73028 4.61545 0.537571 -6.69081 4.53211 0.128051 -6.69803 3.98642 -0.44496 -6.72501 4.10612 1.06446 -6.73245 4.09711 1.16602 -6.76717 4.07659 -0.249193 -6.69599 3.70711 -0.631657 -6.69365 4.32934 0.734697 -6.73173 4.59601 0.234172 -6.7003 3.82145 -0.566768 -6.70538 4.66072 0.321774 -6.71415 4.11694 -0.120998 -6.69814 4.34952 0.0445428 -6.71419 4.24185 0.041211 -6.68481 4.11379 0.867518 -6.69401 4.6476 0.436522 -6.69582 4.54986 0.585851 -6.66801 3.96087 1.14727 -6.67048 4.09839 0.731562 -6.64872 4.61364 0.509927 -6.65407 4.49861 0.211411 -6.56793 3.93102 -0.414537 -6.65567 4.0535 0.0468613 -6.6082 4.61683 0.305425 -6.67042 3.95446 -0.349632 -6.62978 3.97736 -0.206283 -6.60727 4.0008 0.978973 -6.6351 4.47935 0.581848 -6.61068 4.35224 0.632802 -6.63378 4.15828 0.61098 -6.57817 4.5975 0.276167 -6.58938 4.60649 0.41787 -6.60437 4.29072 0.114579 -6.60859 4.39228 0.150956 -6.60494 3.76648 -0.542007 -6.60576 4.01728 0.754628 -6.61526 4.61014 0.374013 -6.57977 3.95269 0.905873 -6.57991 3.95011 -0.0447187 -6.56999 4.4554 0.480509 -6.50705 3.83924 -0.42053 -6.55094 3.92609 1.03926 -6.58507 4.0514 0.65851 -6.58537 3.94 0.771643 -6.5647 4.51581 0.437845 -6.53833 4.39701 0.521752 -6.51013 3.96219 0.0357508 -6.549 4.12287 0.175262 -6.52073 4.34962 0.196992 -6.55356 3.90084 -0.296583 -6.54413 4.10182 0.585698 -6.53867 4.23761 0.230489 -6.48872 4.52524 0.327934 -6.53623 4.44925 0.314883 -6.5359 3.90257 -0.09856 -6.51858 3.96276 0.0967898 -6.50564 4.15322 0.50184 -6.46365 3.71584 -0.459687 -6.38681 4.36204 0.267944 -6.514 4.44105 0.401183 -6.52624 3.86137 -0.142836 -6.45725 4.24363 0.5222 -6.50032 4.28036 0.351884 -6.55285 3.8663 -0.0245677 -6.47616 4.38721 0.49548 -6.49548 4.25036 0.42787 -6.50479 4.25746 0.287958 -6.49303 4.05295 0.255226 -6.4074 4.16153 0.252085 -6.46774 4.21251 0.393288 -6.44246 4.02909 0.527704 -6.43422 3.80576 -0.350512 -6.4167 4.09605 0.34496 -6.40408 4.16014 0.417769 -6.40705 2.51349 2.28056 -10.7037 2.35537 2.43628 -10.6554 2.47936 2.36711 -10.6341 2.32419 2.45837 -10.4596 2.55772 2.27353 -10.5835 2.63213 2.14013 -10.5478 2.41261 2.43171 -10.5187 2.23182 2.45735 -10.3448 2.53779 2.32341 -10.5215 2.57744 2.24358 -10.4702 2.68041 2.12972 -10.45 2.60548 2.2194 -10.4378 2.53449 2.36857 -10.4331 2.3813 2.47077 -10.3284 2.45784 2.42783 -10.4074 2.45633 2.44767 -10.3086 2.59232 2.3003 -10.3632 2.76496 2.07827 -10.3964 2.52243 2.36898 -10.3639 2.7252 2.20632 -10.2988 2.3524 2.49188 -10.0971 2.80129 2.18268 -10.239 2.55177 2.41186 -10.2598 2.43218 2.49185 -10.1615 2.47796 2.48044 -10.2084 2.71631 2.24686 -10.2475 2.61171 2.32076 -10.2396 2.96971 2.07917 -10.1823 2.55223 2.47712 -10.2075 2.09071 2.43884 -10.1085 2.72833 2.33907 -10.1334 2.79513 2.25317 -10.1638 2.64839 2.43829 -10.1752 2.67147 2.50373 -10.0338 2.64668 2.52204 -10.0168 2.71954 2.46323 -10.039 2.91428 2.30435 -10.0119 2.5345 2.52782 -9.98256 2.8238 2.44065 -9.96712 2.86723 2.45392 -9.90631 3.14106 2.18628 -9.93896 2.14994 2.46512 -9.93596 2.71188 2.54833 -9.87728 2.81337 2.51602 -9.9269 2.49399 2.53507 -9.85951 3.00214 2.35556 -9.88401 3.37839 1.92079 -9.97609 3.30343 2.07457 -9.91479 2.24094 2.49685 -9.78134 1.93076 2.44247 -9.90647 1.78572 2.45278 -9.74787 2.9279 2.46764 -9.87066 3.6142 1.86738 -9.84842 3.68065 1.80303 -9.84649 3.45218 2.04348 -9.83017 2.87819 2.51954 -9.85756 2.85568 2.5684 -9.7992 3.0275 2.44605 -9.77203 2.56667 2.54449 -9.70561 2.09901 2.47893 -9.78921 2.96932 2.55272 -9.76009 3.87694 1.83977 -9.70674 3.70212 2.04425 -9.67013 3.59397 2.0202 -9.75397 2.72289 2.56268 -9.68785 3.07279 2.53011 -9.7035 3.24359 2.29934 -9.75793 3.16502 2.40616 -9.70703 2.40704 2.52068 -9.63994 3.33634 2.35679 -9.65244 3.46313 2.13675 -9.74367 3.7774 1.94968 -9.69658 3.0019 2.58424 -9.63054 1.9317 2.50222 -9.52739 2.2502 2.51686 -9.5183 3.19489 2.45768 -9.6292 3.42539 2.31229 -9.62652 3.13899 2.56968 -9.62171 3.54955 2.21882 -9.60054 3.90105 1.99232 -9.60601 2.74707 2.56025 -9.46424 3.2154 2.55409 -9.58499 2.54328 2.53438 -9.5041 3.33918 2.46623 -9.57933 1.75638 2.48831 -9.45541 2.05265 2.51533 -9.43599 3.64307 2.22653 -9.54964 3.83033 2.12145 -9.55502 4.08429 1.88511 -9.56504 4.13347 2.07285 -9.43796 3.22286 2.58023 -9.54224 3.47794 2.51871 -9.47187 3.21111 2.60129 -9.4713 3.46703 2.5493 -9.45395 3.58865 2.28577 -9.5397 2.96567 2.57728 -9.49861 3.49679 2.38349 -9.54029 3.3252 2.60304 -9.43908 3.54009 2.48355 -9.46551 3.8107 2.31047 -9.45008 3.97946 2.2296 -9.42642 3.7063 2.38224 -9.45005 4.32519 2.00746 -9.36506 4.2507 1.79128 -9.50672 4.39151 1.91204 -9.37142 4.41876 1.55998 -9.47684 1.89426 2.51353 -9.37935 2.16199 2.52303 -9.39108 2.35731 2.53167 -9.34766 1.67234 2.51014 -9.30608 1.82635 2.51718 -9.28621 3.05763 2.57547 -9.25203 3.71959 2.43983 -9.3971 3.85565 2.40875 -9.36763 3.66755 2.50942 -9.31076 3.29507 2.61156 -9.34743 4.41705 1.73816 -9.4203 4.49687 1.81678 -9.34368 4.56431 1.56998 -9.35924 3.48803 2.61524 -9.33304 3.57804 2.57579 -9.34174 1.98698 2.52751 -9.31365 2.21172 2.54345 -9.23746 5.1566 2.44323 -9.33327 5.10502 2.4675 -9.32424 5.08556 2.55128 -9.31251 3.78667 2.52462 -9.29933 3.59155 2.62218 -9.26973 4.23768 2.21075 -9.28757 3.99173 2.38911 -9.3032 2.79884 2.54764 -9.23064 4.28164 2.10641 -9.33055 2.35457 2.543 -9.19625 5.14029 2.56819 -9.30819 3.662 2.596 -9.2819 3.82323 2.54872 -9.27344 2.57394 2.53584 -9.29272 3.42273 2.62357 -9.27665 5.18956 2.38161 -9.28571 5.07305 2.36494 -9.25899 4.96921 2.51265 -9.2944 4.93827 2.45384 -9.26551 4.96905 2.56648 -9.25068 2.74688 2.54127 -9.15357 5.04511 2.57182 -9.23314 3.23903 2.59635 -9.13368 5.08459 2.29541 -9.1968 3.56469 2.64263 -9.18122 3.75419 2.62474 -9.23222 5.12562 2.54934 -9.23223 3.91768 2.53432 -9.21438 4.12369 2.44987 -9.16592 4.46675 2.06025 -9.26552 4.45373 2.18927 -9.18996 4.31611 2.22615 -9.22981 4.63252 1.70986 -9.28125 4.69369 1.59588 -9.24947 4.72599 1.81241 -9.21212 4.69047 1.48252 -9.26229 4.6203 1.95561 -9.24015 4.75524 1.43332 -9.18699 4.89141 2.39352 -9.19456 4.85257 2.52759 -9.26509 4.78209 2.45562 -9.21141 4.65652 2.54087 -9.19181 3.8777 2.62935 -9.16988 4.78512 2.5737 -9.22111 1.96861 2.54561 -9.15539 4.79917 1.36382 -9.16144 4.04665 2.52379 -9.15543 4.1947 2.3613 -9.18781 4.84472 1.6457 -9.13543 4.62247 2.03463 -9.21495 4.57139 2.12754 -9.18774 3.75574 2.65551 -9.14018 1.66882 2.52925 -9.15236 4.64405 2.49471 -9.18719 5.23527 2.20728 -9.19339 4.79717 2.58433 -9.18528 4.7062 2.4323 -9.16718 2.53867 2.55068 -9.0061 4.57724 2.57803 -9.12652 4.94469 2.31993 -9.13272 4.78882 1.53708 -9.15783 4.78506 1.96008 -9.15898 4.73813 2.11655 -9.15398 4.82102 2.57199 -9.13415 5.16294 2.11582 -9.12137 1.86429 2.55434 -9.02047 4.52432 2.50142 -9.14363 4.6355 2.41874 -9.13089 4.85055 2.35026 -9.1442 3.45606 2.63654 -9.02857 4.5992 2.58212 -9.07167 3.96452 2.61853 -9.10736 4.10764 2.54977 -9.1065 5.31259 2.05535 -9.09411 4.27958 2.41479 -9.07257 4.77421 1.46554 -9.11819 3.12555 2.56967 -9.0592 4.86768 1.77423 -9.10479 4.70872 2.1578 -9.14143 4.58764 2.19894 -9.12521 4.83565 2.3113 -9.13068 4.74547 2.26907 -9.12049 4.71883 2.33635 -9.12256 4.91704 2.2598 -9.10861 4.81726 2.10613 -9.14068 2.13616 2.56539 -9.00733 5.01648 2.25411 -9.10748 2.46174 2.54014 -9.13227 4.96164 2.49615 -9.06823 2.85343 2.5453 -9.00911 4.22813 2.4583 -9.05581 3.92561 2.65013 -9.05915 4.61599 2.36424 -9.06102 4.45949 2.4932 -9.12021 4.43952 2.53972 -9.11897 4.6719 2.55851 -9.02448 1.43649 2.54362 -8.95992 4.96129 2.1997 -9.07789 4.87642 1.33064 -9.07981 5.21172 1.46356 -9.05303 2.36878 2.5519 -8.95559 3.69782 2.6633 -9.0237 4.34325 2.52646 -9.08337 5.19145 2.04357 -9.05429 4.76022 1.42077 -9.08317 4.81749 1.50251 -9.0933 4.95062 1.69429 -9.06116 4.96641 1.61814 -9.08249 4.88067 1.89755 -9.06304 4.88247 2.00126 -9.08273 4.55935 2.28253 -9.05493 4.66386 2.23987 -9.09343 5.09951 1.26073 -9.07967 5.07434 1.41654 -9.0747 4.77142 1.36607 -9.0491 4.93471 1.5445 -9.08921 5.13501 1.42289 -9.09675 4.72511 2.52942 -8.9945 4.89616 1.51185 -9.06054 5.09421 2.14463 -9.03307 5.07709 1.57193 -9.10243 4.44878 2.32327 -9.07214 5.16788 1.6466 -9.06104 5.16726 1.52354 -9.09807 5.22018 1.63025 -9.07826 4.34684 2.46612 -9.06648 5.30429 1.58663 -9.05443 4.34752 2.59104 -9.05172 4.68713 2.29567 -9.06717 4.99647 1.39664 -8.99804 4.86176 1.35475 -8.97878 5.27122 1.9997 -9.05022 4.18606 2.56548 -9.07854 4.10074 2.61651 -9.03613 5.08188 2.39325 -9.02208 5.24634 1.5432 -9.04985 5.23727 1.72652 -9.0681 4.22548 2.59269 -9.03444 4.48524 2.36828 -9.04541 4.60392 2.24338 -9.07219 4.75208 1.45867 -9.03852 4.56674 2.32749 -9.04665 5.01101 1.65599 -9.03489 4.942 1.28673 -9.00285 4.66205 2.27314 -8.97065 4.40026 2.5693 -8.9336 4.6831 1.37123 -9.02181 5.21048 1.78655 -9.03745 5.25349 1.88689 -9.04761 4.92368 1.82725 -9.01028 3.89844 2.65033 -8.97536 4.89899 1.92817 -9.00837 4.94447 2.0106 -8.9776 4.9765 2.10637 -8.9998 5.03046 2.15448 -9.01308 4.73305 2.49705 -8.95902 4.90353 1.34341 -8.97587 4.80554 1.50068 -9.01436 5.17929 1.75486 -8.99456 4.86648 1.50324 -9.01783 5.02466 1.66121 -8.96498 3.00207 2.55055 -8.92135 4.19142 2.59082 -8.97006 4.3391 2.592 -8.98827 4.92413 1.46068 -8.98484 2.59088 2.54764 -8.90407 3.25458 2.58038 -8.91187 5.14237 1.66398 -8.99425 3.49303 2.63729 -8.94808 5.16305 1.88502 -8.99167 4.97247 1.32683 -8.99898 5.05673 2.24689 -8.91525 2.01098 2.5669 -8.84711 4.63622 1.38928 -8.97176 4.77085 1.51135 -8.9345 4.52253 2.53801 -8.92187 5.1107 2.02213 -8.98678 4.9943 1.64406 -8.94975 4.82295 1.53163 -8.92777 5.0059 1.71561 -8.95231 4.69052 1.31958 -8.96691 4.95452 2.40336 -8.97155 5.12495 1.82509 -8.97993 1.6244 2.56279 -8.89022 4.90835 1.39792 -8.93437 4.12779 2.57398 -8.88974 5.07262 1.91886 -8.95254 4.90524 1.49483 -8.93672 5.05996 1.77854 -8.92437 5.02225 2.04502 -8.9527 1.85087 2.57291 -8.80393 5.06048 1.83927 -8.96003 4.66791 1.43052 -8.88373 2.7333 2.55065 -8.6365 3.69497 2.63835 -8.85541 5.0569 1.73425 -8.92153 4.99074 1.77802 -8.91711 4.90274 1.97859 -8.89501 4.95205 1.86602 -8.92977 4.98692 1.98945 -8.93895 5.00971 1.84509 -8.90792 4.58729 2.39837 -8.81362 4.97811 1.92532 -8.91838 4.25241 2.56377 -8.89681 2.19979 2.55933 -8.76578 4.84062 1.3763 -8.90589 4.88912 2.3002 -8.87121 1.30532 2.54043 -8.8584 4.69579 1.37195 -8.87076 2.41777 2.55413 -8.81721 4.80726 1.51924 -8.86889 3.2204 2.5744 -8.84543 3.50547 2.61416 -8.7832 3.89406 2.60216 -8.80861 4.33278 2.51616 -8.83952 4.11499 2.54918 -8.83014 2.58448 2.55037 -8.75863 4.76738 1.45087 -8.84607 4.67083 1.42551 -8.81988 3.01664 2.55937 -8.704 4.34366 2.46012 -8.77606 4.69546 2.27334 -8.7733 1.44561 2.564 -8.80085 1.65199 2.57985 -8.75121 2.04997 2.57587 -8.57058 2.28416 2.56408 -8.68833 4.21266 2.44597 -8.71452 3.3075 2.57439 -8.71907 3.64248 2.59539 -8.73739 4.7194 2.10273 -8.73288 3.9882 2.4846 -8.668 4.56902 2.2409 -8.7054 4.43511 2.3244 -8.6926 3.79152 2.56711 -8.69874 4.29533 2.38894 -8.68717 3.36993 2.56923 -8.65761 1.18365 2.56046 -8.57998 1.41568 2.57931 -8.59633 4.57445 2.0641 -8.66176 2.20836 2.56436 -8.53661 3.15901 2.55836 -8.65479 1.75754 2.57876 -8.59679 4.47245 2.20732 -8.66042 3.81124 2.5066 -8.60127 3.50724 2.56461 -8.61392 3.69724 2.55462 -8.62456 4.31943 2.27897 -8.62652 4.32643 2.0612 -8.54507 3.27096 2.55192 -8.58576 4.50679 1.81985 -8.60583 4.45582 1.94259 -8.59048 2.97049 2.54909 -8.59398 3.95941 2.41813 -8.56815 4.1458 2.32529 -8.57746 3.50203 2.53653 -8.54563 1.6175 2.59216 -8.49741 4.22405 2.23212 -8.55752 2.43915 2.55408 -8.4627 4.34873 1.80632 -8.52343 1.77206 2.58572 -8.47689 3.26894 2.47848 -8.39637 1.95341 2.58464 -8.34913 2.80774 2.54044 -8.48309 4.02047 2.25378 -8.47023 3.82891 2.30239 -8.41071 3.58704 2.45797 -8.43187 3.78795 2.42322 -8.49286 2.78514 2.52167 -8.30097 3.06736 2.5236 -8.45018 4.20995 1.72023 -8.45735 2.66939 2.53404 -8.32964 3.35101 2.43842 -8.33645 4.03968 2.1275 -8.42584 1.16302 2.57063 -8.38164 2.10896 2.57418 -8.38919 4.06511 1.87661 -8.38418 4.13348 2.00461 -8.43375 3.57698 2.34491 -8.31338 1.54542 2.5995 -8.287 4.015 1.72305 -8.35687 1.50396 2.59762 -8.34592 4.08838 1.5413 -8.36451 3.85584 2.22937 -8.37927 3.94734 1.66173 -8.31151 3.17191 2.45356 -8.29986 3.82168 2.07996 -8.29609 1.71898 2.59071 -8.11918 3.73082 2.17196 -8.28352 1.09539 2.56721 -8.20823 2.96627 2.49974 -8.31189 4.13688 1.48458 -8.27948 2.25438 2.56342 -8.26432 3.52725 2.23106 -8.21175 1.27705 2.58355 -8.23229 3.9665 1.58782 -8.29861 3.82391 1.87874 -8.26169 2.39695 2.55455 -8.19114 1.8331 2.57831 -8.06514 2.12417 2.57206 -8.19296 2.57058 2.53815 -8.19784 3.28733 2.35701 -8.20023 3.38136 2.34592 -8.22964 3.70848 1.68785 -8.18155 3.84829 1.58706 -8.19304 3.02348 2.42752 -8.15538 3.64569 1.66022 -8.12403 3.69721 1.86818 -8.19944 3.61471 2.07912 -8.19706 2.82513 2.48138 -8.15024 1.41994 2.59444 -8.10432 3.32319 2.26824 -8.13811 2.61334 2.51794 -8.12255 3.95456 1.53753 -8.10719 4.10381 1.4913 -8.07818 3.50897 1.95452 -8.11775 2.1455 2.56126 -8.02563 4.21973 1.4766 -8.04005 3.68679 1.61926 -8.06427 3.87253 1.57267 -8.08935 3.53878 1.78781 -8.09906 1.31683 2.58181 -7.9965 2.91229 2.4324 -8.08759 3.38913 2.12281 -8.10282 1.9592 2.56827 -7.95499 0.976549 2.54188 -7.98375 2.63801 2.47955 -8.00464 3.03717 2.35227 -8.05107 3.08822 2.28906 -8.01612 3.37946 2.00367 -8.05147 3.87315 1.57721 -7.99683 3.46737 1.75834 -8.03469 3.53915 1.67209 -7.98655 4.07818 1.4909 -8.01344 3.21919 2.17481 -8.02592 4.16026 1.49773 -7.89613 1.61716 2.5728 -7.8421 3.25265 2.03752 -7.96114 2.24837 2.54114 -7.97417 3.76675 1.61599 -7.98581 2.85769 2.35174 -7.9191 3.99158 1.54059 -7.97497 2.36114 2.51129 -7.91876 2.73194 2.40405 -7.90273 3.45096 1.75224 -7.92361 3.37569 1.85158 -7.94393 2.88595 2.28781 -7.86511 3.11742 2.10254 -7.88753 1.27229 2.5501 -7.70668 1.4653 2.55963 -7.70282 3.0132 2.19913 -7.88131 2.11458 2.52522 -7.79294 3.30661 1.94346 -7.92016 1.05731 2.54118 -7.84231 2.63609 2.41651 -7.8376 3.90967 1.61468 -7.87978 4.07293 1.5651 -7.89142 1.95257 2.5541 -7.8122 3.64667 1.68654 -7.85659 3.52912 1.7254 -7.85023 3.2347 2.00493 -7.893 3.79879 1.63547 -7.87041 4.02714 1.58502 -7.84105 2.51848 2.40786 -7.72858 2.93259 2.19477 -7.79916 1.66551 2.56595 -7.71519 2.12716 2.49794 -7.67528 4.21783 1.5215 -7.82385 4.11848 1.54488 -7.83993 2.74736 2.32858 -7.79563 3.13919 2.06854 -7.82753 3.49059 1.80565 -7.77591 3.39559 1.91658 -7.82036 2.369 2.45774 -7.75023 3.25744 2.0215 -7.79117 3.60166 1.76544 -7.70536 1.0678 2.52524 -7.6732 3.95976 1.62145 -7.75674 4.03709 1.6011 -7.74607 3.05565 2.11206 -7.79644 2.63512 2.31945 -7.67205 2.79429 2.25908 -7.7269 1.80325 2.54907 -7.69 3.68978 1.71868 -7.69984 2.8596 2.20386 -7.68007 3.80312 1.67636 -7.75976 3.47964 1.88147 -7.71072 3.12478 2.09057 -7.68004 4.22683 1.54442 -7.67809 1.96886 2.51896 -7.646 0.897695 2.48448 -7.61196 3.39336 1.96878 -7.71024 3.26773 2.04905 -7.67102 2.9986 2.13311 -7.65837 3.54157 1.8165 -7.69619 3.89373 1.66377 -7.61619 2.16175 2.45212 -7.53316 3.44628 1.93197 -7.61772 2.33391 2.40239 -7.56046 3.5193 1.84881 -7.60157 2.44324 2.36342 -7.5738 2.79032 2.18217 -7.55631 0.744767 2.43521 -7.55517 3.61107 1.76085 -7.52382 3.25305 2.02785 -7.59355 1.56723 2.53214 -7.50485 3.70534 1.72104 -7.54211 1.19629 2.51609 -7.53804 3.08358 2.07814 -7.60455 4.06343 1.60858 -7.53716 1.06371 2.48533 -7.46737 1.35652 2.51979 -7.48516 1.76398 2.52606 -7.54063 3.4959 1.81948 -7.48987 2.60242 2.26096 -7.49483 3.87323 1.66993 -7.49736 2.94817 2.0792 -7.51937 1.89702 2.4891 -7.48585 3.42407 1.91648 -7.55181 3.04311 2.0409 -7.52968 3.32138 1.94584 -7.51168 2.69749 2.12085 -7.34583 2.69184 2.18762 -7.47403 3.7971 1.67722 -7.35089 1.65158 2.48611 -7.32061 0.608356 2.35222 -7.44483 2.86658 2.07805 -7.45867 3.26684 1.89192 -7.44462 0.981009 2.43936 -7.35971 3.36207 1.83259 -7.39722 3.59853 1.74426 -7.43338 2.19692 2.41637 -7.45107 3.04933 1.94301 -7.44732 4.02211 1.5842 -7.27261 4.10886 1.5631 -7.35968 2.91133 1.95351 -7.3651 0.729456 2.3617 -7.34577 2.37536 2.29568 -7.28337 2.57746 2.18828 -7.35228 2.98834 1.9221 -7.39474 3.08538 1.86735 -7.36829 1.44661 2.46448 -7.21261 3.4257 1.78921 -7.3551 1.93783 2.44871 -7.33587 2.48246 2.27558 -7.38002 1.36614 2.45226 -7.18257 2.77686 2.05091 -7.32563 3.90303 1.62145 -7.25789 3.31751 1.80324 -7.30419 0.913131 2.37153 -7.22361 2.95875 1.90627 -7.32617 3.50053 1.7456 -7.25945 3.07136 1.85671 -7.30113 1.90246 2.40151 -7.12313 2.15463 2.32914 -7.15291 3.64346 1.69252 -7.21995 2.53032 2.1598 -7.20459 2.70046 2.03937 -7.1746 1.6891 2.46201 -7.24231 1.81871 2.44195 -7.19606 4.09752 1.51723 -7.15981 4.15902 1.46853 -7.10149 1.19035 2.41118 -7.11671 2.46527 2.14653 -7.05116 0.68284 2.28907 -7.19599 0.876876 2.29796 -7.04988 2.32225 2.24173 -7.09088 2.83289 1.95798 -7.15786 3.82219 1.61806 -7.14694 3.12755 1.82655 -7.13362 1.6765 2.41615 -7.03711 3.93198 1.56386 -7.10689 3.63909 1.64565 -7.06954 0.681155 2.2204 -7.04902 1.05262 2.35226 -7.04575 1.31346 2.39089 -7.0024 3.32232 1.75305 -7.0679 3.40658 1.71273 -7.03155 4.01357 1.50854 -7.0486 2.89388 1.9154 -7.04668 1.79785 2.39441 -7.02031 3.69435 1.60507 -7.00619 1.48202 2.38688 -6.94948 3.06371 1.82803 -6.99284 2.76854 1.96533 -7.01413 3.88982 1.51106 -6.95758 1.18338 2.32086 -6.87432 1.91727 2.33845 -6.96008 2.56993 2.03947 -6.93103 2.1132 2.28095 -7.01375 0.796916 2.21441 -6.94522 2.27074 2.14395 -6.88687 2.43848 2.04913 -6.82458 1.06968 2.30131 -6.90582 1.65793 2.36741 -6.89153 1.93788 2.26638 -6.81318 3.54216 1.60299 -6.88466 3.3275 1.71715 -6.95117 3.04212 1.79629 -6.84969 4.08957 1.40068 -6.93549 2.63973 1.96961 -6.84232 4.09945 1.33836 -6.86807 2.05305 2.20637 -6.79206 2.16941 2.1536 -6.81259 3.89569 1.45062 -6.87419 3.69793 1.51653 -6.84722 1.83211 2.31752 -6.85212 0.976348 2.20424 -6.76895 1.44226 2.31294 -6.7654 3.77568 1.46177 -6.82007 3.94054 1.34406 -6.78683 2.79382 1.86043 -6.73133 3.03585 1.76247 -6.74146 3.74343 1.42551 -6.74037 3.57142 1.52133 -6.7399 3.29687 1.61838 -6.66762 1.59049 2.32071 -6.7698 1.67111 2.27811 -6.69666 3.94585 1.23733 -6.71102 1.25519 2.27985 -6.75636 3.84726 1.3155 -6.68975 1.90758 2.19801 -6.65285 2.30364 2.04331 -6.69147 1.57189 2.21041 -6.55526 1.77001 2.18 -6.54626 2.68174 1.84923 -6.5855 2.14452 2.05836 -6.56615 1.39743 2.24556 -6.64373 3.11161 1.68102 -6.61975 2.06454 2.13159 -6.6307 3.58836 1.4788 -6.66918 3.67444 1.40454 -6.62195 3.84633 1.24058 -6.6215 2.7362 1.74809 -6.39838 3.77178 1.26579 -6.53549 3.23029 1.59326 -6.5438 3.65257 1.39091 -6.54495 3.43653 1.50062 -6.52239 2.91352 1.66798 -6.3737 2.56548 1.78842 -6.32783 2.36968 1.88233 -6.37244 1.90781 2.08038 -6.41538 3.11082 1.63571 -6.49584 3.53175 1.42123 -6.46195 1.00065 -1.16044 -10.6701 1.03641 -1.2887 -10.5909 0.903948 -1.02703 -10.6429 1.02349 -1.35947 -10.4785 1.35457 -1.55186 -10.5858 0.889479 -1.19477 -10.4852 1.30808 -1.60731 -10.3762 0.676129 -1.11917 -10.244 0.909269 -1.2975 -10.4049 1.08827 -1.4899 -10.3554 1.17855 -1.5508 -10.3583 0.967262 -1.40887 -10.3277 0.983611 -1.53394 -10.1333 1.09761 -1.58721 -10.164 0.938246 -1.4958 -10.1409 0.700315 -1.34497 -10.0448 0.739471 -1.27017 -10.1915 1.38248 -1.68879 -10.1807 0.498969 -0.77598 -10.2049 1.13819 -1.6463 -10.0537 0.393775 -0.614186 -10.14 1.2805 -1.70715 -9.98849 0.464187 -1.08461 -9.97046 0.79976 -1.54549 -9.84321 0.443288 -1.15902 -9.88026 0.225462 -0.659445 -9.84134 1.04304 -1.64016 -9.94866 1.18879 -1.70874 -9.87424 0.308573 -0.819715 -9.89594 0.163877 -0.485282 -9.81082 0.530266 -1.3134 -9.8414 1.53166 -1.75703 -9.92048 0.369601 -0.990216 -9.89992 1.38641 -1.7644 -9.74629 0.635631 -1.42826 -9.82132 0.268038 -1.07332 -9.69253 0.267183 -0.919641 -9.78564 0.643488 -1.49793 -9.71128 0.867645 -1.61207 -9.7872 0.890955 -1.65903 -9.68883 1.56721 -1.7822 -9.61679 0.464755 -1.34604 -9.70131 0.382759 -1.21796 -9.7273 1.03787 -1.7157 -9.68256 0.173504 -0.806779 -9.70065 0.093865 -0.622167 -9.64725 0.71651 -1.59992 -9.59481 1.25156 -1.76726 -9.62936 0.0368572 -0.431275 -9.61081 1.74164 -1.77506 -9.58641 0.343299 -1.32277 -9.54185 0.810787 -1.70318 -9.4204 0.465971 -1.42984 -9.56609 0.103623 -0.916186 -9.54182 1.29587 -1.79572 -9.44615 0.218746 -1.20022 -9.47884 0.526933 -1.52195 -9.48464 0.0546174 -0.70738 -9.54986 1.43215 -1.80211 -9.41607 0.953807 -1.73701 -9.47269 -0.0245978 -0.535554 -9.4792 1.59654 -1.79927 -9.33644 1.81754 -1.77834 -9.333 0.0714793 -1.05368 -9.38928 -0.11696 -0.36018 -9.3841 0.647178 -1.62298 -9.43288 -0.0148172 -0.819711 -9.40737 0.332852 -1.41496 -9.3707 0.181918 -1.30706 -9.28421 -0.170809 -0.0910169 -9.33716 -0.0214242 -0.962784 -9.31093 -0.164702 -0.246419 -9.32842 0.492138 -1.562 -9.32792 0.0524027 -1.18338 -9.2127 -0.163427 -0.536473 -9.26046 0.653494 -1.6711 -9.29678 0.917152 -1.76096 -9.3334 1.13215 -1.80047 -9.31143 1.26235 -1.81723 -9.19353 0.324819 -1.51141 -9.16126 0.680324 -1.72668 -9.10501 -0.00644031 -1.09004 -9.21261 -0.10536 -0.828559 -9.24962 0.920834 -1.77575 -9.22785 0.197136 -1.41198 -9.131 -0.337947 0.104296 -9.06515 0.479722 -1.60953 -9.18301 1.01295 -1.80575 -9.11244 -0.233299 -0.382406 -9.17729 -0.282015 -0.117707 -9.14276 1.62647 -1.81172 -9.10198 0.581691 -1.69542 -9.05964 1.82155 -1.80132 -9.09452 2.05487 -1.77546 -9.10729 -0.2473 -0.528925 -9.11173 -0.421582 -0.36671 -8.8562 -0.2319 -0.873655 -8.97491 0.743204 -1.76785 -8.97166 2.23005 -1.77031 -9.06928 1.3488 -1.82846 -9.06355 0.0644498 -1.36602 -8.95478 -0.20486 -0.758365 -9.09392 -0.0408498 -1.24239 -8.93919 -0.1249 -1.04842 -9.02397 0.388188 -1.60896 -9.0183 0.432157 -1.65671 -8.92084 -0.293615 -0.708527 -8.96107 -0.416707 0.184467 -8.93154 1.959 -1.79706 -8.94392 0.110481 -1.42481 -8.93361 -0.142143 -1.12883 -8.89382 1.1952 -1.83969 -8.86351 1.51926 -1.83447 -8.88501 1.65972 -1.82151 -8.99122 0.221696 -1.51652 -8.92211 2.0566 -1.80014 -8.70055 1.3337 -1.84192 -8.80283 -0.260226 -0.995261 -8.80751 -0.490174 -0.036977 -8.78267 0.606293 -1.74051 -8.89148 2.2272 -1.77971 -8.84415 -0.391263 -0.551282 -8.85084 -0.53053 -0.228503 -8.68478 1.81107 -1.82031 -8.83994 0.00128596 -1.35899 -8.81624 0.594641 -1.7429 -8.82137 0.885811 -1.81527 -8.78065 0.784355 -1.79325 -8.82102 -0.391054 -0.671461 -8.79467 1.10578 -1.84084 -8.75627 -0.36634 -0.766743 -8.77955 0.139426 -1.49158 -8.78381 1.83578 -1.82104 -8.72715 -0.196431 -1.18228 -8.6525 0.249787 -1.58415 -8.75673 -0.515222 0.298858 -8.74668 0.41062 -1.69358 -8.64978 1.66493 -1.83981 -8.60604 2.18739 -1.78977 -8.62088 -0.096339 -1.33349 -8.57373 0.0127383 -1.42408 -8.63949 -0.507015 -0.457891 -8.65856 0.608028 -1.77103 -8.62873 0.890489 -1.82442 -8.62112 1.46988 -1.84446 -8.62104 -0.397503 -0.839203 -8.63521 -0.492905 -0.590407 -8.61613 2.3921 -1.76396 -8.59045 -0.304771 -1.01906 -8.65488 -0.551404 0.0385792 -8.67527 0.239675 -1.59652 -8.63955 0.070195 -1.49002 -8.54128 2.02595 -1.80856 -8.51912 0.425021 -1.70556 -8.60115 0.740158 -1.80509 -8.57245 2.49447 -1.7422 -8.54715 -0.599185 0.161615 -8.56099 0.945098 -1.83556 -8.55302 1.88655 -1.82466 -8.44265 -0.363337 -0.969414 -8.52769 -0.596859 -0.117891 -8.54678 1.28391 -1.85828 -8.46862 2.67398 -1.71464 -8.50074 -0.629021 0.336457 -8.46356 -0.181615 -1.23311 -8.54975 -0.578975 -0.34795 -8.5072 0.285635 -1.64312 -8.46995 -0.0618348 -1.38519 -8.48924 -0.296406 -1.09474 -8.47806 0.437397 -1.72779 -8.36224 -0.640144 -0.0293823 -8.42968 1.46412 -1.85143 -8.47871 -0.471337 -0.771392 -8.43679 0.119176 -1.54452 -8.40525 -0.545342 -0.551385 -8.45737 1.71701 -1.83887 -8.3965 0.545441 -1.76886 -8.32597 -0.631438 0.576901 -8.39624 2.2808 -1.77468 -8.37342 2.48649 -1.741 -8.37734 -0.541699 -0.633116 -8.3439 0.712588 -1.80698 -8.32671 -0.263935 -1.16253 -8.28966 1.10616 -1.85697 -8.26773 -0.665406 0.314063 -8.34125 0.279269 -1.64961 -8.41182 0.914353 -1.83788 -8.37619 -0.614733 -0.368303 -8.34325 2.12478 -1.79978 -8.30151 1.41021 -1.85746 -8.30414 -0.633878 -0.279086 -8.35223 -0.453314 -0.866493 -8.28511 2.53557 -1.73879 -8.23317 1.2142 -1.85943 -8.29386 -0.390138 -0.988682 -8.21366 -0.680308 -0.0104045 -8.24867 0.0766698 -1.5204 -8.24463 1.75739 -1.83183 -8.20979 1.66842 -1.84265 -8.20551 1.93222 -1.81601 -8.18447 2.33454 -1.76483 -8.23848 2.65395 -1.72511 -8.22189 0.193073 -1.60523 -8.27972 0.78403 -1.82221 -8.22701 2.15717 -1.78528 -8.07691 -0.654903 -0.265004 -8.19171 0.0299876 -1.47914 -8.11294 -0.124214 -1.33179 -8.19683 0.306744 -1.66915 -8.12086 -0.687887 0.234993 -8.22271 0.433954 -1.72951 -8.20229 1.86967 -1.82288 -8.06334 -0.588604 -0.538333 -8.19054 -0.53457 -0.698692 -8.15903 0.625006 -1.78951 -8.11959 -0.689259 0.501375 -8.1513 -0.633646 -0.409445 -8.05788 2.45197 -1.75412 -8.1281 -0.715096 0.147832 -8.01022 0.922716 -1.84316 -8.05343 -0.213885 -1.22245 -8.03872 -0.448757 -0.893807 -8.10491 -0.682848 -0.0923163 -8.1621 0.184471 -1.59451 -8.12692 -0.501259 -0.787855 -8.106 1.32496 -1.85331 -8.04449 1.49377 -1.84711 -8.01311 1.22929 -1.85966 -8.10561 -0.342853 -1.05781 -8.00643 2.55479 -1.72453 -7.99857 -0.119001 -1.32192 -7.97097 1.07026 -1.8534 -8.03442 0.504375 -1.74574 -7.99826 1.63918 -1.83578 -7.94737 -0.699042 -0.0474227 -8.0241 0.63213 -1.78411 -7.97845 -0.684771 0.746922 -7.95049 -0.589318 -0.561993 -8.03349 -0.674888 -0.233124 -7.94094 -0.712893 0.417542 -7.9799 -0.584807 -0.57816 -7.89624 -0.396178 -0.977359 -7.99292 0.189355 -1.5836 -7.9299 2.59903 -1.68261 -7.89072 0.019961 -1.43668 -7.8347 1.99623 -1.79049 -7.77653 2.33757 -1.75308 -7.88978 -0.439839 -0.883353 -7.90413 -0.503508 -0.774556 -7.96047 0.347554 -1.65369 -7.78592 1.19267 -1.84181 -7.82644 0.814151 -1.8142 -7.86052 2.09145 -1.77619 -7.81899 1.51744 -1.83252 -7.75998 -0.630237 -0.428816 -7.89962 1.35686 -1.84001 -7.75988 1.75873 -1.81757 -7.78956 -0.678529 -0.193633 -7.81619 -0.702716 0.563255 -7.82049 -0.0803598 -1.33909 -7.8381 -0.71741 0.311552 -7.82766 0.980022 -1.83825 -7.84574 -0.328134 -1.04122 -7.78558 2.40157 -1.72657 -7.82537 -0.679353 0.742816 -7.81001 -0.263031 -1.13925 -7.82588 -0.712609 0.0865467 -7.82849 0.679321 -1.76844 -7.71624 -0.509842 -0.722244 -7.80147 2.44011 -1.64023 -7.61663 0.160448 -1.54427 -7.79595 2.13412 -1.75538 -7.66089 -0.583621 -0.529257 -7.75218 -0.632045 -0.364235 -7.74562 -0.699927 0.444718 -7.71908 -0.650143 0.874292 -7.76775 1.02271 -1.82653 -7.71083 0.480095 -1.69823 -7.67361 -0.376691 -0.925782 -7.67135 2.37995 -1.68395 -7.65418 -0.102313 -1.29492 -7.72749 1.30911 -1.83037 -7.67867 -0.418886 -0.806095 -7.58775 0.042377 -1.42376 -7.68162 -0.675209 0.611666 -7.63417 -0.689937 0.290623 -7.62953 -0.247091 -1.05658 -7.53322 0.831882 -1.80076 -7.70547 2.1846 -1.72496 -7.5705 -0.155149 -1.22229 -7.67524 1.78654 -1.79341 -7.61293 -0.683078 0.0355797 -7.63282 -0.63068 0.817234 -7.59268 0.96872 -1.80201 -7.59695 0.204958 -1.51922 -7.5557 -0.625697 -0.304663 -7.59548 0.337265 -1.61714 -7.62773 -0.663501 -0.129926 -7.6224 -0.559856 -0.469278 -7.54562 1.52383 -1.80479 -7.54292 -0.499918 -0.637655 -7.58583 0.699526 -1.72551 -7.45889 -0.680198 0.451608 -7.59384 0.473559 -1.66448 -7.56872 0.00105616 -1.31076 -7.44602 0.108806 -1.41633 -7.47359 1.94402 -1.74849 -7.46584 -0.118035 -1.15935 -7.38589 -0.635191 0.502226 -7.4352 1.25911 -1.80274 -7.49314 -0.294463 -0.940389 -7.46112 -0.611512 -0.175214 -7.45406 0.865777 -1.76503 -7.46513 -0.605808 0.707618 -7.43158 -0.566316 0.919136 -7.45229 0.508863 -1.64005 -7.41321 -0.634058 0.00676484 -7.45029 -0.639559 0.288656 -7.4224 -0.590517 -0.304076 -7.48118 0.349759 -1.57871 -7.46724 2.15126 -1.67675 -7.38615 0.643227 -1.66724 -7.31772 -0.386772 -0.77444 -7.45903 1.77591 -1.76547 -7.43302 1.04264 -1.76198 -7.34151 1.47384 -1.78391 -7.4056 -0.510533 -0.500948 -7.41433 0.180976 -1.43785 -7.38715 0.850513 -1.73162 -7.33225 -0.518096 -0.334051 -7.28447 -0.580194 -0.164229 -7.36798 -0.593896 -0.0281363 -7.34879 1.36467 -1.75804 -7.25581 -0.520701 0.934634 -7.33362 -0.178054 -1.03141 -7.29941 -0.584513 0.332382 -7.25294 -0.561538 -0.219464 -7.32757 1.99291 -1.70285 -7.31346 0.419325 -1.56483 -7.34078 -0.292796 -0.846493 -7.29886 0.112431 -1.36722 -7.34481 -0.450891 -0.544553 -7.32519 1.14685 -1.76445 -7.31118 -0.538768 0.60445 -7.2208 -0.375801 -0.724921 -7.35097 1.71133 -1.73732 -7.23244 0.983718 -1.72617 -7.22653 -0.209272 -0.907424 -7.19005 -0.424041 -0.551889 -7.25906 2.07637 -1.6451 -7.23426 -0.0114471 -1.2083 -7.24556 -0.507191 0.118011 -7.10098 0.407968 -1.50757 -7.20607 -0.374604 -0.576461 -7.18891 0.812512 -1.68145 -7.20724 -0.527819 -0.0128356 -7.17446 0.11633 -1.29191 -7.17968 0.594534 -1.59018 -7.17736 -0.336272 -0.709911 -7.22946 1.20875 -1.72717 -7.14251 -0.432394 1.0334 -7.17302 -0.378994 1.203 -7.17612 1.58592 -1.72384 -7.13188 -0.464028 -0.354411 -7.19439 -0.470588 0.849778 -7.1518 -0.154228 -0.941513 -7.1314 -0.05783 -1.1029 -7.17881 1.1056 -1.70473 -7.09513 -0.490474 -0.205935 -7.15859 0.57548 -1.51939 -7.04538 1.76698 -1.69759 -7.1163 -0.418104 -0.377598 -7.10245 -0.512349 0.363595 -7.09731 -0.296733 -0.691074 -7.13104 0.748713 -1.58531 -7.02548 0.898614 -1.64367 -7.04035 0.175912 -1.26763 -7.07308 1.37832 -1.72632 -7.10572 -0.466543 0.697316 -7.07626 0.382883 -1.4221 -7.07661 -0.447148 -0.0590651 -7.01671 -0.490988 0.543982 -7.08452 -0.385763 0.960366 -7.03519 -0.337559 1.18809 -7.09258 -0.183189 -0.803837 -7.03997 -0.364848 -0.479254 -7.07648 0.0666133 -1.13299 -7.03604 -0.272648 -0.603642 -7.0257 -0.43796 0.558704 -6.98018 1.27796 -1.67639 -6.94519 -0.461019 0.257898 -6.99237 -0.150041 -0.669494 -6.90403 1.12677 -1.63158 -6.87609 -0.39628 0.688385 -6.9438 -0.0202498 -0.951513 -6.94889 0.514238 -1.30777 -6.74661 -0.315783 1.12347 -7.00406 1.51382 -1.68414 -6.96125 -0.249467 1.26547 -7.00133 1.6736 -1.67875 -6.9818 -0.383072 -0.182386 -6.95192 0.297047 -1.29316 -6.9633 -0.274679 -0.397931 -6.8854 0.755396 -1.52179 -6.88671 -0.364491 0.828383 -6.9386 -0.235563 1.00938 -6.8146 -0.0211955 -0.815659 -6.85565 -0.139142 1.16301 -6.76617 -0.357562 0.111068 -6.84644 -0.200437 -0.547197 -6.88451 0.888248 -1.57987 -6.89994 0.121676 -1.02951 -6.85551 -0.356922 0.483427 -6.85243 0.317701 -1.10253 -6.70081 -0.337595 -0.121503 -6.86897 1.44645 -1.62348 -6.77687 1.55714 -1.61627 -6.76314 1.30715 -1.63291 -6.82637 -0.29928 0.720666 -6.81112 -0.330604 0.330889 -6.80422 1.1566 -1.61263 -6.80422 0.211228 -0.991507 -6.72918 -0.296496 0.0640693 -6.77764 0.999221 -1.50136 -6.67316 1.1309 -1.56931 -6.7272 -0.227778 0.858285 -6.73985 0.155461 -0.896174 -6.71161 -0.0637977 -0.511359 -6.70153 -0.245103 -0.215344 -6.7751 -0.177025 -0.333278 -6.74108 0.757806 -1.40052 -6.67489 -0.255176 0.202294 -6.70994 -0.258097 0.435582 -6.71701 0.450044 -1.20359 -6.67717 -0.147881 0.0265249 -6.60351 -0.198606 0.630569 -6.65628 0.043225 -0.595907 -6.64326 1.31614 -1.55844 -6.63995 0.12383 -0.648981 -6.59062 0.634325 -1.29865 -6.62 1.20371 -1.50312 -6.57845 0.0158412 -0.485967 -6.60259 0.554173 -1.19693 -6.56863 0.427995 -1.08274 -6.56709 0.19213 -0.799555 -6.6192 0.352753 -0.921789 -6.52871 -0.0709973 -0.119054 -6.54848 -0.15152 0.282005 -6.58301 0.931162 -1.38999 -6.55159 -0.0878355 0.324434 -6.51223 -0.00466631 -0.216908 -6.49997 0.716296 -1.28093 -6.53156 0.240429 -0.579667 -6.42367 -0.0152536 -0.00773792 -6.46161 0.885101 -1.30431 -6.46553 1.11035 -1.35145 -6.4164 0.684775 -1.14089 -6.4152 0.532558 -1.05594 -6.45251 0.131262 -0.38502 -6.42871 0.429657 -0.848675 -6.40521 0.173133 -0.22007 -6.32273 0.324125 -0.505017 -6.31433 2.51578 -1.48649 -7.42001 2.285 -1.5939 -7.37699 2.39915 -1.52589 -7.35555 2.57751 -1.3847 -7.35289 2.73525 -1.26536 -7.34895 2.2084 -1.57074 -7.2186 2.51609 -1.3959 -7.29863 2.41561 -1.47792 -7.27273 2.94582 -1.06692 -7.19639 2.75708 -1.17859 -7.21024 2.53579 -1.31381 -7.17218 2.33355 -1.50014 -7.19108 2.73252 -1.15735 -7.11354 2.03749 -1.61078 -7.07334 2.1561 -1.5173 -7.02722 1.80747 -1.64837 -6.96639 2.3483 -1.44156 -7.05594 3.01071 -1.01821 -7.05151 2.86725 -1.06943 -7.05612 0.585485 2.1191 -6.95138 2.42133 -1.3698 -7.008 2.57546 -1.25455 -7.07186 2.57136 -1.22666 -6.92208 1.86173 -1.59717 -6.86303 2.32279 -1.33342 -6.80761 0.155166 1.73845 -6.88726 2.46566 -1.28085 -6.86372 2.6912 -1.1269 -6.81875 2.15844 -1.40703 -6.77634 2.82149 -1.06407 -6.84802 2.94875 -1.01228 -6.85039 1.70868 -1.61493 -6.80752 1.93597 -1.54158 -6.80474 -0.125186 1.24767 -6.80755 0.745496 2.12708 -6.82116 0.0509146 1.44087 -6.73309 0.497824 1.87977 -6.69715 0.613036 1.99355 -6.73626 1.83697 -1.5603 -6.75209 0.855195 2.15715 -6.79037 3.21271 -0.871953 -6.72968 2.57188 -1.16917 -6.74446 3.50392 -0.752396 -6.74018 0.361564 1.7709 -6.70238 1.08228 2.22167 -6.72906 2.45753 -1.19825 -6.65223 2.80646 -1.04017 -6.6971 2.97098 -0.970762 -6.71262 1.89599 -1.46652 -6.61758 2.06485 -1.35083 -6.55424 0.291867 1.58548 -6.59281 0.149775 1.54939 -6.71217 2.19868 -1.32575 -6.65668 -0.0951914 0.992415 -6.63072 0.115687 1.39785 -6.61892 -0.230274 0.748383 -6.71534 0.467789 1.62817 -6.4523 1.4655 -1.55199 -6.62073 0.878455 2.05644 -6.60756 3.10477 -0.884794 -6.6207 1.25199 2.16952 -6.55677 -0.0692644 1.13843 -6.66935 2.63558 -1.08054 -6.57359 1.62608 -1.5295 -6.59109 1.74592 -1.50578 -6.59554 0.448401 1.72945 -6.56957 3.45242 -0.673969 -6.48005 0.0838868 1.291 -6.57921 2.77614 -1.01245 -6.5674 2.33445 -1.20893 -6.5197 0.682941 1.89892 -6.56463 1.02377 2.0816 -6.54673 -0.106152 0.783941 -6.57263 0.838528 1.95693 -6.49484 0.669875 1.80777 -6.46349 3.26135 -0.767472 -6.52056 1.43716 2.15487 -6.48798 3.93222 0.595695 -6.47212 1.35172 -1.50295 -6.53931 0.0383743 1.04397 -6.50661 0.243389 1.36661 -6.46202 1.19012 2.10053 -6.48689 0.0343933 0.859584 -6.44828 1.62001 -1.42811 -6.40054 1.80746 -1.42403 -6.47236 2.01183 2.04255 -6.40849 2.39664 -1.12259 -6.39165 -0.0422217 0.588867 -6.47565 3.88206 0.951811 -6.48658 3.84795 1.13291 -6.52628 2.99307 -0.883004 -6.47967 0.918122 1.94382 -6.42076 3.58003 -0.579747 -6.40804 0.617498 1.70991 -6.39775 0.250969 1.26018 -6.38697 -0.0149461 0.128964 -6.44408 3.82419 0.0856049 -6.39292 3.85016 0.728605 -6.45594 3.84962 0.607636 -6.40581 1.92013 -1.32333 -6.38771 3.70041 1.28632 -6.42743 2.09198 -1.27105 -6.41531 0.835237 -1.23588 -6.41399 3.3887 1.44993 -6.38266 3.27809 1.49941 -6.38505 0.412348 1.49978 -6.39483 2.14713 1.95782 -6.34859 3.31989 -0.678655 -6.37713 3.76445 1.17448 -6.37649 3.81779 1.06897 -6.39527 2.61596 -1.01557 -6.38872 1.68355 2.10215 -6.40135 1.81299 2.04879 -6.33361 2.81357 -0.915831 -6.37599 1.32628 -1.41213 -6.41159 1.49261 2.09823 -6.39285 3.49661 -0.59091 -6.33943 1.03588 -1.23131 -6.30335 1.47716 -1.35343 -6.30991 0.813083 1.81434 -6.34936 3.78426 -0.27806 -6.33584 0.379956 1.35347 -6.31896 3.79001 -0.208077 -6.3377 3.80212 0.0149971 -6.36886 0.113341 0.201096 -6.30701 0.193646 1.03742 -6.34355 3.07321 1.56841 -6.30746 3.62454 1.31404 -6.39861 3.78845 0.942044 -6.32032 2.88105 -0.858655 -6.29704 0.143344 0.402686 -6.27636 4.04623 0.435025 -6.38833 3.92405 0.180746 -6.39454 3.82023 0.475531 -6.26979 0.869472 -1.11265 -6.27912 3.53223 1.37353 -6.37613 1.11259 1.9321 -6.30369 0.154729 0.00105397 -6.28709 3.64148 1.22072 -6.29483 3.09152 -0.764834 -6.30311 3.96791 0.474935 -6.35766 3.74109 0.660087 -6.27216 3.9287 0.282973 -6.34182 0.698654 1.63811 -6.26096 2.30377 -1.10037 -6.23563 1.57732 2.01439 -6.27078 0.961151 1.87943 -6.31894 0.663578 -0.980375 -6.29802 2.6516 1.70482 -6.21375 0.604383 -0.894102 -6.29363 0.102939 0.781271 -6.35948 3.93821 0.399924 -6.35488 3.71519 0.54029 -6.19101 0.423917 -0.712979 -6.33576 1.38423 2.01712 -6.31909 1.67684 -1.33853 -6.30656 0.256124 -0.374399 -6.30832 3.74365 -0.338147 -6.32433 2.03066 1.95926 -6.26643 3.76626 -0.0951683 -6.29067 0.178151 0.58888 -6.25308 3.74377 1.09415 -6.30542 3.76749 0.986528 -6.2925 3.76662 0.15767 -6.30927 1.69921 2.03229 -6.28896 1.23224 -1.31612 -6.32235 3.87792 0.448901 -6.29581 3.83128 0.322348 -6.29342 1.88614 -1.28403 -6.30556 0.887067 1.75593 -6.24076 0.604083 -0.825119 -6.25185 2.75389 1.6521 -6.20307 3.49948 1.32567 -6.27721 0.519434 1.40796 -6.23362 0.539723 1.52206 -6.29539 3.31513 1.39261 -6.25186 2.34178 1.83028 -6.23621 0.437902 -0.465233 -6.20639 3.63625 -0.375044 -6.23863 0.315407 1.14754 -6.27305 1.07875 1.81709 -6.18862 3.71453 -0.00600399 -6.24067 2.11076 -1.17248 -6.21785 1.48288 -1.30637 -6.24318 0.227088 0.888692 -6.26291 2.9666 -0.775439 -6.19799 3.3421 -0.59672 -6.25087 3.52928 -0.477653 -6.21226 2.56276 -0.946717 -6.17021 0.371177 -0.0972287 -6.12182 0.341276 -0.0106133 -6.12435 0.508554 -0.630002 -6.22843 0.258384 0.713141 -6.19851 3.54933 -0.412688 -6.17456 1.09688 -1.16137 -6.20071 3.68278 -0.223317 -6.23442 0.388688 -0.323961 -6.18973 3.71213 0.928764 -6.23446 2.70806 -0.879812 -6.16281 1.76357 -1.23335 -6.19113 0.472717 1.24745 -6.18602 0.22735 0.172912 -6.20188 3.68571 -0.0737554 -6.19901 1.18851 1.86487 -6.19394 3.67424 0.117249 -6.19572 1.29228 -1.21467 -6.185 3.7471 0.302704 -6.19339 3.64787 0.246335 -6.11184 1.94464 1.88989 -6.1346 2.44316 1.74132 -6.13772 3.12989 -0.700411 -6.21811 0.387468 1.01055 -6.16439 0.427019 1.13198 -6.17089 1.66789 -1.21178 -6.14416 2.87954 -0.776962 -6.13195 3.49773 1.22293 -6.17167 1.95548 -1.16218 -6.13354 3.10349 1.49185 -6.2041 1.36493 1.82914 -6.10909 3.1803 -0.593544 -6.10151 3.74421 0.374273 -6.18148 3.59217 -0.300949 -6.14889 0.997999 1.73543 -6.15212 1.66842 1.90637 -6.13707 3.58079 1.12445 -6.16232 3.60343 -0.217924 -6.12944 2.26584 -1.02324 -6.06316 2.81679 1.55578 -6.09094 1.00803 -1.03054 -6.1315 0.310696 0.373773 -6.12432 0.809892 -0.932714 -6.16903 0.78851 1.56265 -6.13359 3.36305 -0.510231 -6.1637 3.61868 0.790002 -6.11381 3.59598 1.02686 -6.13065 0.676788 1.37643 -6.08841 0.353997 0.816226 -6.13846 2.30592 1.7582 -6.10009 0.832946 -0.882361 -6.12102 0.624988 -0.556084 -6.09234 1.5071 -1.2125 -6.1452 3.34585 1.27194 -6.14072 0.932518 1.60138 -6.08815 2.10772 -1.0891 -6.08487 0.366143 0.159387 -6.08191 2.65676 1.63871 -6.11065 2.17438 1.79065 -6.07898 3.0399 -0.676717 -6.10414 1.20826 1.75989 -6.09098 3.38894 -0.417656 -6.10142 1.22088 -1.08841 -6.08969 0.704478 -0.719575 -6.11921 3.61604 -0.0796525 -6.10762 3.58199 0.836416 -6.07939 0.594715 -0.423665 -6.05069 3.00626 1.42015 -6.04819 3.17027 1.35027 -6.07078 3.61157 0.124281 -6.09626 2.53082 -0.898257 -6.05496 0.891116 -0.775818 -6.02576 3.65395 0.384141 -6.09379 1.81066 -1.16977 -6.11584 3.53024 -0.277824 -6.10233 3.46573 1.08725 -6.07939 2.79336 -0.761402 -6.02875 2.90722 -0.643538 -5.96681 0.505209 -0.203058 -6.04081 1.42127 -1.09933 -6.04911 3.61656 0.466131 -6.0736 3.61579 0.653959 -6.087 2.68766 -0.846697 -6.08398 2.57002 1.63741 -6.05925 1.61434 -1.10983 -6.03959 3.55907 0.750868 -6.0526 3.41196 -0.326765 -6.07688 0.458766 0.429313 -6.00122 1.96571 -1.09522 -6.05109 0.64341 1.27965 -6.06722 0.468437 0.668558 -6.01441 0.482129 0.516494 -5.99439 3.50327 -0.156135 -6.05205 0.603928 0.933379 -5.96923 3.34304 -0.408955 -6.07557 1.64331 1.81664 -6.05221 2.87671 1.46576 -6.01549 1.00248 -0.838086 -6.00328 1.84621 -1.0674 -6.00491 1.09242 -0.977173 -6.05192 1.92208 1.77583 -6.00614 2.06878 1.74091 -5.98151 0.821184 1.46558 -6.0498 2.66969 1.55595 -6.0106 0.596788 1.01706 -5.9984 3.57331 0.303534 -6.03255 1.06878 1.5773 -6.01107 3.06585 1.32239 -5.98822 3.39103 -0.152835 -6.00254 0.680746 1.17537 -5.98797 3.494 0.985869 -6.06116 3.41014 1.0517 -6.022 3.53969 0.555001 -6.02517 3.21803 -0.452315 -6.00364 0.736973 -0.518707 -5.99051 3.34763 -0.267286 -6.0098 2.50678 1.58216 -5.96567 3.52334 0.184088 -6.02368 1.34506 -1.00188 -5.98095 2.25225 -0.972572 -5.98429 0.641971 0.737719 -5.90114 3.07607 -0.547818 -5.98629 3.49697 -0.000454502 -6.01974 3.22646 -0.354511 -5.94239 3.1922 1.21652 -5.9783 0.525265 0.188912 -5.9547 1.58593 1.69391 -5.95036 2.13738 -0.937592 -5.91157 1.7812 1.7223 -5.9542 3.30717 1.06743 -5.97772 2.25226 1.66779 -5.96067 1.21802 -0.905326 -5.95578 1.70115 -1.01633 -5.9559 1.35595 1.62603 -5.94222 0.893197 1.36662 -5.95426 2.61351 -0.780285 -5.94426 3.40569 0.678034 -5.97009 3.37909 0.810066 -5.97335 1.89326 -0.984752 -5.9327 3.29576 0.908656 -5.91927 3.43994 0.188927 -5.98383 3.4153 -0.0379504 -5.98781 3.4517 0.430685 -5.97804 0.967871 -0.673954 -5.92688 1.26874 1.48372 -5.87923 2.91146 1.37137 -5.94731 0.847051 1.27896 -5.93758 2.9391 -0.562253 -5.91581 1.55067 -0.967902 -5.92852 0.734323 -0.376173 -5.92865 3.23406 -0.18029 -5.88636 2.58127 1.48379 -5.89753 2.63897 -0.72563 -5.90075 1.12505 -0.730115 -5.88312 3.3205 -0.0782883 -5.93207 3.37542 0.0683339 -5.95267 0.695708 -0.186783 -5.89712 2.69922 1.43976 -5.90778 3.38633 0.391914 -5.93811 1.12981 1.36754 -5.86352 0.633144 -0.0142169 -5.90203 3.20354 1.08128 -5.91427 1.96487 1.70002 -5.9342 3.22737 0.932381 -5.88497 3.35417 0.626955 -5.92874 0.636794 0.475094 -5.86444 3.06895 1.21578 -5.91477 0.791765 1.10921 -5.90618 1.30024 -0.805041 -5.86609 2.82141 1.3334 -5.8787 0.912421 -0.552033 -5.89686 3.29111 0.143636 -5.87023 0.753805 0.897071 -5.86763 3.00697 -0.476025 -5.89136 2.42459 1.49376 -5.84802 2.82552 -0.568332 -5.85708 2.90452 1.27618 -5.87308 0.599432 0.590368 -5.9023 2.3663 -0.827429 -5.87868 3.23251 0.766438 -5.84978 1.8056 1.60556 -5.85628 0.637499 0.194333 -5.87025 0.906193 1.14153 -5.8476 0.98309 1.26004 -5.8689 1.7369 -0.906628 -5.87562 2.15638 1.59163 -5.8562 1.49661 -0.804396 -5.82123 2.69907 -0.614568 -5.83067 1.96875 -0.847242 -5.81665 3.25008 0.541817 -5.83856 2.9436 1.18206 -5.83631 3.20113 -0.0337635 -5.84534 1.62921 1.55872 -5.84319 3.11354 1.02338 -5.84599 3.11568 -0.284058 -5.86013 3.27806 0.353465 -5.85723 0.817678 -0.27079 -5.84858 2.0015 1.54575 -5.80951 0.953726 -0.386803 -5.81254 0.901335 1.04963 -5.82192 0.734645 0.520159 -5.80753 0.74785 -0.0750817 -5.84008 1.48131 1.46716 -5.80929 2.64399 1.37878 -5.83262 0.740098 0.804202 -5.84544 1.22107 -0.661341 -5.81336 2.13724 -0.823116 -5.80974 0.782456 0.0833183 -5.79148 2.38833 -0.717944 -5.79813 3.12932 -0.140328 -5.82884 1.11841 -0.564644 -5.80795 2.93455 -0.388904 -5.80867 3.20364 0.184347 -5.81852 2.21538 1.46884 -5.77348 0.911766 -0.160513 -5.77429 2.71655 1.27331 -5.78792 3.13197 0.41477 -5.77626 2.94442 -0.213643 -5.74274 2.78498 -0.479509 -5.78369 1.76188 -0.79253 -5.79006 0.829188 0.326801 -5.74664 2.85913 1.18114 -5.80096 0.772978 0.577229 -5.78432 1.17791 1.21477 -5.77323 2.50882 1.3443 -5.76187 1.32547 1.39169 -5.80981 1.87841 -0.780256 -5.77894 3.08165 -0.0126881 -5.775 1.42183 -0.658525 -5.75768 0.855841 0.77405 -5.77707 1.12969 1.07647 -5.7424 2.32953 1.43266 -5.77681 1.29501 -0.462137 -5.7035 1.56821 1.35722 -5.73174 2.56408 -0.540094 -5.74001 1.00452 0.997215 -5.7622 2.643 1.22183 -5.73994 2.91974 -0.0154524 -5.69697 3.00451 0.774502 -5.74809 2.11383 -0.739093 -5.75294 1.92886 1.42614 -5.72497 2.95823 0.970911 -5.76649 1.69001 -0.650555 -5.71354 3.03085 0.235331 -5.72975 1.39668 1.25132 -5.72121 0.869517 0.521798 -5.73315 1.09462 -0.332305 -5.73458 1.7524 1.39463 -5.72288 1.26757 1.06865 -5.68817 2.97137 0.383507 -5.69414 2.84068 -0.299028 -5.72332 2.05466 -0.686868 -5.71842 1.07503 0.82778 -5.69263 1.08093 -0.0428758 -5.66966 2.86495 0.964219 -5.72679 3.01363 0.581995 -5.72868 0.994048 0.69179 -5.69693 2.41687 -0.533831 -5.69583 0.924606 0.174112 -5.71197 2.16652 1.33744 -5.68855 2.32939 1.17455 -5.63609 2.67521 -0.392742 -5.70752 1.47441 -0.537372 -5.69369 1.81917 -0.659168 -5.70734 2.72757 1.08387 -5.70835 0.970975 0.378518 -5.67865 1.96982 1.31957 -5.66894 2.78134 -0.119896 -5.65983 1.20623 -0.233526 -5.6641 2.18789 -0.514407 -5.64842 2.9335 0.166319 -5.6819 1.66009 -0.539134 -5.66361 1.6741 1.18209 -5.63337 1.189 0.820098 -5.65153 2.85691 0.564411 -5.65578 1.44096 1.1533 -5.67024 2.78534 0.900744 -5.67672 1.87973 -0.522111 -5.63749 2.66048 -0.200078 -5.6446 1.0232 0.51592 -5.66306 2.05965 -0.577497 -5.66093 2.49049 1.14834 -5.66133 1.15829 0.630364 -5.62501 2.80895 0.684637 -5.64267 1.42902 -0.331887 -5.63241 2.74654 0.0124855 -5.62953 2.26236 -0.407627 -5.61652 2.52353 -0.316887 -5.63978 1.79157 1.25639 -5.64938 1.55958 -0.374648 -5.62217 1.10773 0.0943132 -5.63951 1.06437 0.290362 -5.64217 1.3412 0.958204 -5.63844 1.46311 0.927098 -5.59864 2.82622 0.397857 -5.63118 2.03535 1.19915 -5.60472 2.60914 0.878796 -5.61495 2.42409 0.990846 -5.58836 2.74489 0.232928 -5.61195 1.4023 -0.211535 -5.60266 2.0173 -0.393116 -5.58068 1.2887 0.19398 -5.57551 1.26461 -0.0992123 -5.61445 1.27314 0.38752 -5.56968 2.7284 0.533731 -5.60482 1.31718 0.00607337 -5.58451 1.78423 -0.374526 -5.58262 1.34706 0.801577 -5.59269 2.56687 0.049084 -5.57214 1.56151 0.959687 -5.57746 2.72304 0.645141 -5.60955 1.64492 1.00438 -5.57748 2.38128 -0.288884 -5.59829 2.62794 0.367166 -5.57158 1.53858 -0.186093 -5.57473 1.81675 1.04452 -5.56203 1.36288 0.580297 -5.5504 2.07881 1.05119 -5.55115 2.30641 0.971549 -5.55515 2.11969 -0.298378 -5.56065 2.45056 0.774845 -5.54597 1.65968 -0.213318 -5.55507 2.18335 -0.194357 -5.53361 2.39366 -0.149148 -5.56217 2.55504 0.535416 -5.55357 1.92254 1.11767 -5.57786 1.48529 0.142585 -5.52854 1.50174 -0.0346061 -5.54477 2.08873 0.813229 -5.49006 1.7288 0.729395 -5.49773 1.95326 0.960266 -5.52387 1.46861 0.59576 -5.53405 2.55257 0.359724 -5.54642 2.44338 0.0800776 -5.53428 1.58938 0.654187 -5.50821 1.50569 0.321133 -5.51408 1.83172 -0.163333 -5.51988 1.61426 0.0213867 -5.51495 1.97337 -0.24279 -5.53488 2.35184 0.495306 -5.48881 1.77378 0.868854 -5.51689 2.40069 0.666525 -5.51583 2.26581 0.0045711 -5.50676 1.64627 0.227904 -5.49287 1.96795 0.843404 -5.49346 1.65965 0.359529 -5.48541 1.84141 0.0325672 -5.48692 2.3746 0.278292 -5.502 2.09354 0.00948289 -5.48232 2.22454 0.221069 -5.46974 2.23495 0.681156 -5.48358 2.23792 0.752156 -5.49116 1.88568 0.207547 -5.46587 2.19085 0.440408 -5.45887 1.7991 0.51215 -5.46895 1.83596 0.395435 -5.46318 1.96108 0.609812 -5.46115 2.05683 0.23634 -5.457 2.05271 0.592522 -5.45708 2.03105 0.424785 -5.4504"/>
    <Normal vector="0.398882 -0.193279 -0.896402 -0.318116 -0.189624 -0.928895 -0.0438798 0.029998 -0.998586 0.599365 -0.039232 -0.799514 -0.292606 0.161215 -0.942545 0.470695 0.132279 -0.872324 -0.624424 0.10293 -0.774274 -0.342938 0.0162072 -0.939218 -0.721719 0.0894855 -0.686377 -0.470467 0.238265 -0.849641 -0.714261 0.0693389 -0.696437 0.267165 -0.445376 -0.854554 -0.0455897 0.0573496 -0.997313 0.842029 0.0418589 -0.537806 -0.314467 0.0725891 -0.946489 0.181991 0.0459398 -0.982227 -0.554242 0.167975 -0.81523 -0.690072 0.15695 -0.706517 -0.432883 0.0498475 -0.900071 0.353812 -0.138778 -0.924964 -0.259948 -0.651626 -0.712608 -0.704286 -0.263964 -0.659017 0.975568 -0.118899 -0.184746 0.89366 -0.00444801 -0.448722 -0.783644 0.0111399 -0.62111 0.91315 -0.0801509 -0.399665 -0.553128 0.0884893 -0.828383 0.84959 -0.186335 -0.493434 -0.70975 0.138184 -0.690768 0.819929 0.077935 -0.567135 0.976609 -0.048288 -0.209531 0.986187 -0.116632 0.117608 -0.447426 0.225101 -0.865529 0.339092 0.15043 -0.928648 0.952024 -0.0757378 0.296503 0.917914 -0.0795571 0.388723 0.947481 -0.085986 0.308035 0.898001 0.0307499 -0.438917 -0.754097 0.125816 -0.644599 0.934926 -0.00595407 0.354793 -0.699205 0.142101 -0.700657 0.648355 -0.731453 -0.211216 0.979523 -0.115541 0.164878 0.839179 -0.107336 0.533159 0.966916 0.0952097 0.236661 -0.635913 -0.64622 -0.421919 0.973149 0.0116057 0.229882 -0.677352 0.206329 -0.706132 0.121913 0.135512 -0.983247 -0.14842 0.215694 -0.965115 -0.79189 -0.393017 -0.467384 -0.762549 0.194513 -0.616996 -0.826003 -0.14728 -0.544085 -0.760826 0.0279602 -0.648354 0.731098 0.10964 -0.673405 0.799886 -0.0925267 0.592977 -0.222585 -0.950074 -0.218669 0.854594 -0.0794432 0.513184 0.887595 -0.0274643 0.459805 0.843709 -0.154593 0.514058 0.670768 0.0563615 -0.739523 -0.0455835 0.0907672 -0.994828 0.616541 0.157678 -0.771372 -0.319555 0.0333889 -0.946979 0.798057 -0.0801778 0.597225 0.959931 -0.0840719 0.267329 0.878134 0.0596324 0.474683 0.912609 -0.207329 0.352362 -0.73672 0.0933212 -0.669728 0.496933 0.00853562 -0.867747 -0.431166 0.228047 -0.872978 -0.354016 0.148699 -0.923342 0.79402 -0.400573 0.457246 -0.587669 -0.733461 -0.341584 0.999048 -0.0284378 0.0330907 0.828056 0.161129 0.536992 -0.711538 0.103216 -0.695025 -0.684568 0.16144 -0.710847 0.900263 -0.0111269 0.435204 0.840273 -0.0424554 0.540499 -0.687144 -0.0451415 -0.725117 0.251164 0.0675153 -0.965587 -0.490407 0.0630601 -0.869209 0.902014 -0.0516978 0.4286 0.983288 -0.0944974 -0.155611 -0.758033 0.16413 -0.631227 -0.737208 0.130444 -0.662954 -0.184978 0.0226553 -0.982481 0.121905 -0.991264 0.0503476 0.897916 -0.0433845 0.438024 0.840952 -0.0575516 -0.538041 -0.687305 0.154154 -0.709823 0.810175 -0.202593 0.550066 0.92924 -0.117995 0.350129 -0.804163 -0.11705 -0.582771 0.834308 0.0943284 0.543169 -0.763542 0.121542 -0.634217 0.823596 -0.130133 0.552046 0.95964 -0.255772 0.116926 0.873858 -0.141589 0.465107 -0.799504 0.00659819 -0.600625 -0.691311 0.165738 -0.703293 0.955143 0.0114938 -0.295923 -0.730606 0.052388 -0.680786 0.894132 -0.149337 0.422168 -0.681323 0.0516769 -0.730156 0.787761 -0.188768 0.586344 -0.693241 0.0927959 -0.714707 0.866096 0.019406 0.499501 0.972181 -0.0630325 0.225591 0.86523 -0.0814761 0.494711 0.859761 -0.07868 0.504599 -0.307959 -0.898875 -0.311746 0.85634 -0.190219 0.480102 -0.713872 0.12042 -0.689845 0.830791 -0.29687 0.470802 0.9522 -0.0381073 0.303088 -0.685611 0.122369 -0.717609 0.622511 -0.702726 0.344465 -0.720275 0.114976 -0.684094 -0.670446 0.0954414 -0.735794 0.791067 -0.247539 0.559408 0.833226 -0.135601 0.536048 -0.783959 0.0728889 -0.616519 -0.803953 0.0649655 -0.591134 0.873074 -0.0117684 0.487446 0.83232 0.0412646 0.552757 -0.788013 -0.360674 -0.498948 -0.704697 0.174771 -0.687646 0.7891 -0.184823 0.585799 -0.848345 -0.0434485 -0.527658 0.782106 -0.0874354 0.61698 0.355166 -0.933931 0.0403696 -0.679954 0.202324 -0.704789 0.863538 -0.180036 0.471051 -0.701701 0.000998587 -0.712471 -0.840028 -0.189686 -0.508304 0.78821 0.038725 0.614186 -0.578867 0.0143593 -0.815296 -0.655533 -0.602131 -0.455757 -0.542706 0.232063 -0.807228 0.829285 0.0159941 0.558596 -0.763639 0.103156 -0.637349 0.783268 -0.130898 0.607747 0.763863 -0.216822 0.607866 0.796724 -0.126465 0.590963 0.816561 -0.0295453 0.576503 0.876073 -0.0350718 0.480902 -0.658329 0.191424 -0.727983 -0.792889 0.177391 -0.582975 -0.743841 0.08531 -0.66289 -0.769291 0.171767 -0.615376 -0.581439 0.031795 -0.812968 -0.485987 -0.786598 -0.380894 0.174807 -0.984598 -0.00308151 0.829338 -0.0915483 0.551197 -0.524856 0.284975 -0.802069 -0.608733 0.332353 -0.720406 -0.832067 -0.00283923 -0.554668 -0.714883 0.1583 -0.68109 -0.75869 -0.130775 -0.638191 -0.801956 0.102407 -0.588541 0.821803 -0.423106 0.381603 0.865848 -0.0279404 0.499526 -0.736866 0.078815 -0.671428 0.7625 -0.166996 0.625064 0.792181 0.0481922 0.608381 0.753762 -0.191711 0.628562 -0.7706 0.0629589 -0.634201 0.791644 -0.0463558 0.609222 -0.768705 -0.448229 -0.45627 0.86102 0.0970096 0.499232 -0.683807 0.359567 -0.634917 0.775547 -0.0667546 0.627751 -0.73829 0.0726807 -0.670557 0.75288 -0.21201 0.623076 -0.739263 0.0886056 -0.667562 -0.780035 0.126106 -0.612897 -0.81139 -0.323209 -0.487013 -0.853075 -0.150221 -0.499696 -0.762291 -0.0537883 -0.644995 0.771561 -0.0783774 0.631309 -0.735649 0.139223 -0.662901 0.816103 0.0663623 0.574084 0.888257 0.0221222 0.458813 0.756281 -0.159079 0.634613 0.86012 0.0635346 0.50612 -0.862211 -0.0400308 -0.504965 0.770632 -0.0310609 0.636523 0.874023 0.0647382 0.481552 0.818306 0.108531 0.564444 -0.812684 0.00224723 -0.582701 -0.720954 -0.486769 -0.493236 -0.834349 -0.0296128 -0.55044 0.831996 -0.00728257 0.554734 0.792381 -0.177152 0.583738 0.749492 -0.541067 0.381455 0.706801 -0.271849 0.653093 0.718177 -0.245161 0.651243 -0.844194 -0.0499728 -0.533704 0.777175 -0.160482 0.608477 -0.804739 0.081918 -0.58795 -0.777216 0.0967843 -0.621746 0.799704 0.0812461 0.594873 0.822006 -0.109356 0.558881 -0.727101 0.12602 -0.674865 -0.737054 0.0489118 -0.674062 0.769835 -0.151802 0.619927 -0.590835 -0.671064 -0.44787 0.731168 -0.55843 0.391855 0.874209 0.128559 0.468221 -0.712983 0.247994 -0.655861 0.784987 0.091668 0.612693 0.0553176 -0.996557 -0.0617654 0.730957 -0.161454 0.66305 0.801916 -0.0188126 0.597141 0.858133 -0.0582417 0.510114 -0.793907 -0.0907955 -0.601221 0.799492 0.0738342 0.596122 -0.741255 0.0368258 -0.670213 -0.82329 -0.225603 -0.520861 0.780347 -0.108845 0.615802 0.750235 -0.154346 0.642904 0.717035 -0.152743 0.680096 0.809165 -0.14851 0.568504 -0.76813 -0.423803 -0.479966 0.719272 -0.163197 0.675288 -0.840702 -0.0798559 -0.535578 0.825291 0.0609999 0.561403 -0.768194 0.0793269 -0.635284 -0.758567 -0.154775 -0.632946 -0.735812 0.0754845 -0.672965 0.74066 -0.236377 0.628926 0.778519 -0.0647304 0.624274 0.786977 0.0224365 0.616574 -0.711228 0.350843 -0.60915 -0.814179 -0.0438442 -0.578957 -0.841163 -0.150093 -0.519535 0.797257 0.0670681 0.599903 0.76392 -0.125367 0.633016 0.876745 -0.0194849 0.480561 -0.728385 0.0712437 -0.681454 0.757911 -0.0552878 0.65001 0.835867 0.0508014 0.546576 0.852612 0.0257284 0.52191 0.790091 0.0269033 0.612399 -0.197244 -0.936318 -0.290523 0.567738 -0.806125 0.16684 0.847167 0.0714926 0.526496 0.732015 -0.168091 0.660227 0.867706 -0.0983026 0.48726 -0.787017 0.0736171 -0.612524 -0.767966 -0.111771 -0.630663 0.749748 -0.239183 0.616984 0.763227 -0.196861 0.61541 -0.770913 0.12193 -0.625161 -0.751516 -0.15072 -0.642267 -0.806394 -0.11431 -0.580226 0.809596 0.143311 0.569225 -0.784616 -0.151248 -0.60125 0.803856 0.0604149 0.591747 0.81244 0.0725975 0.578507 -0.815788 -0.356706 -0.455248 -0.788847 0.00710404 -0.614549 -0.728865 0.0464456 -0.683081 0.879288 0.0435358 0.474297 0.726951 -0.227504 0.647908 0.787708 -0.0550805 0.613582 0.753286 -0.170601 0.635182 -0.765594 -0.336714 -0.548169 0.829758 0.173887 0.530344 0.878879 -0.00458015 0.477024 0.739037 -0.131555 0.660694 -0.809246 0.0638076 -0.583995 0.770027 0.0280015 0.637397 -0.754491 -0.0723487 -0.65231 -0.654546 -0.620314 -0.43218 0.728872 -0.121351 0.67381 0.824698 0.103195 0.556079 -0.7044 -0.169056 -0.689377 -0.807343 -0.109591 -0.579816 0.734908 -0.187376 0.651768 0.777326 -0.0806762 0.623904 -0.766353 0.158766 -0.622492 -0.775458 0.0213373 -0.631038 0.777175 0.067918 0.625609 0.781166 -0.0809556 0.619052 -0.203184 -0.960801 -0.188623 0.575678 -0.800251 0.167907 -0.764033 -0.234962 -0.600872 0.818898 0.0985118 0.565422 -0.672789 -0.123 -0.729539 -0.760187 0.0537932 -0.647474 -0.816436 -0.0884504 -0.570621 0.760066 -0.172257 0.626599 -0.745695 -0.456176 -0.485636 -0.753155 -0.541284 -0.373857 -0.754873 0.267197 -0.598976 0.881395 -0.15358 0.446717 0.87237 0.0174815 0.488534 0.844117 0.132336 0.519571 -0.800685 0.136416 -0.583347 0.751197 0.149785 0.642859 -0.812224 -0.0669867 -0.579487 -0.733624 -0.0861111 -0.674077 -0.777965 0.18253 -0.60121 0.814672 0.002702 0.579916 -0.743205 -0.17937 -0.644571 -0.823648 0.081934 -0.561151 0.795521 -0.109655 0.595922 0.855867 0.0944498 0.508499 0.812198 -0.00299331 0.583374 0.794637 -0.194074 0.575228 0.811171 -0.00226251 0.584805 0.842328 0.227513 0.488592 0.764607 -0.147547 0.62738 0.753265 0.119725 0.646729 0.806561 -0.147346 0.572494 -0.73863 -0.322057 -0.592204 0.773091 0.205935 0.599935 0.728459 0.156941 0.666871 0.646894 -0.705537 0.28939 -0.830926 0.18713 -0.52397 0.872114 -0.0900403 0.480947 0.751944 -0.150029 0.641928 -0.116274 -0.992054 -0.0480556 -0.767705 0.143498 -0.62453 0.806928 0.163835 0.567473 0.7972 -0.23532 0.555964 -0.737364 0.0612993 -0.672708 0.836073 -0.124007 0.53442 0.775331 0.147171 0.614168 -0.773917 0.300431 -0.557489 0.814623 -0.105565 0.570303 -0.81509 0.0761449 -0.574308 0.821365 0.0134716 0.570243 0.823342 0.0444994 0.565799 -0.795362 -0.255145 -0.549819 -0.749992 -0.577403 -0.322672 -0.724101 -0.524458 -0.447909 -0.00918805 -0.99526 0.0968109 0.773981 0.144086 0.616598 0.840158 0.072324 0.537498 0.779032 0.270748 0.565513 0.841046 -0.0613903 0.537469 0.758553 -0.114003 0.641561 0.839148 -0.0674524 0.539705 0.851664 -0.102591 0.513949 0.796053 -0.231398 0.559245 -0.844559 -0.0639912 -0.531625 0.854242 0.139218 0.500889 -0.758035 -0.317254 -0.569854 -0.87082 0.0384934 -0.490093 -0.719857 0.161884 -0.674981 -0.666299 -0.635426 -0.390231 0.820652 -0.0996088 0.562679 -0.816622 -0.476184 -0.326155 -0.881112 -0.312815 -0.354668 -0.844317 -0.19333 -0.499753 0.805796 -0.121163 0.579666 0.837239 -0.0301874 0.546003 0.787637 0.189747 0.586194 -0.673134 -0.632468 -0.383243 -0.747336 -0.337521 -0.572337 -0.76798 -0.0454573 -0.638858 0.764517 -0.442816 0.468431 -0.670014 0.198475 -0.715324 0.775046 0.0892528 0.62557 -0.883387 -0.287388 -0.370184 0.82255 -0.00684233 0.568652 0.807278 -0.0740339 0.585509 -0.701597 0.137012 -0.699278 -0.84524 -0.154192 -0.511658 0.768174 0.197352 0.609065 -0.123859 -0.991397 -0.042322 0.805854 -0.156934 0.570939 0.792342 -0.113022 0.599516 0.815205 -0.00716476 0.579129 0.790468 0.190163 0.582236 0.80402 0.140796 0.577692 -0.726256 -0.551287 -0.410652 -0.657927 0.140421 -0.739874 -0.78738 -0.454529 -0.416457 -0.625277 0.148978 -0.766051 -0.861455 -0.382363 -0.334206 -0.789655 0.0559959 -0.61099 -0.870871 -0.439229 -0.220596 -0.722471 -0.535725 -0.437074 0.781738 0.313341 0.539169 -0.596438 0.188613 -0.780184 0.772336 -0.172508 0.611341 -0.821331 -0.185323 -0.53951 0.737158 -0.204094 0.644161 0.790062 -0.0448033 0.611388 0.777813 -0.129538 0.615001 0.895664 0.0870761 0.436124 -0.842279 -0.0852236 -0.532262 -0.77764 0.0154826 -0.628519 -0.756968 0.0478162 -0.6517 -0.799701 -0.388533 -0.457735 0.780199 -0.0784147 0.620597 -0.64699 0.201794 -0.735312 -0.728223 -0.474458 -0.494551 0.780712 0.286418 0.555386 0.788084 -0.0334956 0.614656 0.785099 0.0089544 0.619306 0.790839 -0.127046 0.598692 0.754321 0.162421 0.636097 -0.765912 -0.421627 -0.485395 -0.806637 -0.356418 -0.47149 0.833542 -0.395595 0.385634 0.758662 -0.0300713 0.65079 -0.726554 0.204707 -0.655907 -0.755582 0.0548069 -0.652757 -0.696054 0.16004 -0.699925 -0.703083 0.26956 -0.658036 -0.76389 -0.482949 -0.428056 0.803032 -0.00761342 0.595887 0.717911 -0.109182 0.687519 0.769 0.306478 0.56099 0.767398 0.108252 0.631967 0.764537 -0.103391 0.636234 0.788944 -0.150713 0.595696 0.919368 0.0162513 0.393063 0.87622 0.240098 0.417842 0.721422 -0.0124397 0.692384 -0.789965 -0.326534 -0.51897 -0.839804 -0.0593857 -0.539632 -0.83564 -0.095073 -0.540987 -0.791268 0.0265448 -0.610893 0.563558 -0.804185 0.188915 0.763859 -0.0279671 0.644777 0.836284 -0.00142557 0.548294 -0.850067 -0.228946 -0.47431 -0.406848 -0.866631 -0.288835 0.750764 0.466969 0.467219 -0.769794 -0.407365 -0.491397 0.71883 -0.143232 0.680271 -0.678857 -0.599477 -0.424006 0.725228 -0.181188 0.66424 0.74209 -0.0217237 0.669948 0.786096 0.0167232 0.617879 -0.842649 -0.104285 -0.528269 0.824402 0.317071 0.468858 0.80116 -0.00731371 0.598406 0.769689 0.0425756 0.636998 0.845543 0.342153 0.409865 -0.804595 0.157071 -0.572674 0.734446 0.497838 0.461245 0.768349 -0.110336 0.630448 -0.765774 0.250433 -0.592345 0.817795 0.0116737 0.575391 0.769503 -0.119089 0.627441 0.872919 0.157807 0.461638 -0.760768 -0.451243 -0.466489 0.809246 -0.0840511 0.581426 -0.825889 -0.0489314 -0.561706 -0.822576 0.0746336 -0.563736 -0.791378 -0.406019 -0.457023 0.891326 0.261439 0.370387 0.811299 -0.123715 0.571391 0.75469 0.522991 0.396136 -0.803703 0.184117 -0.565829 0.814648 0.147461 0.560895 0.152833 -0.983007 -0.101679 0.790335 -0.0717915 0.608454 -0.787878 0.269551 -0.553706 -0.803934 0.270225 -0.529782 0.82952 0.0757557 0.553315 -0.514947 -0.779111 -0.357512 0.757321 -0.125042 0.64096 -0.825437 -0.0892475 -0.557395 0.91606 -0.328269 0.230377 -0.844013 -0.201353 -0.49709 0.828852 -0.171975 0.532381 -0.758996 -0.420917 -0.496744 0.761725 -0.0627763 0.644852 0.820919 0.00954949 0.570965 -0.803905 -0.418748 -0.422359 0.876777 0.319372 0.359532 0.859415 0.186693 0.475974 0.854591 0.285127 0.434024 -0.810803 -0.313957 -0.493994 0.194756 -0.978119 -0.0731696 0.7733 -0.607309 0.182163 -0.823503 -0.0914044 -0.5599 0.736226 0.528906 0.422173 -0.81689 -0.0328924 -0.575855 -0.665358 -0.6148 -0.423462 0.752292 -0.0454189 0.657263 0.848274 0.232049 0.476008 0.927633 -0.0282626 0.372423 0.72716 0.224706 0.648649 0.776502 -0.0224908 0.629713 -0.794502 0.150315 -0.588363 -0.800198 0.391606 -0.454233 -0.352232 -0.864408 -0.358791 0.82379 0.334582 0.457629 -0.845519 -0.305607 -0.437839 0.745121 0.224815 0.627895 -0.824605 -0.250992 -0.506981 0.767639 0.152474 0.62248 0.809856 0.0178755 0.586357 -0.831512 -0.0943362 -0.547439 -0.734161 -0.512901 -0.444905 0.782349 0.510114 0.357371 0.757421 0.251381 0.602595 0.76079 0.510359 0.400914 0.733414 0.461184 0.499413 -0.787833 -0.376623 -0.487313 -0.804151 0.299588 -0.513408 -0.628514 -0.641894 -0.439252 0.776386 0.357566 0.519009 -0.789139 -0.384973 -0.478598 0.710197 0.315976 0.62911 -0.815129 0.0776488 -0.574051 0.505143 -0.856897 0.102752 0.791825 0.414492 0.448565 -0.792257 -0.130092 -0.596159 -0.249742 -0.919013 -0.30503 0.716479 0.486376 0.500096 -0.805801 -0.0612416 -0.589012 0.91666 -0.124106 0.379911 -0.766843 -0.470468 -0.436591 0.760461 0.497288 0.417617 -0.823923 -0.359834 -0.437801 -0.65651 -0.619434 -0.430461 -0.805223 0.136261 -0.577104 -0.798537 0.30961 -0.516218 0.826256 0.435369 0.357429 -0.781707 -0.284041 -0.555207 -0.805648 -0.379295 -0.455046 -0.815803 0.254054 -0.51954 0.42668 -0.898749 -0.100968 -0.789873 -0.0993265 -0.605174 0.733223 0.481749 0.479898 -0.79727 -0.433151 -0.420406 -0.498226 -0.785941 -0.366152 -0.745471 -0.3962 -0.536003 0.61519 0.55095 0.563911 0.925877 -0.298482 0.231647 -0.813571 0.332456 -0.477049 -0.796799 -0.287614 -0.531404 -0.778105 -0.207237 -0.592964 -0.830518 0.214239 -0.514141 -0.823258 0.0220828 -0.567238 -0.793231 -0.338831 -0.505944 -0.0859795 -0.953188 -0.289897 0.760664 0.521883 0.386042 0.631615 0.565661 0.530179 -0.703182 -0.61475 -0.357236 -0.833673 0.322457 -0.448344 0.961141 -0.253533 0.109222 0.830776 0.452176 0.324575 -0.774931 -0.410906 -0.480248 0.552275 -0.825473 -0.11656 -0.758747 -0.277317 -0.589405 -0.720415 -0.403222 -0.564283 0.661245 0.61261 0.432971 -0.444668 -0.861951 -0.243537 -0.762386 -0.491655 -0.420764 -0.705659 -0.380492 -0.597722 -0.737873 -0.335128 -0.585861 0.81334 0.541608 0.212457 -0.749938 -0.363596 -0.552621 -0.714764 -0.359301 -0.600013 -0.730396 -0.406833 -0.548643 0.565946 0.0341863 -0.823733 0.0270517 0.119583 -0.992456 0.827563 -0.0743289 -0.55643 0.0866707 0.121365 -0.988817 -0.672289 0.176382 -0.71897 -0.67559 0.303513 -0.671907 0.951309 -0.038078 -0.305879 0.656548 -0.170131 -0.734847 -0.54855 0.22156 -0.806228 -0.000589136 0.0813336 -0.996687 -0.810718 0.199924 -0.550243 0.819864 -0.147817 -0.553148 -0.0221118 0.21194 -0.977032 0.376684 -0.00744098 -0.926312 0.18877 -0.074138 -0.979219 -0.574153 0.062023 -0.816395 -0.696942 0.155403 -0.700087 -0.71899 0.22952 -0.656029 -0.502404 0.114752 -0.856984 0.0564612 0.177265 -0.982542 -0.569143 0.123846 -0.812858 0.222424 0.176895 -0.958768 0.914769 -0.0696216 -0.397933 0.974112 -0.171876 0.14685 0.996854 -0.0323092 0.0723741 0.915834 -0.247715 -0.316046 -0.653278 0.186383 -0.733818 0.946438 -0.229622 0.226998 0.932386 -0.0540757 -0.357396 -0.362527 0.290724 -0.885468 -0.691809 0.241697 -0.680429 0.925138 -0.321699 0.201569 0.902319 0.0360281 -0.42956 -0.611895 0.0751772 -0.787358 0.875908 -0.0989017 0.472232 0.960298 -0.168826 0.222094 0.49436 0.347641 -0.796714 -0.612195 0.124075 -0.780911 0.866781 -0.0917335 0.49018 -0.0271315 0.278213 -0.960136 -0.587087 0.339008 -0.73512 0.949918 -0.191261 0.247135 0.87107 -0.0303802 0.490219 0.878089 -0.30172 0.371383 0.812199 -0.278826 0.512434 0.743137 0.167858 -0.647743 0.866704 -0.19089 0.460853 0.804135 -0.331081 0.493713 -0.618295 0.0893996 -0.780845 -0.696213 0.242317 -0.6757 -0.593721 0.265923 -0.759461 0.826391 -0.176346 0.534771 0.81542 -0.20805 0.54019 0.865505 -0.185506 0.465284 -0.605795 0.260307 -0.751833 -0.203217 0.300475 -0.931889 -0.67288 0.192356 -0.714305 0.356953 0.295087 -0.886289 -0.657538 0.0849695 -0.748615 0.862521 0.253761 -0.437794 -0.191133 0.713363 -0.674227 0.982214 -0.166512 0.0867764 -0.710465 0.097144 -0.696996 0.799195 -0.140123 0.584511 0.739128 -0.258846 0.621843 0.870538 -0.137688 0.472446 -0.721278 0.158393 -0.674292 -0.682843 0.205034 -0.701204 -0.721555 0.275152 -0.635334 -0.689792 0.253466 -0.678191 0.795325 -0.222239 0.563975 -0.776063 0.296215 -0.556761 -0.637341 0.55978 -0.529569 -0.720021 0.226253 -0.656033 0.522728 0.805765 -0.278384 0.708272 -0.163259 0.686802 -0.724782 0.163431 -0.669314 0.75517 -0.252134 0.6051 -0.759591 0.404032 -0.509687 0.772116 -0.140026 0.619863 0.974001 0.00987601 0.226328 -0.170718 0.966003 -0.194151 -0.748106 0.194758 -0.634355 -0.745813 0.293876 -0.597829 -0.712883 0.142309 -0.686692 0.73727 -0.182971 0.65035 0.737659 -0.124967 0.663508 0.777398 0.589958 0.218178 0.807371 -0.235869 0.54085 0.800825 -0.292447 0.522642 -0.79762 0.319271 -0.511731 0.0744045 0.991547 0.106294 0.680585 -0.205346 0.703305 0.683365 -0.132628 0.717929 0.720089 -0.19774 0.665109 -0.598998 0.712034 -0.366347 0.673207 -0.126113 0.728621 -0.740557 0.207151 -0.639268 0.771431 -0.356832 0.526844 -0.690733 0.225402 -0.687083 0.715477 -0.13628 0.685216 -0.648293 0.21382 -0.730751 0.763463 -0.0329375 0.645012 -0.73171 0.127324 -0.669618 0.698281 -0.208162 0.684888 -0.714357 0.134767 -0.686682 -0.652513 0.122231 -0.747855 0.702554 -0.152265 0.69515 0.815376 -0.325136 0.479008 0.871602 0.0282926 0.489398 0.675224 0.642449 0.362398 -0.764078 0.354935 -0.538707 -0.727381 0.220415 -0.649872 0.750649 -0.0134215 0.660565 0.793757 -0.379511 0.475313 0.743118 -0.0861222 0.663595 -0.743602 0.492793 -0.451898 0.71658 -0.353386 0.601358 0.711189 -0.255366 0.65498 -0.587321 0.250907 -0.769481 0.762635 -0.11141 0.637162 0.731431 -0.161459 0.662525 -0.762238 0.387323 -0.518628 0.756857 -0.0788734 0.648804 -0.607621 0.200392 -0.76853 -0.628782 0.148951 -0.763182 -0.7277 0.379769 -0.571164 0.718256 -0.247716 0.650189 0.825263 -0.190743 0.531562 0.759439 -0.114934 0.640346 0.767289 -0.212861 0.604944 -0.591532 0.192832 -0.782883 0.764198 0.0141859 0.644825 -0.113699 0.951695 -0.285219 0.676466 -0.407643 0.613369 -0.729835 0.33166 -0.597781 -0.479876 0.228542 -0.847046 0.733894 -0.192067 0.651544 0.748452 -0.27151 0.605063 -0.467812 0.722612 -0.508904 -0.693564 0.490739 -0.527394 0.449832 0.878737 0.159599 0.812956 0.189338 0.550685 -0.751325 0.236522 -0.616091 -0.663036 0.285071 -0.692183 0.702674 -0.379048 0.602139 -0.735387 0.375935 -0.563807 0.811283 -0.177829 0.556953 0.705775 -0.389997 0.591426 0.691418 -0.354795 0.629335 -0.553542 0.252368 -0.793664 0.746257 -0.278686 0.604512 0.828799 0.0967005 0.551128 0.733812 -0.0423351 0.678032 -0.735617 0.237696 -0.634325 -0.736566 0.371186 -0.565413 0.727365 -0.361612 0.583247 -0.756642 0.0997541 -0.646175 -0.629697 0.244796 -0.737263 0.746976 -0.105806 0.656378 0.698291 -0.306893 0.646688 0.698606 -0.394778 0.596742 0.79312 0.584632 0.170781 -0.747005 0.369447 -0.552713 -0.7612 0.158506 -0.628849 -0.759135 0.24313 -0.603823 0.778389 -0.149308 0.609768 -0.651477 0.377557 -0.658049 -0.720391 0.387354 -0.57532 0.768381 -0.0243315 0.63953 -0.203706 0.973395 -0.104912 0.59799 0.763816 0.242886 0.715491 -0.181624 0.6746 0.690569 -0.394273 0.606352 0.7275 -0.141726 0.67131 -0.676289 0.609547 -0.413625 -0.713647 0.481856 -0.508451 0.680186 -0.372502 0.631339 0.761411 -0.0460181 0.646634 -0.696903 0.42539 -0.577382 0.746768 -0.382407 0.544152 0.812714 -0.0139725 0.582496 -0.715816 0.354671 -0.601511 0.693407 -0.467701 0.548127 0.770898 -0.132211 0.623087 0.602772 0.576465 0.551682 -0.774255 0.211321 -0.596551 0.763442 -0.145413 0.629294 0.775098 -0.0700108 0.62795 0.742795 -0.212222 0.634994 0.776138 -0.232785 0.586022 0.506538 0.67388 0.53787 -0.81767 0.0761269 -0.570632 -0.675708 0.326113 -0.661111 -0.697723 0.402045 -0.59291 0.728345 -0.388913 0.564146 0.750128 -0.278421 0.599825 0.735433 -0.317044 0.598851 -0.787383 0.236516 -0.569288 0.709493 -0.217104 0.670437 0.745242 -0.231949 0.625151 0.78024 -0.365432 0.507627 -0.751782 0.286476 -0.593932 -0.702448 0.663085 -0.258622 0.788663 -0.277787 0.548494 0.771332 -0.0796514 0.631429 0.764763 -0.0792696 0.639417 0.772667 -0.00433268 0.634797 -0.669449 0.62708 -0.398257 -0.708398 0.385584 -0.591183 0.722964 -0.455876 0.519134 -0.786774 0.151545 -0.598348 0.775596 -0.13891 0.615755 -0.62174 0.564416 -0.543023 0.809861 -0.200529 0.551284 0.798745 -0.0544725 0.599199 0.703823 -0.360518 0.612095 0.00160272 0.979085 0.203443 -0.621119 0.463601 -0.631889 0.821705 -0.260513 0.506886 0.707077 -0.279024 0.64976 0.686137 -0.0938746 0.72139 0.772298 0.341772 0.535488 -0.488293 0.850494 -0.195526 0.820231 -0.092852 0.564447 0.768366 0.0160616 0.63981 -0.692397 0.21979 -0.687225 -0.694028 0.339803 -0.634712 0.815424 -0.22528 0.533229 0.740411 -0.121619 0.66106 0.727083 -0.370876 0.577756 0.805383 -0.0173589 0.5925 0.784598 -0.201894 0.586212 -0.766946 0.30406 -0.565103 -0.586732 0.302203 -0.751278 0.778476 -0.18044 0.601179 0.71698 -0.361786 0.595862 -0.777108 0.243901 -0.580186 0.699616 -0.425852 0.57375 -0.779248 0.173212 -0.602304 0.753255 -0.278981 0.595631 -0.778417 0.192636 -0.597459 0.810138 -0.147612 0.567351 -0.573922 0.669195 -0.472008 -0.805962 0.156986 -0.570772 -0.819004 0.037498 -0.572562 0.903348 -0.255549 0.344466 -0.796961 0.102112 -0.595337 0.735771 0.438094 0.516444 -0.528272 0.671058 -0.520201 -0.768524 0.139989 -0.624319 -0.652852 0.284838 -0.701891 0.667446 -0.390353 0.634146 0.717278 -0.384115 0.581349 -0.505303 0.785165 -0.35803 0.391683 0.84775 0.357636 0.722251 -0.346379 0.598644 -0.578602 0.541997 -0.609474 -0.557413 0.692595 -0.457824 0.7906 -0.260088 0.554351 0.760034 -0.0487868 0.648049 0.824488 -0.113701 0.554339 0.806056 -0.244165 0.539126 -0.236176 0.964499 -0.118165 0.713178 -0.400545 0.575275 0.700158 -0.359446 0.61691 -0.750493 0.155073 -0.642427 -0.723039 0.459744 -0.515607 0.826876 -0.113303 0.550853 -0.517545 0.791427 -0.325254 -0.768219 0.259334 -0.585308 -0.735965 0.293663 -0.610015 0.719432 -0.357597 0.595434 -0.782069 0.127533 -0.610003 0.754044 -0.330601 0.567557 0.802697 -0.202796 0.560849 -0.757179 0.230294 -0.611265 0.779183 -0.173887 0.602194 -0.813411 0.0803034 -0.57612 0.718689 -0.355921 0.597333 -0.77339 0.145476 -0.617012 0.793544 -0.0466833 0.606719 -0.763574 0.298987 -0.57233 0.813777 -0.228272 0.534471 0.79903 -0.199708 0.567157 0.751097 -0.229175 0.619139 -0.751117 0.0448996 -0.65864 -0.524638 0.71149 -0.467481 0.741816 -0.196758 0.641089 -0.7663 0.214681 -0.605555 -0.518031 0.777323 -0.356949 0.809746 -0.0641385 0.583265 0.693146 -0.397738 0.601127 -0.244634 0.96819 -0.0525572 0.765572 -0.196117 0.612729 0.554815 0.767971 0.320001 0.810239 -0.175354 0.559253 -0.840846 0.0491007 -0.539043 0.777012 -0.156961 0.609603 -0.785062 0.25849 -0.562903 0.765975 -0.269792 0.58352 0.768615 -0.168781 0.617044 -0.58044 0.668604 -0.464822 -0.815224 0.264424 -0.515257 0.783625 -0.223211 0.579749 0.822167 -0.0997809 0.560434 0.779429 -0.254741 0.572361 0.70475 -0.381179 0.598357 0.721533 0.311147 0.618529 0.693399 -0.400808 0.598792 -0.72738 0.229419 -0.64675 -0.72944 0.246175 -0.638212 0.757764 -0.101247 0.644625 0.600634 -0.102317 0.79295 0.743961 -0.171963 0.645717 0.179843 0.770045 0.612117 0.776614 -0.273096 0.567705 -0.827641 0.139086 -0.543751 0.72784 -0.127625 0.673766 -0.761197 -0.0439039 -0.647033 0.749627 -0.165223 0.640906 -0.707992 0.245001 -0.662361 -0.435301 0.785293 -0.440258 -0.354739 0.896934 -0.263951 0.755152 -0.118074 0.644829 -0.712333 0.199853 -0.672786 0.716341 -0.33204 0.613682 0.846502 -0.0305167 0.531511 -0.697187 0.37521 -0.610858 -0.715094 0.103057 -0.69139 0.740468 -0.254505 0.62204 0.230897 0.900754 0.36787 0.716297 -0.346302 0.6058 -0.753021 0.400824 -0.521824 0.789542 -0.13818 0.597938 0.732706 -0.122971 0.669343 0.766096 -0.110155 0.633217 -0.730602 0.242342 -0.638351 0.740157 -0.0169122 0.672221 0.666749 -0.410087 0.622314 0.720743 -0.239593 0.65048 0.739861 -0.184243 0.647039 -0.701369 0.260692 -0.663416 -0.87852 0.163048 -0.449018 0.750441 -0.104539 0.652618 0.727268 -0.216502 0.651312 0.755513 -0.165694 0.633834 0.783567 -0.182759 0.59382 -0.73533 0.00477015 -0.677693 -0.0812659 0.955185 -0.284635 0.642741 -0.439901 0.627194 -0.728215 0.36514 -0.579979 -0.871769 0.134015 -0.471231 0.744325 -0.249663 0.619394 -0.682673 0.507594 -0.525649 -0.726911 0.129847 -0.674344 -0.695615 0.229494 -0.680773 0.746595 -0.337116 0.57354 -0.537021 0.670256 -0.512216 -0.374451 0.796194 -0.47525 0.600671 0.775422 0.194719 -0.852987 -0.0195314 -0.521566 -0.754963 -0.0996028 -0.648159 0.787641 -0.112953 0.605692 0.803927 -0.120361 0.582422 0.783247 -0.123448 0.609332 0.810627 0.0883659 0.578857 0.676666 -0.242345 0.695264 0.659836 -0.42246 0.621405 -0.794952 -0.161026 -0.584911 0.72089 -0.104732 0.685091 0.643109 -0.440081 0.62669 0.778354 -0.155762 0.608197 0.712211 -0.273595 0.646453 -0.762211 -0.0221302 -0.64695 -0.784489 0.300218 -0.54263 -0.755252 0.290398 -0.587591 0.76131 -0.0758727 0.643933 0.740471 -0.139146 0.657526 0.716389 -0.21134 0.664922 -0.742197 0.302828 -0.597862 0.769934 -0.0745507 0.633754 -0.751277 0.222015 -0.621524 0.773492 -0.09449 0.626724 0.705122 -0.23091 0.670435 -0.914751 0.158944 -0.37144 0.745219 -0.387728 0.54251 -0.859782 0.306185 -0.408687 0.714695 -0.11337 0.690187 0.72571 -0.243491 0.643473 0.770675 -0.134864 0.622794 0.731314 -0.318745 0.602977 0.68061 0.613906 0.399861 0.768984 -0.360051 0.52823 -0.732305 0.419795 -0.536191 0.786973 -0.16505 0.594501 0.778454 -0.148034 0.609996 0.65022 -0.186338 0.736541 -0.689202 0.478085 -0.544459 0.144295 0.976233 -0.161705 -0.778886 0.0953725 -0.619872 -0.747691 0.309554 -0.587482 -0.732616 0.427142 -0.529927 0.775684 -0.192103 0.601174 0.748832 -0.130638 0.649758 0.696788 -0.145791 0.702305 0.591042 0.78458 0.187361 -0.805217 -0.040501 -0.591595 0.674536 -0.477764 0.562799 0.757039 -0.41299 0.506291 -0.883139 0.218198 -0.415277 0.705159 -0.291339 0.64643 0.914897 0.150999 0.374383 0.870279 -0.232441 0.434265 0.773624 -0.232101 0.589606 0.701848 -0.401452 0.588427 -0.774814 0.392102 -0.495902 0.788465 -0.167681 0.591781 -0.457852 0.725792 -0.513418 0.694696 -0.213741 0.686814 0.679203 -0.311785 0.664435 0.844351 -0.0372341 0.534495 -0.152542 0.918834 -0.363971 -0.818729 -0.0589462 -0.571146 -0.81569 -0.150065 -0.558686 0.730504 -0.500342 0.464782 0.765092 -0.166437 0.622039 0.833087 -0.119356 0.540112 0.818859 -0.110876 0.563184 0.792745 -0.163216 0.587296 0.70128 -0.527483 0.47955 -0.807811 0.327883 -0.489831 0.736881 -0.484354 0.471601 -0.789832 -0.0565274 -0.610713 0.807999 -0.178586 0.561466 0.719054 -0.431586 0.544697 0.81302 -0.0921474 0.574897 0.0508559 0.991351 -0.120979 -0.741733 0.502293 -0.444449 -0.79165 0.287184 -0.539274 -0.802548 0.10964 -0.586426 0.768277 -0.210568 0.604493 0.764309 -0.126343 0.632352 0.829334 -0.0767943 0.553451 0.723256 -0.0637392 0.687632 -0.448834 0.835997 -0.315685 -0.776349 0.374202 -0.507203 0.76318 -0.428344 0.483816 -0.661657 0.624016 -0.415709 0.824471 -0.257031 0.504166 -0.766347 0.444444 -0.463876 -0.765403 0.323977 -0.556055 0.807709 -0.398526 0.434492 0.715487 -0.104875 0.690709 0.840063 0.102379 0.532741 0.754206 0.399001 0.521509 0.824069 -0.186117 0.535043 0.776631 -0.0360244 0.628925 0.853171 -0.138681 0.502859 0.81929 -0.191228 0.540551 0.841294 -0.0991339 0.53141 -0.770499 0.315061 -0.554137 0.727352 -0.175678 0.663397 -0.817927 0.343215 -0.461734 0.711394 -0.199223 0.673965 -0.772468 0.310525 -0.553956 0.889057 -0.303486 0.342746 0.771192 -0.492328 0.40358 0.598223 -0.60295 0.527807 0.823713 -0.369833 0.42979 0.674498 -0.49026 0.551995 -0.78813 0.375921 -0.487375 0.842544 -0.204562 0.498271 -0.826393 -0.0866769 -0.556382 0.614843 0.757935 0.217952 0.900528 -0.19519 0.388524 0.813019 -0.247719 0.526912 0.821989 -0.230299 0.520862 -0.77418 0.429939 -0.464541 0.854783 -0.280557 0.436616 -0.806795 -0.108685 -0.580749 0.886847 -0.0236296 0.461459 0.767494 -0.430264 0.475211 -0.689011 0.574297 -0.442093 -0.752354 0.439771 -0.490475 -0.805884 -0.0781462 -0.586894 -0.645015 0.686516 -0.335635 -0.800203 0.138458 -0.583528 -0.844584 0.27172 -0.461353 0.867214 -0.0677246 0.493308 0.70071 0.0589533 0.711006 0.781085 -0.173067 0.599962 -0.753571 0.430454 -0.49683 0.777817 -0.329764 0.535029 -0.721312 0.442599 -0.532743 0.747954 -0.347648 0.565426 -0.515062 0.820812 -0.24694 0.645487 -0.474464 0.598523 0.891109 0.291258 0.347985 0.887852 -0.218708 0.404827 0.784808 -0.307772 0.537915 0.610138 -0.56859 0.551759 -0.790958 0.30003 -0.533261 -0.810289 0.294166 -0.506851 0.618866 -0.316258 0.719017 -0.559522 0.763123 -0.323385 -0.165401 0.969978 -0.178286 0.479539 -0.624488 0.616487 0.654812 -0.125623 0.745279 0.64743 -0.308424 0.696928 0.870511 0.411843 0.269437 0.724483 -0.310082 0.615609 -0.73947 0.468924 -0.483005 -0.801324 -0.0265733 -0.59764 0.717639 -0.251028 0.6496 -0.633828 0.659307 -0.404446 -0.778539 -0.166041 -0.605234 0.623055 -0.553915 0.552251 -0.786962 -0.10626 -0.607783 -0.813686 0.312871 -0.489926 -0.677178 0.568125 -0.467615 -0.724768 0.458523 -0.514266 0.7768 -0.322221 0.541068 -0.801114 0.17694 -0.571759 0.735123 -0.409615 0.540194 0.766922 -0.0174031 0.641504 0.468885 0.883023 0.02043 0.79228 -0.0957409 0.602599 0.532367 -0.644927 0.54832 -0.756087 0.343622 -0.557006 -0.818423 0.0936623 -0.566931 0.909174 -0.246235 0.335813 0.693235 -0.54725 0.46898 0.80837 -0.471437 0.352542 0.774828 -0.376006 0.508194 0.864466 -0.0631199 0.498712 0.677108 -0.299145 0.672337 -0.405285 0.874568 -0.266224 -0.749779 0.356247 -0.557602 0.57855 -0.632914 0.51449 0.587574 -0.285303 0.757205 0.79969 -0.257259 0.542508 0.596084 -0.579879 0.55536 0.815642 -0.238857 0.526949 0.536941 -0.681619 0.497081 -0.782756 0.262665 -0.564182 0.796088 -0.00355555 0.60517 0.953748 0.226987 0.197081 -0.1369 0.973878 -0.181166 -0.542969 0.769557 -0.336106 0.762089 -0.485437 0.428453 -0.772186 0.249215 -0.584483 0.721784 -0.373281 0.582829 0.791535 -0.38766 0.472432 0.544996 -0.303032 0.781761 0.556047 -0.753973 0.349766 0.732153 -0.379897 0.565359 0.785485 -0.456107 0.418305 0.916439 -0.281742 0.284186 0.888266 -0.204287 0.411401 0.659145 -0.476308 0.581943 -0.778053 0.279369 -0.562661 0.985014 0.172004 0.0127127 0.431243 0.890368 -0.145858 0.706171 0.383336 0.595295 -0.701843 0.445556 -0.555784 0.566661 -0.32621 0.756626 0.541041 -0.832492 0.119297 -0.746342 0.409987 -0.524294 0.656183 -0.744576 0.122601 0.698133 -0.455143 0.55268 0.529052 -0.226659 0.817759 0.587343 -0.809076 -0.0205919 0.778606 -0.620921 0.0907127 -0.259754 0.944353 -0.201804 -0.739726 0.338316 -0.581677 0.664905 -0.556746 0.497931 0.790438 -0.540858 0.287543 -0.61095 0.686593 -0.394118 -0.492518 0.828559 -0.2663 0.711951 0.146359 0.686808 0.610613 -0.456419 0.647173 0.587426 -0.668786 0.455692 -0.785205 0.300832 -0.541251 0.894437 -0.433573 0.109535 0.930719 0.364091 -0.0346548 0.721404 -0.274592 0.635748 0.683364 0.551014 0.478954 0.483091 -0.52572 0.700172 0.629948 -0.752438 0.192361 0.63694 -0.509613 0.578448 0.508342 -0.837008 0.202501 0.6121 -0.532761 0.584379 0.590524 -0.77298 0.231911 -0.693127 0.559637 -0.454292 0.866333 -0.300811 0.398723 0.586541 -0.55553 0.589369 0.72557 -0.577667 0.373965 0.906522 -0.370174 0.202948 0.538379 0.378031 0.753154 0.189446 0.969871 -0.153169 0.301904 -0.838716 0.453222 -0.381108 0.903011 -0.198312 -0.583511 0.743079 -0.32764 0.852848 0.0298671 0.521304 0.499094 -0.831549 0.243787 0.628078 -0.684057 0.370924 0.797636 -0.485963 0.357236 -0.232847 0.95471 -0.185232 0.69262 -0.626486 0.35748 0.840526 0.538938 -0.0553313 -0.653849 0.627265 -0.423109 0.898154 -0.201815 0.390629 0.572029 -0.783076 0.244079 0.356136 -0.863838 0.356303 0.931639 -0.216786 0.291639 0.64775 -0.749311 0.137669 0.756286 -0.501234 0.420472 0.359232 -0.741663 0.56647 0.775381 -0.497083 0.389478 0.617375 -0.708718 0.34142 0.677834 -0.733518 -0.0499312 0.760866 -0.486848 0.429024 -0.514231 0.814994 -0.267117 0.998438 0.00124433 0.0558624 0.380655 -0.901114 -0.207595 0.450104 -0.820635 0.352087 0.642633 -0.739773 -0.199398 -0.452189 0.871337 -0.19052 0.507821 -0.595551 0.622444 0.380661 -0.737358 -0.558033 0.481933 -0.791937 -0.374937 0.845599 -0.163371 0.508206 0.595085 -0.595388 -0.539803 0.573274 0.815641 -0.0780163 0.2486 -0.51177 -0.822368 0.639705 -0.531807 0.55494 -0.353604 -0.586349 -0.728807 0.118747 -0.977131 0.176394 0.173954 -0.208927 -0.962336 0.88249 -0.110133 0.457254 0.596777 -0.626256 0.501659 0.214237 -0.308095 -0.92692 0.54021 -0.390215 -0.745591 0.52018 -0.58751 0.619874 -0.175402 0.975234 -0.134729 0.210704 -0.167994 -0.963007 0.961026 0.252242 -0.113152 0.519635 -0.253847 -0.815807 0.913032 -0.180958 -0.36555 0.406003 -0.760973 0.506045 -0.0651596 -0.144684 -0.98733 -0.350345 0.925889 -0.141381 0.770835 -0.573846 0.276614 -0.743976 -0.174842 -0.644927 0.798673 0.571974 -0.186994 0.426664 0.899172 -0.0971979 0.752793 -0.339443 0.563987 0.727022 -0.449618 0.518925 -0.243453 0.964396 -0.103297 0.730723 -0.173371 -0.660293 -0.405068 -0.814652 -0.415045 0.47765 -0.861761 0.170934 0.00479944 0.993108 -0.117106 0.956223 0.0379785 -0.290164 -0.429949 0.886286 -0.172166 0.847108 0.52155 -0.101951 -0.285018 0.95247 -0.107547 0.770022 -0.434683 0.467029 0.620975 -0.694002 0.364351 0.184565 -0.93036 -0.316806 0.489575 0.863276 -0.122768 -0.544533 -0.348625 -0.762853 0.850965 -0.348827 -0.392655 0.291579 0.956185 -0.0263202 0.77724 0.618902 -0.113395 0.957279 0.288772 0.015069 -0.13975 0.987716 -0.0699033 0.955586 0.210372 -0.206397 0.867713 0.284934 -0.407292 0.833602 0.503656 -0.226802 0.838323 0.400056 -0.370365 0.30261 -0.731036 -0.611567 -0.0796161 -0.126397 -0.98878 0.587763 -0.0153478 -0.808887 -0.128712 0.307214 -0.942896 -0.493689 0.277863 -0.824053 0.82868 -0.529846 -0.180426 0.375493 0.195463 -0.90598 -0.178074 -0.859075 -0.479875 -0.338817 0.430635 -0.836515 -0.410199 -0.036948 -0.911247 -0.447675 0.247581 -0.859239 -0.264287 -0.72006 -0.641612 -0.468147 0.487258 -0.737168 -0.540514 0.461565 -0.703422 0.272131 -0.93436 0.230035 -0.163396 0.352801 -0.921322 0.948633 -0.10085 -0.299873 0.112449 -0.952232 0.283919 0.40864 -0.726755 0.552124 0.793557 -0.391351 0.465952 0.783828 0.0393441 -0.619731 0.941703 -0.241302 0.234454 -0.510088 -0.132947 -0.849786 -0.100414 -0.973042 -0.20762 -0.430246 0.395473 -0.811474 0.330301 0.174397 -0.927624 -0.484867 0.320937 -0.813574 -0.653323 0.31464 -0.6886 0.941729 -0.0303097 -0.335005 0.893042 -0.263623 0.364662 -0.472516 0.471113 -0.744836 -0.368724 0.350295 -0.861009 -0.547529 0.422205 -0.722465 -0.222239 -0.821954 -0.524406 0.245641 -0.831185 0.49879 -0.476241 -0.00339867 -0.879308 -0.453218 0.459253 -0.76399 0.199682 -0.747064 0.634053 0.255707 0.232895 -0.938283 0.697535 -0.268156 0.664482 0.261697 -0.588413 0.765039 0.955136 -0.114757 -0.27303 -0.475676 0.496462 -0.726125 0.218179 -0.925829 0.308607 -0.523671 0.216363 -0.823988 0.523923 0.151702 -0.838148 -0.501884 0.327409 -0.800572 0.527202 -0.386236 0.756888 -0.593816 0.228176 -0.771569 -0.35011 -0.623421 -0.699121 0.993265 -0.0310921 -0.111619 -0.184633 0.0375638 -0.982089 0.64136 -0.314257 0.699929 0.328891 -0.454491 0.82781 0.348044 -0.664932 0.660857 -0.519196 0.265715 -0.8123 0.355963 0.101759 -0.928943 -0.323704 0.0421945 -0.945217 0.28997 -0.613665 0.734393 0.823797 0.0729649 -0.562169 0.88285 0.113248 -0.455797 0.849112 -0.240561 0.470254 0.078526 -0.996848 0.011311 -0.578602 0.11721 -0.807144 -0.614879 0.125884 -0.778509 0.98859 0.104343 -0.10864 -0.46081 0.512474 -0.724586 0.487835 -0.279173 0.827091 0.599051 -0.322909 0.732713 -0.437805 0.352784 -0.826964 -0.472081 0.421038 -0.77451 0.957015 0.267225 0.112754 0.409401 0.151286 -0.899724 0.784619 -0.212333 0.582484 0.76613 -0.0758827 0.63819 0.8697 0.00351162 0.493568 -0.48012 0.267461 -0.835434 -0.54069 -0.0636339 -0.838812 -0.471105 0.532847 -0.702947 0.994903 0.0962549 -0.0300561 -0.504803 0.336508 -0.794944 0.972855 0.00294954 -0.231395 -0.516339 0.155076 -0.842226 -0.542828 0.166707 -0.823132 -0.060981 -0.0242849 -0.997843 0.483938 -0.291663 0.825068 -0.243404 -0.678335 -0.693265 0.10501 0.0848864 -0.990842 0.167177 0.195963 -0.966256 -0.557562 0.201436 -0.805325 -0.515508 0.267834 -0.813951 -0.414088 0.0768311 -0.906989 0.364842 -0.745061 0.558368 -0.46854 0.490746 -0.734601 0.32913 -0.493772 0.804899 0.966905 -0.00845562 -0.254997 -0.507242 0.369661 -0.778496 -0.52774 -0.0339782 -0.848726 -0.647987 0.152771 -0.746173 -0.438599 0.508491 -0.740991 0.826373 0.0650104 0.559359 -0.533257 0.098135 -0.840242 0.904582 -0.097061 0.415103 0.816976 -0.0960862 0.56861 0.456078 -0.305067 0.836018 0.182854 -0.972039 0.147324 -0.520632 0.415001 -0.746134 -0.499074 0.181459 -0.847347 0.44064 -0.534319 0.721345 -0.590691 0.122769 -0.797503 0.838027 -0.0072125 0.545582 -0.502474 0.299397 -0.811099 -0.480303 0.064778 -0.874707 -0.493723 -0.022288 -0.869334 0.138904 -0.98983 0.0306943 0.525157 -0.216038 0.823127 0.358396 -0.759082 0.543457 -0.469292 -0.00422448 -0.883033 0.376119 -0.378698 0.845649 -0.529036 0.164805 -0.832442 -0.479229 0.358042 -0.80134 0.397267 -0.504224 0.766771 -0.467851 0.44289 -0.764829 -0.421621 0.491484 -0.762023 -0.492182 0.17079 -0.853574 -0.490488 0.105483 -0.86504 0.585005 -0.00513766 0.811013 -0.48165 0.450607 -0.751643 0.699799 -0.10866 0.706027 0.460042 -0.224432 0.859065 -0.495556 0.319871 -0.807532 -0.473385 0.183645 -0.861499 -0.472171 0.252018 -0.844714 0.433553 -0.278901 0.856881 -0.510029 -0.0790131 -0.85652 0.545947 -0.0765033 0.83432 0.466147 -0.0610696 0.882597 0.620094 -0.0980164 0.778381 -0.511762 0.134647 -0.848511 -0.477592 -0.0265334 -0.878181 -0.497495 0.324837 -0.804351 -0.533508 0.0842261 -0.841591 0.425367 -0.0614904 0.902929 -0.623089 0.432513 -0.651685 0.383144 -0.393739 0.835566 -0.557233 0.430149 -0.710256 0.416629 -0.0833204 0.90525 0.432926 -0.0670957 0.898929 -0.47633 -0.0212733 -0.879009 -0.139145 -0.893206 -0.427577 -0.459842 0.170797 -0.871421 0.383251 -0.309913 0.870099 -0.477613 0.122113 -0.870043 -0.462293 0.37036 -0.805679 -0.45469 0.506787 -0.732409 0.469489 -0.108315 0.876269 0.412993 -0.0297815 0.910247 -0.573695 0.233919 -0.784956 -0.504824 0.120522 -0.854767 0.451354 -0.199829 0.869683 -0.503712 0.0864052 -0.85954 -0.432112 0.495168 -0.753716 -0.477309 0.0668863 -0.876186 -0.455913 0.0933647 -0.885114 -0.445098 0.163994 -0.880337 -0.493371 0.19052 -0.848697 0.318382 -0.86106 0.396495 -0.415618 0.49848 -0.760776 0.468622 -0.301103 0.8305 -0.501608 0.39998 -0.767076 0.445254 -0.56675 0.693212 0.467626 -0.38904 0.793709 -0.338249 -0.32316 -0.88383 0.0667306 -0.996157 -0.0567258 -0.534459 0.379585 -0.755161 -0.445459 0.147631 -0.883046 -0.391543 -0.0312314 -0.91963 0.408749 -0.651588 0.639028 -0.42818 0.475504 -0.768478 -0.485174 0.107941 -0.86773 0.439791 -0.204478 0.874513 -0.18138 -0.855373 -0.48522 -0.428261 0.125566 -0.894889 0.422013 -0.105199 0.900466 0.443574 -0.124268 0.887581 -0.38183 0.479442 -0.790153 -0.414707 -0.00761494 -0.909923 -0.517112 0.112262 -0.848524 0.452075 -0.0429564 0.890945 0.436056 0.0224847 0.899639 0.472792 -0.473254 0.743302 0.496634 -0.386321 0.777246 0.396181 -0.0733738 0.915236 -0.485324 0.384921 -0.785046 0.434762 -0.550394 0.712775 -0.347576 0.470415 -0.811111 -0.40976 -0.0754937 -0.909064 -0.370666 0.392882 -0.841576 -0.410051 0.175522 -0.895014 -0.368779 0.568883 -0.735102 -0.530222 0.351603 -0.771518 -0.457851 0.121371 -0.880705 -0.424909 0.509305 -0.748372 -0.448716 0.463709 -0.763955 0.493749 -0.237276 0.836608 -0.375065 0.167885 -0.911669 -0.528892 0.00521112 -0.848673 -0.516231 0.0809341 -0.852617 0.312099 -0.840751 0.442415 -0.527478 0.193999 -0.827122 0.454132 -0.0501084 0.889524 -0.510437 0.359827 -0.781011 -0.482964 -0.0857439 -0.871432 0.505364 -0.298138 0.809766 0.414182 0.0355866 0.909498 -0.518827 0.0700684 -0.852003 0.384299 -0.105377 0.917175 0.39198 -0.159438 0.906053 -0.495204 0.102882 -0.862663 -0.557729 0.0625213 -0.827665 -0.516526 0.229298 -0.824999 -0.515151 0.166644 -0.840744 -0.534695 -0.0772163 -0.84151 0.434885 -0.0207177 0.900248 -0.526913 0.0763245 -0.846485 -0.552371 0.0877981 -0.828962 -0.459745 0.209578 -0.862967 -0.486086 0.564442 -0.667177 -0.522736 -0.0391857 -0.851594 0.376683 -0.667955 0.64183 0.482591 -0.121074 0.867437 -0.406264 0.179989 -0.895854 -0.38267 0.260891 -0.886284 0.23163 -0.924971 0.301292 -0.267975 0.382692 -0.884158 -0.517214 0.453777 -0.725655 0.455618 -0.490985 0.742527 -0.491257 0.12214 -0.862409 0.448878 0.061632 0.891465 -0.518758 0.102719 -0.848728 -0.555244 -0.0804313 -0.827789 -0.221963 -0.664858 -0.713229 0.483641 -0.406701 0.775039 0.201238 -0.962317 0.182894 -0.534586 0.0886142 -0.840455 -0.53357 0.371144 -0.75997 -0.49703 0.247392 -0.83172 0.49579 -0.205998 0.843657 -0.530405 0.214279 -0.820216 -0.517657 0.0894211 -0.850903 -0.546358 -0.0409744 -0.836549 -0.420445 0.443727 -0.791412 -0.507056 0.558402 -0.656568 -0.580914 -0.0536612 -0.812194 -0.44234 0.519582 -0.731006 -0.459753 0.601658 -0.653173 0.497623 -0.321088 0.805775 0.424907 -0.566445 0.706112 -0.542334 0.212584 -0.812823 -0.552185 0.0688214 -0.830876 0.37424 -0.721029 0.583148 0.494668 0.0314141 0.868514 -0.471588 0.598744 -0.647387 -0.534628 -0.00071091 -0.845087 -0.517517 0.251605 -0.817845 -0.534355 -0.0515566 -0.843687 -0.48932 0.241594 -0.837973 -0.48504 0.458954 -0.744377 0.435759 -0.590981 0.678864 -0.477621 0.115771 -0.870905 -0.506744 -0.179391 -0.843226 -0.45597 -0.052173 -0.888465 -0.538999 0.503526 -0.675234 -0.475871 0.182753 -0.860319 0.46771 -0.123494 0.875212 -0.198919 -0.865882 -0.458998 -0.452283 0.242137 -0.858376 -0.408298 0.196183 -0.891518 -0.432714 0.687695 -0.582954 0.496971 -0.0810583 0.863973 -0.52386 -0.131821 -0.841543 -0.479138 0.0706397 -0.874892 -0.490778 0.180477 -0.852388 -0.393257 0.718979 -0.573078 -0.465702 0.46294 -0.754194 -0.486231 0.358608 -0.796856 -0.476085 0.526179 -0.704613 -0.460001 0.210105 -0.862702 0.475235 0.0662439 0.877362 0.233684 -0.945799 0.225512 -0.462952 0.037552 -0.885588 -0.538593 -0.0454192 -0.841341 -0.507005 0.058943 -0.859925 0.47023 -0.427729 0.771966 -0.542465 -0.00633039 -0.840055 -0.425653 0.161491 -0.89036 0.485236 0.0273613 0.873955 0.485169 -0.10756 0.86778 0.485036 0.115759 0.866799 -0.501508 -0.104654 -0.8588 -0.517726 0.452428 -0.726133 0.377119 -0.753285 0.538834 -0.481857 0.171792 -0.859245 0.467698 -0.516356 0.717381 -0.520675 -0.0388877 -0.852869 -0.548945 0.212038 -0.808517 -0.538087 0.256906 -0.802784 -0.44974 -0.126731 -0.884123 -0.532539 0.267773 -0.802932 -0.412798 0.475302 -0.776972 -0.435858 0.0883333 -0.89567 -0.118705 -0.821119 -0.558276 -0.394084 0.617101 -0.681091 -0.532621 0.164352 -0.830243 -0.457519 0.00549449 -0.889183 -0.475418 -0.133695 -0.869542 -0.421719 0.119113 -0.898869 -0.452362 0.11479 -0.884416 -0.442696 -0.136998 -0.886144 -0.435835 0.03402 -0.899383 -0.363353 0.616458 -0.698537 0.46901 0.0435161 0.88212 0.491021 -0.249584 0.83463 -0.414985 0.182125 -0.891413 -0.424158 0.0492202 -0.90425 -0.383138 0.120602 -0.915784 0.456604 0.0640013 0.887365 -0.195605 -0.72706 -0.65812 -0.492054 0.445776 -0.747774 0.48358 -0.327236 0.811829 0.493648 -0.177455 0.851364 -0.42668 0.422311 -0.799749 0.232867 -0.957027 0.172835 -0.510946 0.206342 -0.83448 -0.304267 0.125479 -0.944287 -0.449908 0.0560109 -0.891317 -0.484923 -0.0722734 -0.871565 -0.44908 0.677916 -0.582029 -0.495287 0.572178 -0.653684 0.476684 -0.0395883 0.878183 -0.493995 0.000803639 -0.869464 -0.403757 -0.106437 -0.908653 -0.486246 0.317216 -0.814211 -0.375305 0.076841 -0.923711 -0.38125 0.17069 -0.908578 -0.405818 0.477279 -0.779433 -0.492547 0.415229 -0.764841 0.474666 0.0654167 0.877732 -0.497847 0.481614 -0.721246 -0.472976 0.0666527 -0.87855 0.400989 -0.715202 0.572446 0.466925 -0.599863 0.649727 -0.248309 0.166964 -0.954183 -0.395217 -0.169355 -0.902841 -0.45177 0.0161499 -0.891988 -0.457017 0.0641637 -0.88714 -0.155539 -0.810636 -0.564514 -0.336486 0.106233 -0.935677 -0.457078 0.666941 -0.588446 0.457484 0.0773669 0.885846 -0.371108 -0.0482286 -0.927337 -0.448956 0.219122 -0.86627 -0.50547 0.481843 -0.71577 -0.444812 0.00422274 -0.895614 -0.424093 0.108312 -0.899118 0.404881 -0.725717 0.556243 -0.398142 0.0992077 -0.911943 -0.510612 0.535013 -0.67308 -0.452093 0.320519 -0.832394 -0.373862 -0.00299435 -0.927479 -0.533699 0.463611 -0.70727 -0.504725 0.452203 -0.735367 -0.136338 0.277345 -0.951048 -0.362115 0.72265 -0.588769 -0.333264 0.236069 -0.912802 -0.349012 0.194977 -0.91661 -0.447488 0.233034 -0.863394 -0.397252 -0.102107 -0.912012 -0.404239 0.128067 -0.905643 -0.0237336 -0.893809 -0.447819 0.245886 -0.947566 0.204106 0.477203 -0.42783 0.767619 0.491577 -0.0639434 0.868483 -0.403782 0.0736921 -0.911883 0.465149 -0.588907 0.660928 -0.391907 0.00977276 -0.919953 -0.402213 0.147229 -0.903631 -0.325543 0.095772 -0.940665 -0.483866 0.447033 -0.752353 -0.0899414 -0.711644 -0.696759 -0.419433 0.242183 -0.874885 -0.317746 0.133394 -0.938746 0.40648 0.0705707 0.91093 -0.396164 -0.00106742 -0.918179 -0.258319 0.147764 -0.954692 -0.330739 0.0689666 -0.941199 -0.499825 0.256351 -0.827321 -0.406934 0.0169677 -0.9133 -0.463859 0.134082 -0.875704 -0.257671 0.749732 -0.609514 -0.465593 0.205782 -0.860742 0.442098 -0.57047 0.692181 -0.524747 0.475532 -0.706053 -0.465642 0.0610378 -0.882866 -0.50097 0.45949 -0.733415 -0.49534 -0.316824 -0.808864 -0.483266 0.699482 -0.526478 0.184784 -0.973621 0.133858 -0.339333 0.046042 -0.939539 -0.3688 -0.150357 -0.917268 -0.357857 0.600554 -0.715034 -0.400327 0.554756 -0.729372 -0.395987 0.151117 -0.905736 -0.400503 0.0998949 -0.910834 -0.489724 0.242536 -0.837464 -0.321487 0.134953 -0.937248 -0.430882 0.24132 -0.869543 -0.430563 0.533976 -0.727657 0.492947 -0.227286 0.839848 0.477026 -0.132511 0.868842 -0.370679 0.0515525 -0.927329 -0.102341 -0.940511 -0.323984 0.481533 -0.454329 0.749474 -0.461603 0.399359 -0.792108 -0.365121 0.145557 -0.919511 -0.413091 0.145931 -0.898921 -0.38912 -0.148328 -0.909167 0.480281 -0.345658 0.806133 -0.308179 0.128881 -0.942558 -0.375978 -0.0325923 -0.926055 -0.422877 0.225364 -0.877716 -0.44202 -0.113211 -0.889833 -0.432469 0.0550743 -0.899965 -0.366652 0.127068 -0.92164 -0.414742 0.603052 -0.681408 -0.336503 0.16973 -0.92626 -0.390668 0.640728 -0.660943 0.319695 -0.828145 0.460403 -0.344841 0.0769797 -0.935499 0.406076 0.183771 0.895171 -0.434296 0.21854 -0.873858 -0.481845 0.272099 -0.832939 -0.318653 0.0930031 -0.943298 0.0853316 -0.986151 -0.142214 -0.431304 0.432509 -0.791778 -0.365958 0.741965 -0.561749 -0.269292 0.116358 -0.956003 -0.453148 0.258956 -0.852994 -0.379263 0.45456 -0.805937 0.475685 -0.23299 0.848198 -0.343887 -0.0928661 -0.934408 -0.353873 -0.217678 -0.90961 -0.342396 -0.0348879 -0.938908 -0.289608 0.112154 -0.950552 -0.348721 0.0395954 -0.93639 0.455399 -0.467197 0.757851 -0.017917 -0.860573 -0.509013 -0.266501 0.0230118 -0.96356 0.441995 0.0708514 0.894215 -0.363549 -0.15552 -0.918502 -0.356163 0.0494529 -0.933114 -0.407684 -0.0548355 -0.911475 -0.345097 -0.252199 -0.904049 -0.263692 0.129319 -0.955899 -0.27841 -0.0277864 -0.96006 -0.343978 0.0153563 -0.938852 0.464737 -0.381479 0.799058 -0.328836 0.796116 -0.508003 -0.330637 0.616023 -0.714979 0.394931 -0.653141 0.646093 -0.356556 -0.0230641 -0.933989 -0.470378 0.207156 -0.857806 -0.311897 0.128647 -0.941366 -0.394831 0.220175 -0.891982 0.324759 -0.824814 0.462832 -0.334195 0.116817 -0.935237 0.442909 -0.0253755 0.896207 -0.2717 0.0573215 -0.960673 -0.42133 0.58221 -0.69535 -0.305115 0.114681 -0.945385 -0.402149 0.344194 -0.848414 -0.266749 0.0428012 -0.962815 0.453442 -0.301753 0.838651 -0.295739 -0.141796 -0.944686 -0.434546 0.626365 -0.647176 -0.412149 0.277369 -0.867871 -0.36264 0.0495956 -0.930609 -0.29936 0.0682333 -0.951697 -0.465234 0.579556 -0.669083 -0.31115 -0.179193 -0.933314 -0.426726 0.272248 -0.86243 -0.427666 0.478745 -0.76675 -0.283622 -0.22162 -0.932975 -0.427821 0.207967 -0.879613 -0.336068 -0.0807027 -0.938374 -0.280165 -0.0109889 -0.959889 -0.360602 0.24395 -0.900252 -0.304588 0.119804 -0.94492 -0.384605 0.283361 -0.878513 -0.49122 0.193948 -0.849168 -0.363377 0.587157 -0.723329 -0.351483 -0.00216731 -0.936192 -0.303028 0.0712795 -0.950312 0.443396 -0.131993 0.886554 0.44382 -0.222274 0.868112 -0.405602 -0.012474 -0.913965 -0.278443 0.102934 -0.954921 -0.286401 0.153263 -0.945772 -0.323888 -0.198466 -0.925045 0.393477 0.164899 0.904425 0.442165 -0.405975 0.799796 -0.529534 0.209032 -0.822131 -0.396435 0.405926 -0.823446 -0.533361 0.198039 -0.822379 -0.309422 -0.278949 -0.90909 -0.312198 0.064275 -0.94784 -0.333705 0.566214 -0.753686 -0.393049 -0.00922549 -0.919471 0.435818 -0.494913 0.751747 -0.266151 0.119897 -0.956446 -0.357785 0.0262065 -0.933436 0.441293 -0.325163 0.836379 -0.351881 0.0408183 -0.935154 -0.273124 0.0105774 -0.961921 -0.355945 0.204229 -0.911918 -0.372395 -0.0236276 -0.927773 -0.358405 0.0849372 -0.929694 -0.336876 0.00241129 -0.941546 -0.441612 0.328163 -0.835038 -0.288946 0.139459 -0.947133 0.417807 0.0149347 0.908413 -0.316054 -0.323545 -0.891868 -0.254899 0.0453031 -0.965906 -0.355051 0.149386 -0.922834 -0.378811 -0.0785145 -0.922138 -0.534634 0.242164 -0.809644 -0.294453 -0.201468 -0.934188 -0.271567 -0.0531547 -0.960951 -0.23865 0.126757 -0.962798 -0.485689 0.188417 -0.853584 -0.288544 0.0342665 -0.956853 -0.376126 0.656077 -0.654288 0.379952 -0.652963 0.655191 -0.413153 0.541854 -0.731914 -0.262777 0.014614 -0.964746 -0.288069 0.0269871 -0.957229 -0.277548 0.00327281 -0.960706 -0.343035 -0.0974233 -0.934257 -0.273265 0.346026 -0.897548 0.448549 -0.19176 0.872944 -0.272121 0.789872 -0.549593 -0.219115 0.644073 -0.732911 -0.385105 0.111115 -0.916159 0.417941 -0.54035 0.730306 -0.462483 0.473347 -0.749701 -0.294892 0.0945818 -0.950838 -0.307047 0.104028 -0.945992 -0.321443 -0.186329 -0.928416 -0.286355 0.0547215 -0.95656 -0.413124 0.242351 -0.877835 -0.254963 -0.251852 -0.933576 0.449725 -0.25716 0.855345 -0.462067 0.152278 -0.873673 -0.207666 0.0534444 -0.976739 -0.279315 0.0957838 -0.95541 -0.136143 -0.183982 -0.973456 0.39001 0.141958 0.909802 -0.277571 0.499732 -0.820502 -0.223568 0.0194179 -0.974495 -0.290228 0.0469289 -0.955806 -0.297943 0.343454 -0.890656 -0.357009 0.645726 -0.674969 -0.312903 0.0343267 -0.949164 -0.434369 0.209907 -0.875935 -0.204745 -0.12237 -0.971136 -0.400109 0.340116 -0.851019 -0.150823 0.0669794 -0.986289 -0.368337 0.0473564 -0.928486 -0.342549 -0.0318685 -0.938959 0.214558 -0.11348 -0.970097 0.168381 0.0344468 -0.98512 0.201236 -0.0214322 -0.979308 0.146683 0.219636 -0.964491 0.143698 -0.0768025 -0.986637 -0.333332 -0.0843082 -0.939032 -0.404937 0.0256821 -0.913984 -0.332947 0.0811251 -0.939449 -0.410526 0.135182 -0.901773 -0.336467 0.0339008 -0.941085 -0.34768 0.0173821 -0.937452 -0.431115 0.462966 -0.774469 -0.479076 0.0914991 -0.872992 -0.29641 0.00593447 -0.955042 -0.392466 0.0254903 -0.919413 -0.366593 0.411809 -0.834279 -0.282184 0.375848 -0.882673 -0.473918 0.170093 -0.863985 -0.0350502 0.113429 -0.992928 -0.00487574 -0.211179 -0.977435 -0.37378 0.0140763 -0.927411 -0.423522 0.242089 -0.872939 -0.283674 -0.0375758 -0.958184 -0.0989675 0.0251501 -0.994773 0.386281 -0.267703 -0.882679 0.272618 -0.237509 -0.932346 0.226502 -0.450725 -0.863449 0.320077 -0.239139 -0.916713 -0.338294 0.0248608 -0.940712 -0.363872 -0.0488373 -0.930168 0.152389 -0.423951 -0.892773 -0.26959 0.0695033 -0.960464 -0.420728 -0.00943956 -0.907138 -0.22743 -0.259976 -0.93845 -0.0402535 0.196332 -0.979711 -0.361779 0.0760625 -0.929156 0.445042 -0.285729 0.848703 -0.380157 0.0340311 -0.924296 -0.0743809 0.245187 -0.966618 0.278399 -0.204432 -0.938457 0.00776411 -0.214392 -0.976717 -0.201689 0.311921 -0.928454 -0.428629 0.523104 -0.73664 0.128274 -0.0339081 -0.991159 0.152268 -0.318005 -0.935782 0.326366 -0.210802 -0.921438 0.400033 -0.0727925 -0.913605 -0.184797 -0.0093764 -0.982732 -0.354931 -0.00797351 -0.934859 -0.322905 0.326981 -0.888153 -0.22754 -0.0186388 -0.97359 0.12389 -0.371839 -0.919993 -0.354231 0.394835 -0.847718 -0.124454 -0.459802 -0.879257 0.00153399 -0.148201 -0.988956 0.0149884 0.185371 -0.982554 -0.404557 0.128229 -0.905478 -0.176795 -0.332786 -0.926281 0.810101 -0.0691081 0.582204 0.779463 -0.0127868 0.626318 0.772087 -0.068333 0.631833 0.746465 -0.119595 0.654589 0.830179 -0.000619531 0.557497 0.766172 -0.0178717 0.642387 0.789301 -0.0274247 0.613394 0.710568 -0.174289 0.681701 0.842319 -0.0419088 0.537347 0.728492 -0.137123 0.671191 0.726028 0.182417 0.663029 0.729995 -0.0609839 0.680727 0.793177 -0.09643 0.601309 0.773381 -0.110541 0.62423 0.810921 -0.0213595 0.584765 0.758032 0.25377 0.600824 0.742692 -0.104847 0.661374 0.783273 0.0646061 0.618312 0.699923 -0.206464 0.683726 0.843816 0.0387147 0.535234 0.837107 -0.0811409 0.540988 0.741449 -0.185427 0.64488 0.836197 0.157345 0.525374 0.804876 -0.0708285 0.589202 0.728406 -0.0774754 0.680751 0.769827 -0.07484 0.633849 0.723575 0.44996 0.523427 0.735916 -0.172677 0.654683 0.773794 0.117297 0.622482 0.79721 -0.108406 0.593889 0.709899 -0.350111 0.611118 0.833274 0.149744 0.532194 0.759913 -0.0549884 0.647695 0.8072 -0.148527 0.571286 0.8349 -0.0388958 0.549026 0.840316 0.238162 0.486978 0.789396 -0.382575 0.480093 0.719014 -0.100355 0.687712 0.834206 -0.133592 0.535027 0.630992 -0.165135 0.758011 0.83767 -0.143282 0.527048 0.821455 -0.0653644 0.566515 0.793905 -0.0770064 0.603146 0.855872 0.0177008 0.516885 0.720665 0.462164 0.516765 0.777016 -0.0414217 0.628117 0.756301 -0.0939446 0.647444 0.867343 -0.0491507 0.495278 0.73791 0.474161 0.48027 0.831494 -0.31104 0.460296 0.819822 0.203042 0.535411 0.829616 0.13291 0.542284 0.792676 -0.0699324 0.605619 0.834069 -0.198834 0.514581 0.776913 0.212165 0.592783 0.793995 -0.0795395 0.602699 0.882274 -0.433447 0.183619 0.862498 -0.12474 0.490446 0.752132 -0.00111387 0.659011 0.795266 -0.0100573 0.606177 0.92314 -0.0730936 0.377451 0.786477 0.448081 0.425063 0.848207 0.0945606 0.521155 0.879253 -0.332508 0.341105 0.757821 -0.142345 0.636746 0.938238 -0.343957 0.0374539 0.995272 0.0919923 0.0311686 0.707032 0.25375 0.660088 0.851054 -0.229074 0.472475 0.744575 -0.661287 0.0911412 0.68534 0.54978 0.477547 0.88829 -0.0427662 0.457287 0.790343 0.240997 0.563275 0.936913 0.0661783 0.343241 0.755356 -0.0741809 0.651102 0.948252 0.0159813 0.317115 0.793043 0.414106 0.446766 0.76429 -0.596283 -0.245575 0.940173 0.268399 0.209848 0.717366 0.240892 0.653726 0.694769 0.592562 0.407636 0.921547 -0.000231373 0.388267 0.924613 -0.152606 0.349003 0.845545 0.0739429 0.52876 0.726703 0.114901 0.677274 0.924978 0.0365338 0.378261 0.704932 0.501928 0.501137 0.784968 -0.251711 0.566099 0.950899 -0.0238129 0.308583 0.986623 0.163014 0.00111478 0.978013 -0.176147 0.111638 0.678844 0.613488 0.403489 0.98805 -0.0406978 -0.148664 0.00546717 -0.979716 -0.200316 0.9929 -0.0914973 0.0760143 -0.610805 -0.730255 -0.306014 0.945127 0.137286 0.296458 0.699211 0.65335 0.290236 0.780861 0.559797 0.277278 0.838347 -0.41905 0.348671 0.934531 0.176194 0.309203 0.833088 0.339668 0.436566 0.610228 0.673829 0.416624 0.943326 -0.153927 0.29401 0.803522 0.438152 -0.402958 0.987105 -0.0288301 0.157453 0.966526 -0.0912459 -0.239796 0.777758 0.370536 0.507736 0.669727 0.0811627 -0.738159 0.9087 -0.0897477 -0.407688 0.948954 -0.123385 -0.290279 0.628215 0.612581 -0.479678 0.858095 -0.443434 0.25892 0.774984 -0.607658 -0.173641 0.776086 -0.192135 -0.600645 0.819366 -0.140656 -0.555748 0.694415 0.464018 0.549978 0.870903 0.0212635 -0.490995 0.864153 0.359002 0.352644 0.948669 0.0517013 -0.312016 0.985267 -0.168104 0.03145 0.942939 -0.145811 -0.29934 0.959519 -0.139148 -0.24487 -0.16616 -0.974702 -0.149488 0.649524 0.529834 0.545339 0.697058 -0.0699821 -0.713591 0.492154 -0.643986 -0.585719 0.481188 0.624539 -0.615149 0.640543 -0.20837 -0.739112 0.822383 -0.301929 -0.482209 0.66499 0.724244 0.182369 0.775256 -0.13855 -0.616265 0.543969 -0.407994 -0.733238 0.9341 0.247374 0.257416 0.500615 -0.125459 -0.856531 0.888484 0.284071 0.360416 0.326574 -0.474192 -0.817613 0.833005 0.43821 0.33775 0.926666 0.326635 0.186009 -0.624146 -0.743016 -0.241596 0.684178 -0.298388 -0.665481 0.786183 -0.153643 -0.59859 0.887838 0.26022 -0.379511 -0.715922 -0.524798 -0.46048 -0.728624 -0.571412 -0.377619 0.523896 -0.00840041 -0.851741 0.409387 0.0836412 -0.908519 0.56073 -0.139841 -0.816104 -0.728064 -0.448483 -0.518446 0.425431 0.313181 -0.849074 0.525744 -0.13298 -0.840184 0.673069 0.540303 0.505026 0.519215 -0.159849 -0.839562 0.601952 0.614465 0.509988 0.946345 0.157915 0.281947 0.732126 0.0566174 -0.678812 0.525 -0.039095 -0.850204 0.713092 0.678967 -0.174652 0.44061 -0.885606 -0.14685 0.653287 -0.138257 -0.74438 0.723371 0.48467 0.491761 0.957439 0.288611 -0.00370757 0.884259 -0.463324 -0.0584648 0.947226 0.296617 0.121574 0.575575 0.755575 0.312761 0.649479 0.350209 -0.67493 -0.708687 -0.63586 -0.305688 0.299407 -0.148413 -0.942512 -0.337267 -0.932148 -0.131725 0.892893 0.396739 0.212933 0.403228 -0.791212 -0.459772 0.545922 -0.33631 -0.767375 0.609323 0.333417 -0.719415 0.679418 0.22764 -0.697547 0.523868 -0.0896054 -0.847073 0.544545 -0.229008 -0.806862 0.792284 0.515516 0.32639 0.586599 -0.176766 -0.790351 0.584856 0.753701 0.299796 -0.727173 -0.456338 -0.512811 0.616307 -0.778758 0.117054 -0.654405 -0.620405 -0.432265 0.541848 -0.102643 -0.834186 0.563252 -0.173665 -0.807829 0.63955 -0.0736363 -0.765215 0.96875 -0.13038 0.211008 0.862841 0.311715 0.397917 0.973918 0.190892 0.122657 0.844463 0.481054 0.235519 0.538963 -0.621357 -0.568713 0.391373 0.904041 -0.171867 0.548181 0.821281 0.158101 0.620233 0.778473 0.0963942 0.541619 0.607949 -0.580557 0.803641 0.545096 0.238812 0.183045 -0.910319 -0.371232 0.704328 0.702149 0.104446 0.894299 -0.170885 0.413555 0.879642 0.448381 0.158694 0.633678 -0.275347 -0.722936 0.573262 -0.192041 -0.796549 0.603597 -0.048949 -0.795786 0.990216 0.0110858 -0.139104 -0.428007 -0.886434 -0.176194 0.342691 -0.935247 -0.0887488 0.710521 0.186073 0.678629 0.795979 -0.506898 0.330865 -0.6306 -0.692872 -0.349674 0.585335 0.416488 -0.695644 0.330487 0.754197 -0.567419 0.368135 0.778209 -0.508791 0.92538 0.236127 0.296506 0.628325 -0.441216 -0.640731 -0.571326 -0.781728 -0.249976 0.634616 0.771665 0.0423674 0.966287 0.256039 -0.0270725 0.489621 -0.867297 -0.0898172 0.937169 -0.328208 -0.118298 0.810825 0.265383 0.521666 0.657415 0.574151 0.488012 0.696101 -0.434737 0.571355 0.830052 0.550844 0.0870892 0.493766 -0.69494 -0.522737 -0.67366 -0.553128 -0.490134 0.915444 0.24683 0.317864 0.799003 0.451321 0.397371 0.587342 -0.242873 -0.772038 0.598379 -0.101192 -0.794797 0.585574 -0.151293 -0.796375 0.645943 -0.0209114 -0.763099 0.68551 0.0423872 -0.726829 0.531711 0.821173 0.207266 -0.724339 -0.439694 -0.531039 0.831816 0.504546 0.231333 0.663237 -0.216102 0.716531 -0.625178 -0.655957 -0.422933 0.603576 0.786566 0.130426 0.536132 0.684406 0.494116 0.0899127 0.729005 -0.678577 0.411593 0.299373 0.860795 0.26708 -0.903728 -0.334582 0.457795 0.546941 -0.700913 -0.0352954 -0.994168 -0.101901 0.181782 0.853299 -0.488709 0.433974 0.243189 0.867482 0.509037 0.174797 0.84281 0.721254 -0.558252 0.410059 0.869926 0.00749146 0.493126 -0.00196618 0.640501 -0.767955 -0.0554056 -0.839857 -0.539973 0.235369 -0.745492 -0.623573 0.85603 0.140796 0.497382 0.636452 0.744437 0.201847 0.881542 0.122113 0.456039 0.486165 0.456412 -0.745206 0.251865 0.618425 -0.744389 0.590636 -0.335788 -0.733754 0.654304 0.296402 -0.695724 0.637185 -0.0553186 -0.768723 0.594182 -0.195339 -0.78025 0.694904 0.139954 -0.705352 0.686013 0.0948413 -0.721381 0.57258 0.790282 0.218191 0.827426 0.543772 -0.140281 0.695165 -0.265306 -0.6681 0.454608 0.737245 0.499802 0.249395 -0.559051 -0.790737 0.730717 0.636711 0.246278 0.770478 0.457138 0.444285 -0.578158 -0.756164 -0.306511 0.57183 0.810756 0.12524 -0.241187 0.669825 -0.702256 0.0735674 0.541901 -0.837217 0.831634 -0.143516 0.536459 0.859282 -0.191481 0.474309 0.457807 -0.407317 0.790257 0.732968 0.662571 0.154134 0.863377 0.504333 0.0150863 0.387882 -0.575092 -0.72029 0.487572 -0.533101 -0.691431 0.538189 -0.41319 -0.734593 0.888262 -0.442533 -0.123108 0.882346 0.457082 -0.111992 0.874453 0.179576 -0.450648 0.906968 -0.31047 0.284634 0.556466 0.702879 0.443065 -0.0468259 -0.561619 -0.82607 0.323671 0.684433 0.653291 0.970917 0.103419 -0.215927 -0.134692 0.562553 -0.815716 0.747383 0.59224 0.301115 0.317966 0.511624 -0.79821 0.401259 0.483383 -0.77803 0.57251 -0.276576 -0.77184 0.669399 0.0214346 -0.742594 0.585771 0.338135 -0.736571 0.68538 0.216836 -0.695152 0.611428 -0.146958 -0.777534 0.635906 -0.0840637 -0.767175 -0.679166 -0.519837 -0.518173 0.298154 -0.292152 -0.908709 0.118453 -0.989789 -0.0792935 -0.177231 -0.980413 -0.0859056 0.284564 0.799048 -0.529666 -0.577854 -0.708178 -0.40567 0.958388 -0.19474 0.208731 0.421001 0.470451 0.775522 0.547473 -0.821573 -0.159031 0.99375 0.0638519 0.0915611 0.907821 0.199103 -0.369079 0.497704 0.791015 0.355789 0.430543 0.871132 0.236141 0.450131 0.661297 0.600057 -0.306372 -0.942694 -0.13215 0.139533 -0.52455 -0.839868 0.442259 -0.416618 -0.794252 0.54211 -0.321664 -0.776305 0.117066 0.485817 -0.866186 0.460145 0.887638 -0.0191206 -0.44745 -0.864208 -0.230072 0.125404 -0.467913 -0.874832 0.31633 0.600223 0.734621 0.987831 0.145887 0.0539097 -0.502445 -0.798315 -0.332028 0.702681 -0.393534 -0.592765 -0.610948 -0.641796 -0.46351 0.749529 0.365529 0.551901 0.754659 0.624812 0.20025 0.355399 0.388119 -0.850326 0.338658 -0.390471 -0.856063 0.137497 0.362722 -0.921698 0.662902 0.256326 -0.703462 0.586463 -0.23119 -0.776281 0.451968 0.362246 -0.81517 0.626588 -0.10232 -0.772605 0.653073 -0.0197941 -0.757036 0.386665 0.747642 0.539927 0.57934 0.716877 0.387882 0.508522 0.696284 -0.506551 0.358419 0.907428 0.219342 0.450921 0.878639 0.157049 0.74035 0.608141 -0.286439 0.65861 0.523906 0.540144 -0.494365 -0.132295 -0.859128 -0.190082 0.410012 -0.892053 0.154225 -0.285812 -0.945794 -0.0136459 -0.344318 -0.938754 0.017188 0.13847 -0.990218 0.239552 0.249911 -0.938168 0.226876 0.044692 -0.972898 0.248165 -0.260522 -0.933029 0.41216 0.243185 -0.878058 0.484586 -0.337378 -0.807064 0.376368 0.90629 0.192319 0.468475 0.035167 -0.882777 -0.333042 -0.929596 -0.157906 -0.526639 -0.758983 -0.38288 -0.12129 0.70497 -0.698789 0.792519 0.537712 -0.287713 -0.0479935 0.160395 -0.985885 0.0868162 -0.150012 -0.984865 -0.20898 -0.182404 -0.960758 -0.137924 -0.984986 -0.103828 0.271505 -0.942277 -0.195959 0.458043 -0.127901 -0.879681 -0.329436 0.177319 -0.927378 0.361631 -0.276625 -0.890338 0.393277 0.0495733 -0.918083 0.434376 -0.320549 -0.841764 0.474525 -0.148402 -0.867642 0.669581 0.163255 -0.724575 0.66717 0.211858 -0.714143 0.525437 -0.30295 -0.795071 0.633508 0.233516 -0.737657 0.547871 0.224049 -0.806002 0.604835 -0.185649 -0.774409 0.614837 -0.144514 -0.775301 -0.0384016 0.260605 -0.964682 -0.582695 0.275272 -0.764651 0.72835 -0.619405 -0.292992 0.231681 -0.274669 -0.93321 0.448439 0.166116 -0.878241 -0.365652 0.783504 -0.502415 0.352806 0.843234 -0.405567 0.433635 0.833386 -0.342678 0.930671 -0.0519075 -0.362155 0.318844 -0.206665 -0.925002 0.499958 0.097705 -0.86052 0.611009 -0.0351144 -0.790845 -0.479433 -0.813878 -0.328248 0.578851 -0.284094 0.764344 0.515398 0.682704 -0.517959 -0.44918 0.519166 -0.72712 0.175993 -0.23865 -0.955025 0.051632 -0.996238 -0.0695998 0.863104 -0.0916592 -0.496638 0.432112 -0.18421 -0.882806 0.472091 -0.234647 -0.849748 0.505843 -0.286912 -0.813514 0.556633 -0.274716 -0.784022 0.601213 0.162372 -0.782418 0.620986 0.0786656 -0.779864 0.587816 -0.187167 -0.787046 0.641957 -0.0582067 -0.764528 0.65783 0.0492559 -0.751554 0.662788 0.107865 -0.740998 -0.568273 -0.707151 -0.420717 0.278437 0.203226 -0.938708 0.593211 0.770329 -0.23387 0.432441 0.557745 -0.70846 0.885366 -0.447911 0.124509 0.326075 -0.0367391 -0.94463 0.652572 -0.730165 -0.202506 0.683609 0.598758 -0.417334 0.786375 -0.0148812 -0.61757 -0.212758 -0.969355 -0.122824 -0.665478 -0.559689 -0.49385 -0.401305 -0.874436 -0.272611 0.465519 0.311302 -0.828482 0.85542 0.124412 -0.502771 0.391785 -0.111294 -0.913301 0.706523 0.0582952 -0.705285 0.547005 -0.272159 -0.791653 0.574151 -0.248601 -0.780095 0.635127 0.199141 -0.746295 0.655618 0.152379 -0.739558 0.634417 0.200177 -0.746622 0.557956 -0.279466 -0.781399 0.283836 0.539275 -0.792855 0.74365 0.212432 -0.633922 0.432985 0.235376 -0.870128 -0.155438 -0.283038 -0.946429 -0.336412 -0.92615 -0.17051 0.515926 -0.0994682 -0.850839 0.538896 -0.181442 -0.822599 0.633502 -0.0692268 -0.770638 -0.451056 -0.816355 -0.360712 0.886398 -0.179043 -0.426899 0.655075 -0.187598 -0.731904 0.574195 -0.240876 -0.782482 0.70336 0.145843 -0.695711 0.780328 0.0972766 -0.617759 0.622612 0.0135802 -0.782413 0.630219 0.0648961 -0.7737 0.597197 -0.132817 -0.791022 0.591729 -0.0724508 -0.802875 0.632654 0.115483 -0.765776 0.612294 -0.0315293 -0.790001 0.628044 0.160879 -0.761367 0.752527 -0.131824 -0.645233 -0.555395 -0.72834 -0.401321 -0.223903 -0.967861 -0.114507 -0.0518525 -0.997102 -0.055671 0.829422 0.269236 -0.489459 -0.614367 -0.653404 -0.442286 0.845976 -0.423258 -0.324309 -0.348596 -0.897537 -0.270015 0.576963 -0.799453 -0.167296 0.213234 -0.97537 -0.0564282 0.812938 0.395809 -0.427161 0.773165 -0.225103 -0.592912 0.676064 0.201004 -0.708897 0.727569 0.237844 -0.643485 0.6413 0.200347 -0.740672 0.655643 -0.278648 -0.701775 0.593912 -0.337435 -0.730347 0.785687 0.203083 -0.584341 0.574926 -0.305199 -0.759153 -0.239887 -0.959883 -0.145188 -0.282308 -0.937915 -0.201537 0.825076 -0.286394 -0.487061 0.803938 -0.43591 -0.404557 0.707972 -0.672115 -0.216881 0.660308 -0.397853 -0.636951 0.741349 -0.31628 -0.59192 0.681539 0.269672 -0.68028 0.75918 0.342095 -0.55373 0.568106 -0.26665 -0.778558 0.569359 -0.227265 -0.790051 0.599479 0.0803967 -0.796343 0.586556 0.026701 -0.809468 0.568973 -0.176739 -0.803139 0.60404 0.111406 -0.789129 0.573332 -0.117682 -0.810827 0.607142 0.197316 -0.769705 0.594283 0.149826 -0.790177 0.582832 -0.0255087 -0.812192 0.614338 0.223585 -0.756702 0.633485 0.24795 -0.732952 -0.146214 -0.987545 -0.058114 0.811622 -0.265369 -0.520432 0.598994 -0.440184 -0.668913 0.556333 -0.364298 -0.746847 0.548736 -0.310955 -0.776013 -0.0318531 -0.999488 -0.00312284 0.720888 0.473394 -0.506181 0.826438 -0.286929 -0.48443 0.207318 -0.974849 -0.0817832 0.543996 -0.813617 -0.205172 0.770275 -0.483422 -0.415909 0.681311 -0.435525 -0.588331 0.691651 0.382997 -0.612317 0.649058 0.359626 -0.670368 0.578401 0.0705839 -0.812693 0.582052 0.106197 -0.806187 0.565001 -0.415459 -0.712859 0.542513 -0.159251 -0.824814 0.542472 -0.0825953 -0.836004 0.563447 -0.063514 -0.823707 0.541262 -0.0181208 -0.840659 0.558085 0.0112172 -0.829708 0.633896 0.32264 -0.702908 0.589098 0.188994 -0.785649 0.548048 -0.269643 -0.791793 0.527555 -0.273929 -0.804145 0.593752 0.224396 -0.772726 0.53747 -0.223924 -0.813009 0.60412 0.280267 -0.745983 -0.164085 -0.979706 -0.115121 0.502395 -0.811676 -0.297963 0.736987 -0.377785 -0.560471 -0.1981 -0.961576 -0.190075 0.0792041 -0.996745 -0.0150566 -0.278925 -0.928269 -0.246005 0.616955 0.527139 -0.584372 0.628447 -0.553635 -0.54639 0.538304 -0.495831 -0.681455 0.565571 0.12658 -0.814928 0.621351 0.449059 -0.642082 0.506287 -0.184588 -0.842378 0.508095 -0.131667 -0.851178 0.587477 0.157839 -0.793699 -0.099661 -0.993931 -0.0465657 0.810854 -0.370748 -0.452837 0.835184 -0.346952 -0.426722 0.520693 -0.337022 -0.784407 0.513497 -0.385274 -0.766737 0.537875 0.0643949 -0.840562 0.582815 0.437569 -0.684733 0.514648 -0.230913 -0.825722 0.490138 -0.272978 -0.827797 0.587389 0.372518 -0.718474 0.517868 -0.434544 -0.736875 0.576902 0.190538 -0.79428 0.513602 -0.0657101 -0.855509 0.531599 0.0457729 -0.845758 0.5712 0.227648 -0.78861 0.585898 0.267382 -0.765004 0.569984 0.328626 -0.753076 0.184498 -0.970943 -0.152417 0.572984 -0.735271 -0.362032 -0.0546656 -0.998505 1.54312e-05 0.505766 -0.574645 -0.643416 0.0183407 -0.999095 -0.038379 -0.00789467 -0.999661 0.024828 0.500316 -0.0338892 -0.865179 0.541179 0.137708 -0.829555 0.493696 -0.489312 -0.718914 0.588646 0.489556 -0.643297 0.473496 -0.425985 -0.770934 0.561851 0.17493 -0.808532 0.488693 -0.344361 -0.80162 -0.0860604 -0.991569 -0.0968702 0.785539 -0.315471 -0.532359 0.687684 -0.357688 -0.631783 -0.0121702 -0.999363 -0.0335471 0.331007 -0.867919 -0.37034 0.474392 -0.568709 -0.671955 0.400029 -0.563509 -0.722796 0.514818 0.062108 -0.855047 0.471486 -0.489982 -0.733225 0.47119 -0.163633 -0.866721 0.481726 -0.101898 -0.870378 0.559629 0.385041 -0.733866 0.481201 -0.2144 -0.849987 0.558575 0.278502 -0.781301 -0.168264 -0.973163 -0.156976 0.623477 -0.542156 -0.563333 0.613761 -0.304679 -0.728332 0.461374 -0.536938 -0.706281 0.0697815 -0.985788 -0.152817 0.0111293 -0.999686 0.0224401 -0.0549728 -0.997528 0.0437703 0.444963 -0.452061 -0.773078 0.538439 0.524376 -0.659631 0.524038 0.162815 -0.835988 0.532265 0.159934 -0.831334 0.532702 0.19832 -0.822738 0.539658 0.459754 -0.705262 0.501882 0.151023 -0.851649 0.546202 0.233097 -0.804567 0.45831 -0.213331 -0.86281 0.454742 -0.0204438 -0.890388 0.389774 -0.800012 -0.456133 -0.0642496 -0.997788 -0.0170734 0.57802 -0.476483 -0.662463 0.487649 -0.530656 -0.693255 -0.0102828 -0.998602 0.0518529 0.0578389 -0.998285 0.00908246 0.567959 -0.553719 -0.608948 0.421114 -0.268405 -0.866384 0.443255 -0.276129 -0.852806 0.428818 -0.197037 -0.881641 0.46143 -0.558878 -0.689012 0.435805 -0.134867 -0.889879 0.446779 -0.519587 -0.728298 0.441899 -0.45788 -0.771409 0.451808 -0.0876951 -0.887794 0.440853 -0.400333 -0.803357 0.468983 0.132044 -0.873281 0.494334 0.166794 -0.85312 0.427573 -0.332655 -0.840549 0.546016 0.273161 -0.791991 0.533069 0.282211 -0.797618 0.452283 -0.340109 -0.824479 0.541185 0.341646 -0.768373 0.52856 0.401756 -0.747808 0.529021 0.335381 -0.779523 0.226213 -0.929866 -0.290132 0.552765 -0.597181 -0.581227 -0.116193 -0.991943 0.050489 0.447937 -0.599164 -0.663592 0.537149 0.246205 -0.806755 0.409812 -0.397823 -0.820848 0.403199 -0.327352 -0.854559 0.514643 0.446701 -0.731848 0.507697 0.405048 -0.760381 0.402132 -0.511111 -0.759641 0.476902 0.182353 -0.859832 0.403134 -0.456617 -0.793085 0.459758 0.0577318 -0.886166 0.461479 0.162333 -0.872172 0.520684 0.220003 -0.824916 -0.0562962 -0.99835 0.0113573 0.0180494 -0.999267 -0.0337631 0.499335 -0.68313 -0.532915 0.00256083 -0.999714 -0.023791 0.537003 0.277394 -0.796668 0.438498 -0.561455 -0.701775 0.376921 -0.385974 -0.841995 0.410853 -0.560062 -0.719396 0.365478 -0.335297 -0.868333 0.389394 -0.254791 -0.885129 0.37271 -0.166954 -0.912805 0.370676 -0.504555 -0.779759 0.367113 -0.459123 -0.808971 0.402897 -0.116911 -0.907748 0.399852 -0.043453 -0.915549 0.424194 -0.00912204 -0.905525 0.444997 0.0327981 -0.894931 0.455737 0.0985779 -0.884639 0.492467 0.214361 -0.84352 0.496758 0.393422 -0.773596 0.517898 0.33966 -0.78512 0.448586 -0.499945 -0.740827 0.384411 -0.703719 -0.597501 0.0152831 -0.999379 -0.0317483 -0.103579 -0.991728 0.0758151 0.431286 -0.572052 -0.697674 0.045686 -0.995766 -0.079767 0.413592 -0.61052 -0.675431 0.538532 0.262268 -0.800749 0.359761 -0.578717 -0.731888 0.338259 -0.236387 -0.91088 0.479431 0.194337 -0.855792 0.471268 0.138862 -0.87099 0.337634 -0.419682 -0.842538 0.365679 -0.0575738 -0.928959 0.403715 0.0202519 -0.914661 0.447717 0.0721819 -0.891257 0.514185 0.260824 -0.817059 0.209459 -0.361506 -0.908538 0.417242 -0.550556 -0.723048 0.0503165 -0.998164 -0.0337317 0.00149439 -0.99774 0.0671776 0.264504 -0.794054 -0.54728 0.549336 0.292518 -0.782728 0.298263 -0.389817 -0.871253 0.328461 -0.317167 -0.889673 0.268696 -0.317425 -0.90942 0.293711 -0.270246 -0.916897 0.292886 -0.189585 -0.937163 0.32521 -0.10384 -0.939923 0.324125 -0.525177 -0.786849 0.345189 0.00873436 -0.938493 0.497456 0.246559 -0.831713 0.314429 -0.482092 -0.817754 0.48373 0.20744 -0.850279 0.301894 -0.447143 -0.841976 0.49972 0.158372 -0.851586 0.526902 0.319923 -0.787416 0.494186 0.36879 -0.787257 0.435761 0.0915463 -0.895395 -0.110717 -0.99128 0.0714474 0.43744 -0.739501 -0.511649 0.465688 -0.564273 -0.681711 0.0319498 -0.99798 -0.0549186 0.208173 -0.9706 -0.120832 0.38537 -0.707843 -0.591987 0.244841 -0.359135 -0.900597 0.551265 0.309635 -0.774747 0.217466 -0.287121 -0.932882 0.2398 -0.257536 -0.93604 0.300128 -0.605182 -0.737345 0.243361 -0.18601 -0.951933 0.207363 -0.202493 -0.957078 0.51611 0.296919 -0.803411 0.495364 0.293972 -0.817432 0.26575 -0.075515 -0.96108 0.57326 0.297117 -0.763606 0.25203 -0.42842 -0.867719 0.389028 0.0983566 -0.91596 0.453669 0.170232 -0.87476 0.478021 0.120435 -0.870052 0.0839694 -0.995946 0.0322446 -0.0718472 -0.988406 0.133759 0.34127 -0.643348 -0.685302 0.266248 -0.648351 -0.713269 0.0250036 -0.999588 -0.0140782 0.19594 -0.964193 -0.178717 0.366729 -0.752209 -0.54744 -0.0454536 -0.998431 0.0326983 0.260365 0.18293 -0.948022 0.279055 0.067003 -0.957935 0.331112 0.13872 -0.933339 0.415394 -0.550597 -0.724079 0.203232 -0.445948 -0.871681 0.186779 -0.250173 -0.950014 0.232916 -0.181584 -0.955394 0.220152 -0.103115 -0.97 0.196439 -0.357381 -0.913067 0.487238 0.233184 -0.841561 0.295479 -0.54942 -0.781556 0.163555 -0.314972 -0.934903 0.528795 0.340218 -0.777578 0.22136 0.0480334 -0.974009 0.285635 -0.533311 -0.796237 0.54401 0.29482 -0.78558 0.585242 0.284475 -0.759319 0.26107 -0.496113 -0.828079 0.238326 -0.509898 -0.826562 0.387226 -0.754551 -0.529819 0.328438 -0.615749 -0.716227 0.531996 0.146846 -0.833917 0.235573 -0.599165 -0.765184 0.240275 -0.559574 -0.793186 0.355707 0.270067 -0.894727 0.25264 0.373957 -0.892373 0.493033 0.377257 -0.783962 0.0495787 -0.99849 -0.0236673 -0.0375182 -0.980845 0.191141 0.0268028 -0.9873 0.156591 0.10388 -0.967144 -0.232037 0.39156 0.609253 -0.689559 0.171607 0.228589 -0.958279 0.165183 -0.418719 -0.892967 0.197863 -0.255865 -0.946247 0.125188 -0.578299 -0.806163 0.58269 0.210883 -0.784857 0.559629 0.124613 -0.819321 0.21214 -0.524514 -0.824549 0.138276 -0.520433 -0.842633 0.300368 -0.577038 -0.759478 0.523358 0.321485 -0.789141 0.560654 0.382173 -0.734582 0.477026 0.189182 -0.858287 0.577473 0.344892 -0.739983 0.600315 0.314018 -0.735537 -0.00807141 -0.99173 0.128085 0.119963 0.440724 -0.889591 0.20702 0.548544 -0.810088 0.00455782 -0.999836 0.017513 0.0389646 -0.998794 -0.0298794 0.232539 -0.519342 -0.82232 0.0607637 -0.484134 -0.872882 0.212199 -0.578351 -0.787706 -0.349221 0.0697357 -0.934442 0.672386 0.493275 -0.551885 0.0696056 -0.996699 0.0417863 -0.317082 0.163461 -0.934205 -0.0120032 -0.978875 0.204106 -0.388603 0.156013 -0.908101 0.249174 -0.718499 -0.649362 0.222009 -0.696353 -0.682498 -0.402074 -0.0149685 -0.915485 0.762384 0.0940238 -0.640258 -0.351135 0.0823112 -0.9327 -0.388695 0.0287173 -0.920919 -0.260234 0.0589294 -0.963746 0.502943 0.17023 -0.84739 0.113858 -0.642236 -0.758003 0.329103 -0.544286 -0.77165 0.0266048 -0.621469 -0.782987 0.193634 -0.630404 -0.75173 0.570486 0.0399374 -0.820335 0.134709 -0.612196 -0.779147 0.496658 0.374281 -0.783099 0.610696 0.371474 -0.699327 0.535953 0.448736 -0.715115 0.637458 0.325126 -0.698527 0.631777 0.267336 -0.727591 0.321263 -0.45266 -0.831799 0.00522685 0.675058 -0.737746 -0.161137 0.309245 -0.937231 -0.540364 0.0972804 -0.835789 -0.481961 0.0740793 -0.873056 -0.222125 0.00764623 -0.974988 0.226642 0.0162617 -0.973843 -0.460093 -0.00052558 -0.887871 -0.413623 0.0399581 -0.909571 -0.335364 0.0831414 -0.938413 -0.334115 -0.00189528 -0.942531 0.0115118 -0.981533 0.190946 -0.0607323 -0.994131 -0.0895269 0.337851 0.316587 -0.886357 0.185148 -0.677625 -0.71172 0.498113 -0.143925 -0.855084 0.260321 -0.648296 -0.715504 -0.0483534 -0.540528 -0.839936 0.252781 -0.84 -0.480107 0.442806 0.462493 -0.76813 0.501576 0.435622 -0.747432 0.106944 -0.735863 -0.668632 -0.324888 -0.085291 -0.941899 -0.630826 0.0221095 -0.775609 -0.512102 -0.0236274 -0.8586 0.196815 0.127235 -0.97215 0.262582 -0.549051 -0.793469 -0.0379328 -0.487549 -0.872271 -0.0605135 -0.997196 0.0440204 0.00570415 -0.942087 -0.33532 -0.268613 0.287878 -0.919224 -0.482203 0.224114 -0.846908 -0.0310315 -0.063926 -0.997472 -0.018356 -0.636721 -0.770876 -0.164095 -0.443057 -0.881348 0.243215 -0.041764 -0.969073 0.261654 -0.073932 -0.962326 0.097743 -0.917618 -0.385258 0.111803 0.330577 -0.937133 0.355456 -0.546118 -0.758555 0.607096 0.420621 -0.674176 0.644481 0.542724 -0.538604 0.639829 0.394829 -0.65934 0.707457 0.263555 -0.655777 0.26688 -0.821316 -0.504197 -0.502275 -0.0155943 -0.864568 -0.134845 -0.0980798 -0.986001 0.011481 -0.969135 0.246264 -0.571928 -0.0304474 -0.819739 0.0424513 -0.108601 -0.993179 -0.0213334 0.457219 -0.889098 0.22992 -0.499802 -0.835066 0.0483062 -0.998386 -0.0298706 0.0915473 -0.988894 0.117077 -0.0907464 -0.979473 0.179993 0.207431 -0.924586 -0.319551 0.0996648 0.217997 -0.970847 0.498491 0.646487 -0.577548 0.0578829 -0.470078 -0.880725 0.68573 0.461332 -0.562981 0.65687 0.418109 -0.627461 0.128665 0.29873 -0.945625 -0.0866787 -0.996117 0.0154026 -0.529979 -0.000848591 -0.84801 0.0771617 -0.989907 -0.118871 0.0543221 -0.998067 -0.0301878 0.0937925 -0.992915 0.0729541 -0.546484 -0.0188605 -0.837257 -0.521164 -0.0220875 -0.853171 0.146538 -0.932801 -0.329256 0.203948 0.515181 -0.832462 0.27394 -0.875595 -0.397856 -0.537259 -0.0383342 -0.842546 -0.446018 0.0865633 -0.890828 -0.000659667 -0.988705 0.149871 -0.661443 0.110272 -0.741844 0.152301 -0.979016 -0.135393 -0.196219 0.234652 -0.95207 -0.517431 0.0713455 -0.852746 -0.586788 0.0439874 -0.808545 -0.122156 -0.978252 0.167632 -0.00068315 -0.996472 0.083925 0.130944 -0.991295 0.0136714 0.626079 0.50594 -0.593339 0.33905 -0.119122 -0.933196 0.397502 0.266135 -0.87816 -0.22093 0.886571 -0.406427 0.753886 0.561919 -0.340446 -0.48836 0.0105156 -0.872579 0.0977698 -0.995131 0.0124265 -0.606877 0.171127 -0.776155 -0.284088 0.0393046 -0.957992 -0.492947 0.0740216 -0.866905 -0.741222 0.433297 -0.512684 0.0861759 -0.996266 -0.00533614 0.132538 -0.99024 0.0431074 -0.000123154 -0.964932 0.2625 0.110179 0.386217 -0.915804 -0.19419 0.480351 -0.855309 -0.137813 -0.977689 0.158532 0.0532346 -0.99858 -0.00222205 -0.0976442 -0.974424 0.202393 -0.0647897 -0.997545 0.0265718 -0.0402342 -0.998917 -0.0233865 0.081703 -0.996649 0.00394522 -0.00803372 -0.999751 -0.0208291 0.11056 -0.993675 0.0196648 0.14473 -0.988658 0.0401108 0.00787384 -0.999286 -0.0369579 0.0857108 -0.996313 -0.00377035 0.0458025 0.540621 -0.840018 -0.230838 -0.172974 -0.957493 -0.339283 -0.0848423 -0.93685 -0.0061936 -0.161202 -0.986902 -0.576329 -0.295113 -0.762072 0.0282831 -0.00868093 -0.999562 0.586373 0.640638 -0.495731 0.636601 0.206628 -0.742996 -0.444695 -0.357961 -0.821043 0.365701 -0.0891235 -0.926456 -0.237058 0.642718 -0.728503 0.31571 0.94843 0.0284142 -0.495448 -0.404216 -0.768856 0.00516314 -0.344643 -0.93872 0.840124 -0.0466593 -0.540384 0.885689 0.441029 0.145083 0.753423 0.594436 0.281069 -0.414153 -0.519233 -0.747579 -0.494188 -0.0746957 -0.86614 -0.583341 -0.439337 -0.683152 0.535733 -0.273922 -0.798722 -0.100671 -0.299549 -0.948755 0.475002 0.586493 0.656048 -0.210822 0.92164 -0.325783 -0.582525 -0.360361 -0.728563 0.874487 0.271737 0.401786 0.715317 0.33766 0.611807 -0.43677 -0.48629 -0.756805 -0.265184 0.804049 -0.532148 -0.56173 -0.369464 -0.74024 -0.640172 -0.408207 -0.650805 0.563954 0.382537 0.731862 0.514452 0.452648 0.72832 -0.413687 -0.621026 -0.665725 0.203236 0.897089 0.392335 0.362851 0.659164 0.658667 -0.668032 -0.275463 -0.691269 0.117384 -0.179088 -0.976805 0.97669 0.047347 -0.209366 -0.459505 0.0910031 -0.883501 -0.409668 -0.495246 -0.766096 -0.627766 -0.338497 -0.700949 -0.563611 -0.241018 -0.790097 0.834093 0.0717681 -0.546935 0.715849 0.316189 0.622563 0.320379 -0.08855 -0.943142 -0.535735 -0.429189 -0.727176 -0.554063 -0.467639 -0.688715 -0.698891 -0.307705 -0.645654 0.909126 0.21619 0.356022 0.267947 -0.267176 -0.925647 -0.596426 -0.0997507 -0.796446 0.933215 -0.197007 -0.300495 0.954241 -0.0356389 -0.296907 -0.469123 -0.543242 -0.696285 0.217451 0.93054 0.294637 -0.746252 -0.250855 -0.616588 0.424878 0.508348 0.749041 -0.62249 -0.415094 -0.663478 0.995146 0.0634698 -0.0752017 0.210958 -0.0516081 -0.976132 0.92238 0.132473 0.362857 0.317319 0.759537 0.567814 0.373647 0.62756 0.68305 0.359643 -0.0498055 -0.93176 -0.531507 -0.098124 -0.841351 -0.511685 0.0412846 -0.858181 0.608112 0.298116 0.735749 -0.615858 -0.00418311 -0.787846 0.897344 -0.00972868 -0.441225 0.349279 0.00968015 -0.936969 0.952376 -0.150511 -0.265192 -0.5104 -0.305149 -0.803975 -0.516958 -0.446543 -0.730311 0.911919 0.077985 0.402892 -0.733514 -0.0767772 -0.675324 0.518786 0.376178 0.767692 0.954289 -0.132032 -0.268143 0.999106 -0.0261515 0.0332276 -0.655049 0.0518655 -0.753804 -0.523445 -0.381618 -0.761822 -0.551182 -0.404791 -0.729618 -0.686899 -0.00247539 -0.726749 0.924946 -0.0405066 -0.377934 0.959389 0.0320432 0.28026 -0.387861 -0.511617 -0.766689 0.647333 0.292513 0.703844 -0.378133 0.0467899 -0.924568 0.868709 0.0150101 -0.495095 -0.046788 0.951821 -0.303063 0.553259 -0.0773623 -0.829409 -0.309884 -0.138906 -0.940573 -0.449881 0.36726 -0.81408 -0.582246 -0.24124 -0.776397 -0.580218 -0.154142 -0.799742 0.48194 0.454341 0.749205 -0.603659 -0.335588 -0.723171 0.933585 -0.0496126 0.354904 -0.621905 0.0370745 -0.782214 -0.641275 -0.112415 -0.759032 0.991027 0.0513917 -0.123387 0.985302 -0.158631 -0.0633657 -0.580097 -0.208072 -0.787524 0.926254 -0.0588629 0.372276 -0.655905 -0.029303 -0.754275 0.888235 0.0920372 0.450076 0.378085 0.632454 0.676058 -0.430528 -0.595249 -0.678472 -0.576578 -0.35932 -0.733789 -0.517326 -0.0510043 -0.854267 -0.616416 0.0646465 -0.784762 0.852022 -0.038077 0.52212 0.887462 -0.0252232 0.46019 0.662514 0.193422 0.723646 -0.510913 -0.0615594 -0.857426 -0.479331 -0.389708 -0.786365 -0.496561 -0.0172533 -0.86783 -0.493967 0.006156 -0.869459 0.817481 0.0260735 0.575366 0.806417 0.0316239 0.590501 0.437149 0.472598 0.765214 -0.532802 -0.494709 -0.686575 0.26913 0.888436 0.37182 -0.529816 -0.22562 -0.817551 -0.506962 -0.0757655 -0.858632 0.444071 0.347083 0.826035 -0.525112 -0.00466455 -0.85102 0.498989 0.297866 0.81381 -0.450566 -0.48189 -0.751513 -0.485546 0.0127404 -0.874119 -0.262889 0.742131 -0.616547 -0.473266 -0.363329 -0.802503 0.525463 -0.106946 0.844068 0.602601 -0.0740851 0.794596 0.673807 0.00415099 0.738895 0.480492 0.251041 0.840301 0.456228 0.529106 0.715474 -0.523673 -0.11203 -0.844521 -0.53427 -0.041653 -0.844287 -0.496353 -0.165852 -0.852131 0.386721 0.709919 0.58861 0.423713 0.612155 0.667633 0.565152 -0.0305191 0.824422 0.630753 0.0657226 0.773195 0.481919 -0.0423535 0.875191 -0.500943 -0.269367 -0.822495 -0.449948 -0.255918 -0.855601 -0.515579 0.0233222 -0.856524 -0.551072 -0.40165 -0.731435 -0.509716 -0.0169508 -0.860176 0.443773 -0.081512 0.892424 0.0221999 0.999753 0.000763063 -0.550989 -0.0312707 -0.833926 -0.423863 -0.302635 -0.85367 -0.416381 0.575494 -0.70387 -0.484468 -0.223904 -0.84567 0.312737 0.834782 0.453139 0.468102 -0.0345772 0.882998 0.457548 -0.0760227 0.885929 -0.493555 -0.399684 -0.772436 -0.568379 -0.371541 -0.7341 0.464115 0.00312072 0.885769 -0.545741 -0.535221 -0.644753 -0.439143 -0.533968 -0.722517 -0.338033 0.375748 -0.862872 -0.396073 -0.277469 -0.875292 -0.407729 -0.600207 -0.68812 0.453721 0.357579 0.816257 -0.505292 -0.297811 -0.809932 -0.532101 -0.0440648 -0.845534 -0.41072 -0.617917 -0.670438 0.433106 0.245559 0.867248 0.439999 -0.0692385 0.895325 0.433245 -0.123312 0.892801 0.487353 0.426577 0.761918 -0.464385 0.0145327 -0.885514 0.449655 0.102237 0.887332 0.394266 0.113285 0.911987 0.455077 0.272967 0.847581 0.436169 -0.0388488 0.899026 0.412871 -0.0438979 0.909731 -0.0380122 0.928489 -0.36941 0.432963 0.601695 0.671197 -0.393803 -0.605883 -0.691249 0.403089 -0.00890301 0.915118 -0.4757 -0.0629909 -0.877349 -0.49397 0.0121436 -0.869394 -0.495499 -0.373963 -0.783985 0.40786 0.639988 0.651203 0.440222 -0.169714 0.881704 -0.579207 -0.319985 -0.749753 -0.523847 -0.178639 -0.83287 -0.427194 0.0672194 -0.901658 -0.470222 0.0118405 -0.882469 0.390411 -0.0186925 0.920451 0.463895 -0.0141349 0.885777 0.446896 0.526882 0.722965 -0.503721 -0.0107667 -0.8638 -0.425338 -0.545011 -0.722531 -0.442055 -0.504916 -0.741382 -0.477856 -0.0869382 -0.874126 -0.48842 0.0329805 -0.871985 0.461965 -0.106665 0.880461 0.0828935 0.995351 0.0490345 -0.490691 0.0645294 -0.868941 0.415233 0.181535 0.891419 0.331902 0.809993 0.483479 0.42976 -0.185202 0.883746 -0.385825 -0.375463 -0.842714 0.476113 0.210267 0.853876 0.428337 -0.0259347 0.903247 -0.411247 -0.38089 -0.82813 -0.375233 0.400621 -0.835885 -0.439589 -0.322539 -0.83829 0.4054 0.00610522 0.914119 -0.376789 -0.552978 -0.743132 0.422911 -0.010886 0.906106 -0.543945 0.00876735 -0.839075 0.383744 0.0793876 0.920021 -0.575456 -0.00181685 -0.81783 0.499045 0.321642 0.804674 -0.0393186 0.975234 -0.217654 -0.340927 -0.639199 -0.689343 0.428788 5.39827e-05 0.903405 -0.473048 -0.446014 -0.7598 -0.560085 -0.251068 -0.789475 -0.445288 -0.349319 -0.824436 0.486572 0.413407 0.769638 0.442958 0.104531 0.890428 0.462932 -0.0276235 0.885963 -0.532453 -0.0800271 -0.842668 0.510343 0.13104 0.849928 -0.360532 -0.552582 -0.751446 -0.474037 -0.32931 -0.816605 -0.471754 0.310514 -0.825245 -0.532778 -0.354166 -0.76858 0.450535 -0.14576 0.880779 -0.418538 -0.517165 -0.74657 -0.4856 -0.244483 -0.839297 -0.408857 -0.320621 -0.854423 0.298749 0.82051 0.487352 -0.388884 -0.609585 -0.690779 0.45531 0.0125142 0.890245 0.485859 0.0586503 0.872067 -0.538847 -0.0137242 -0.842292 0.475782 -0.00394202 0.879555 -0.0462401 0.988726 -0.142416 -0.374629 -0.564504 -0.735519 0.456602 -0.0507012 0.888225 0.502329 0.20919 0.83899 -0.527232 -0.00779468 -0.849686 -0.552486 0.0306586 -0.832958 0.461802 -0.186666 0.867119 -0.534111 -0.0592049 -0.843339 0.400873 0.631001 0.664182 0.434177 0.556738 0.70819 0.495934 0.101044 0.862461 0.464589 -0.053838 0.883888 -0.471729 -0.575814 -0.667765 0.48198 0.285679 0.828301 -0.436825 -0.659467 -0.611791 -0.527634 -0.336702 -0.779894 0.505211 -0.0065516 0.862971 0.468837 -0.17207 0.866363 -0.521032 0.0648688 -0.851069 0.504806 -0.0253767 0.86286 0.370531 0.677744 0.635114 -0.517453 -0.360114 -0.776248 -0.476097 -0.198963 -0.85659 0.474632 -0.0550936 0.878458 -0.476512 -0.265199 -0.838216 -0.539056 -0.310337 -0.783014 0.519045 0.00114873 0.854746 -0.406476 -0.610384 -0.679859 0.535307 -0.0130068 0.844557 -0.498781 0.0358249 -0.865987 0.503513 0.0712831 0.861042 -0.442089 -0.0308806 -0.89644 -0.474803 -0.597639 -0.646058 0.461881 0.425278 0.778334 0.452513 -0.132842 0.881808 0.468196 -0.104449 0.87743 -0.504025 -0.45836 -0.732029 0.511739 -0.0381796 0.858292 -0.117597 0.945191 -0.304606 -0.518432 -0.15556 -0.840851 0.292096 0.813156 0.503446 -0.43044 -0.360474 -0.827514 -0.481516 -0.25479 -0.838585 0.429832 0.508874 0.745849 -0.505687 -0.19184 -0.841117 -0.426448 0.218039 -0.877839 -0.475099 -0.0874126 -0.87558 -0.408585 -0.636436 -0.654222 -0.47294 -0.573214 -0.669144 -0.418227 0.0541647 -0.906726 0.477807 0.320031 0.818096 -0.344164 -0.752599 -0.561379 -0.466225 0.341362 -0.816153 0.467031 -0.0763132 0.880942 0.474335 0.204706 0.856214 0.4958 -0.0247328 0.868085 -0.477768 -0.52739 -0.702565 -0.464667 -0.579647 -0.669398 0.426036 -0.150012 0.892183 -0.451807 0.0120104 -0.892035 -0.465398 -0.21225 -0.859276 -0.0962645 0.971727 -0.21559 0.246867 0.899791 0.359769 0.43272 -0.0898793 0.897037 -0.494742 -0.484278 -0.721599 -0.498683 -0.294229 -0.815319 0.39043 0.624444 0.676487 -0.466575 -0.420665 -0.778042 0.487497 0.0124621 0.873036 0.472629 0.085403 0.877113 -0.365575 -0.666218 -0.650006 0.382779 0.701654 0.600968 0.406842 0.55557 0.725136 -0.435843 0.211922 -0.874717 0.484179 -0.0204707 0.87473 -0.540949 -0.202815 -0.816235 0.416251 -0.154807 0.895974 -0.466547 -0.0940009 -0.879487 -0.407599 -0.0806555 -0.909592 0.473295 0.117904 0.872978 -0.432074 -0.203354 -0.878612 -0.488454 -0.236297 -0.839986 -0.443566 -0.187468 -0.876416 0.464593 0.239666 0.852475 0.456679 0.414145 0.787355 -0.443071 -0.022419 -0.896206 -0.471554 -0.401421 -0.785174 0.462166 -0.0378869 0.885984 -0.415961 -0.502355 -0.758034 -0.445399 -0.530099 -0.721536 -0.364369 -0.567884 -0.738067 -0.150971 0.935547 -0.319312 0.408464 -0.0503955 0.911382 -0.438004 0.0500424 -0.897579 0.437024 -0.0141978 0.899338 0.391416 -0.137404 0.909898 0.388813 -0.129512 0.912169 -0.389927 -0.591421 -0.705818 -0.490589 -0.130932 -0.861499 -0.461663 -0.179711 -0.868661 0.445661 -0.0320599 0.894628 0.469799 0.280742 0.836942 0.457697 0.164231 0.873809 0.185218 0.937142 0.295734 0.325139 0.757422 0.566213 0.40626 0.620997 0.67031 -0.344458 0.582898 -0.73592 0.451838 0.0489189 0.890758 -0.416142 -0.368862 -0.831124 -0.439445 -0.21943 -0.871056 -0.461315 -0.487248 -0.74147 0.403739 -0.113226 0.907841 -0.438634 -0.20006 -0.876114 -0.466684 -0.0197012 -0.884205 -0.390929 -0.0631074 -0.918255 0.392546 -0.0441021 0.918674 0.442067 0.061807 0.89485 0.436747 0.479253 0.761294 -0.468069 -0.373691 -0.800791 -0.394722 0.025482 -0.918447 0.363119 -0.119002 0.924112 0.363326 -0.155649 0.918568 -0.547023 -0.50267 -0.669395 0.352361 -0.151027 0.923598 -0.362761 -0.615122 -0.700021 0.357231 0.11891 0.926416 -0.375672 -0.611157 -0.696676 -0.328033 -0.56542 -0.756766 0.380207 -0.170858 0.908983 -0.339668 -0.522046 -0.782364 -0.040761 0.978777 -0.200832 0.459237 0.350922 0.816061 -0.447761 -0.183239 -0.875176 0.375392 0.640365 0.670085 -0.372422 -0.645946 -0.666375 -0.425856 -0.36819 -0.826488 -0.32231 0.0613717 -0.944643 0.18928 0.944148 0.269735 0.304765 0.793568 0.526658 0.464587 0.22302 0.856984 0.387367 -0.129337 0.912808 0.400644 -0.0349627 0.915567 0.372438 -0.0788214 0.924704 0.350221 -0.112197 0.929923 0.351803 -0.130658 0.926911 -0.442006 -0.207734 -0.872627 -0.473553 -0.174264 -0.863354 -0.446679 -0.0330324 -0.894084 -0.483533 -0.126926 -0.866075 -0.403495 -0.304601 -0.862792 0.351253 -0.0900011 0.931945 0.324011 -0.0879373 0.941957 -0.391402 0.130481 -0.910922 0.356903 -0.016161 0.934002 -0.412209 -0.372241 -0.831577 -0.422492 -0.512334 -0.747672 -0.330362 0.0597916 -0.941959 0.339934 -0.0375166 0.939701 0.311742 -0.111053 0.943654 0.289325 -0.127279 0.948731 -0.442403 -0.126973 -0.887782 0.420989 0.539248 0.729369 -0.372678 0.383327 -0.845087 0.275501 -0.0921929 0.95687 0.45074 0.112178 0.885579 -0.350552 0.209668 -0.912772 -0.414111 0.118768 -0.902445 0.343469 -0.0797235 0.935774 0.388635 -0.0857395 0.917394 -0.448592 -0.0445681 -0.892625 -0.375671 -0.682392 -0.627067 0.333995 0.690078 0.64206 -0.292899 0.135563 -0.946484 0.30873 -0.0851989 0.947326 -0.456802 -0.356454 -0.815029 -0.470051 -0.411004 -0.781107 0.430727 -0.00367123 0.902475 -0.34818 0.132831 -0.927969 0.289507 -0.122551 0.949298 -0.44352 -0.579305 -0.683883 -0.449787 -0.213816 -0.867165 -0.340151 -0.601973 -0.722444 0.33821 0.145798 0.929708 -0.455542 -0.338522 -0.823337 -0.373868 -0.00983781 -0.92743 -0.398993 -0.452109 -0.797748 0.338159 -0.0265023 0.940716 -0.125477 0.946039 -0.298773 -0.439816 0.145011 -0.886303 0.44981 0.329787 0.830006 0.379614 0.565865 0.731909 0.351629 0.232767 0.906739 -0.397878 -0.153824 -0.904451 -0.292454 0.263487 -0.919264 0.23777 0.855187 0.460565 0.303875 -0.090505 0.948403 -0.247581 0.0892068 -0.964752 -0.337112 -0.535352 -0.774438 0.32103 -0.0739368 0.944178 -0.450916 -0.312032 -0.836248 -0.283705 0.0888164 -0.95479 -0.479093 -0.201475 -0.854329 -0.47235 -0.225628 -0.852043 -0.390029 -0.499423 -0.773598 -0.356313 0.254236 -0.899114 0.456768 0.144359 0.877795 0.453355 0.205183 0.867392 0.293005 -0.120413 0.948498 0.321768 -0.0540221 0.945276 0.416442 0.451518 0.789118 -0.389339 0.00800958 -0.92106 -0.388884 -0.103693 -0.915433 0.440052 0.0640488 0.895685 0.319082 -0.14087 0.937199 -0.418211 -0.352814 -0.837031 -0.461212 -0.373817 -0.804702 0.366419 -0.140461 0.919787 -0.321521 -0.533418 -0.782361 -0.346579 0.337274 -0.875288 -0.309723 0.026285 -0.950463 0.258173 -0.105857 0.960282 0.286225 -0.084218 0.954454 -0.246418 0.0708345 -0.966572 0.266886 -0.0988481 0.958645 -0.361407 -0.662372 -0.656238 -0.406931 -0.125398 -0.904811 -0.250667 0.106196 -0.962231 -0.29423 0.328503 -0.897505 0.341348 0.265875 0.90155 0.295105 -0.0742486 0.952576 -0.426105 -0.0767086 -0.901416 -0.332047 -0.376097 -0.865041 -0.389986 -0.287163 -0.874899 -0.356775 -0.43196 -0.828325 -0.295493 -0.485012 -0.823072 -0.0270433 0.993313 -0.112238 0.268388 -0.0989765 0.958213 -0.238591 0.0411278 -0.970249 0.302438 -0.175842 0.936809 -0.289662 0.318418 -0.902611 0.368178 0.586277 0.721612 -0.301097 0.143821 -0.942686 0.440954 0.102799 0.891623 -0.279936 0.253415 -0.925968 -0.439578 -0.328562 -0.835953 0.269424 -0.0866753 0.959113 -0.310209 0.0939287 -0.946017 0.275362 -0.0647246 0.959159 0.352993 -0.188005 0.916543 -0.356631 0.084333 -0.930431 0.32831 0.672557 0.663235 0.407905 -0.0201307 0.912802 -0.279411 -0.355523 -0.891926 -0.411431 -0.261454 -0.873136 -0.426332 -0.369502 -0.825657 -0.435729 -0.121762 -0.891804 -0.360901 0.286113 -0.887631 0.438672 0.255517 0.861555 0.230501 0.872608 0.43061 -0.218788 0.296389 -0.92967 -0.31929 0.207129 -0.924744 -0.324719 -0.619989 -0.714263 -0.433699 -0.033516 -0.900434 -0.39302 -0.128231 -0.910545 -0.278834 0.0964632 -0.955482 -0.284236 -0.643306 -0.710892 -0.208432 0.0379931 -0.977299 0.41746 0.361549 0.833672 -0.192864 0.326092 -0.925455 -0.327168 -0.474306 -0.81731 0.303545 -0.239085 0.922333 0.268613 -0.0847175 0.959516 0.254149 -0.107573 0.961164 -0.353553 -0.00546834 -0.935398 -0.380313 0.442888 -0.811919 -0.229522 0.118411 -0.966074 -0.204214 0.223452 -0.953082 -0.355434 0.0958653 -0.929772 -0.542216 -0.400925 -0.738418 -0.228653 0.436089 -0.87037 0.395143 0.451082 0.800242 -0.253885 0.363946 -0.896151 0.0402719 0.998691 -0.0315192 -0.385892 0.115603 -0.915272 -0.351267 0.0189185 -0.936084 -0.4365 -0.294325 -0.8502 -0.437347 -0.228776 -0.869706 -0.36066 0.0605418 -0.930731 -0.376787 -0.654395 -0.655591 -0.39471 -0.624382 -0.674056 -0.330631 -0.526771 -0.783068 0.265423 -0.0644162 0.961978 -0.235378 0.395242 -0.887908 -0.39201 0.0321115 -0.919401 0.342801 -0.230652 0.910652 -0.320732 -0.505597 -0.800939 0.272295 -0.20011 0.941176 -0.511365 -0.398663 -0.761297 0.441407 0.15457 0.883894 -0.399573 0.264506 -0.877711 -0.274471 0.668537 -0.691176 -0.516176 0.106057 -0.849891 -0.43769 -0.00143432 -0.899125 -0.419886 -0.147713 -0.895476 -0.409122 -0.149528 -0.900145 -0.3108 0.0692777 -0.947947 0.413506 -0.0171025 0.910341 -0.377673 -0.453035 -0.807541 0.243266 -0.129406 0.961289 -0.217152 0.076914 -0.973103 0.273371 -0.314054 0.909197 -0.390467 -0.119672 -0.912806 -0.438224 -0.153226 -0.88571 -0.325233 -0.66122 -0.676026 -0.202525 0.513012 -0.834147 0.309676 0.706758 0.636078 -0.343051 -0.443823 -0.827851 0.252702 -0.269537 0.929243 0.255957 -0.101038 0.961393 -0.380287 -0.647442 -0.660455 -0.237705 0.264474 -0.934639 -0.224611 0.115456 -0.967585 -0.460009 -0.553991 -0.693892 0.262186 0.824789 0.50098 -0.527119 -0.0978802 -0.844136 -0.480722 -0.231187 -0.845848 -0.223536 0.490341 -0.842376 -0.429607 -0.428776 -0.794726 -0.465116 0.219005 -0.857732 0.316061 -0.258181 0.912934 0.417907 0.216183 0.882394 -0.362226 0.0427242 -0.931111 -0.327903 0.17231 -0.928864 0.398106 -0.0603246 0.915354 0.256784 -0.273106 0.927079 0.371259 0.52473 0.766045 0.33047 0.614714 0.716182 -0.472288 -0.216455 -0.854454 0.433636 0.0800615 0.897525 -0.42359 -0.477509 -0.769777 -0.302519 0.418898 -0.856158 -0.376574 0.0957612 -0.921424 0.420917 0.0340225 0.906461 -0.27 0.441739 -0.855551 -0.209155 0.531995 -0.820509 -0.450033 -0.109679 -0.886251 -0.503661 -0.0417624 -0.862891 0.191249 0.974538 0.117046 -0.259223 -0.605779 -0.75222 -0.332573 -0.349899 -0.875766 0.267748 -0.327356 0.906173 0.389376 0.422534 0.818444 0.425072 0.129409 0.895861 -0.317324 -0.458889 -0.829895 -0.344637 -0.0164695 -0.938592 0.365769 0.572147 0.734072 -0.455384 0.13659 -0.879755 -0.422334 -0.328331 -0.844886 -0.263536 0.350097 -0.898877 -0.39277 0.0143447 -0.919525 -0.394874 -0.196898 -0.897389 -0.303874 0.0914411 -0.948314 -0.264895 -0.645506 -0.716346 0.411542 0.291136 0.863639 -0.264778 -0.602315 -0.753067 -0.446134 0.0932389 -0.890096 -0.326803 0.101482 -0.939628 0.394812 -0.0603647 0.916777 0.408943 0.0221492 0.912291 -0.243756 0.475229 -0.845423 -0.313764 0.355064 -0.880615 -0.271926 0.405183 -0.872859 0.242184 -0.39122 0.887859 -0.270289 -0.574208 -0.772806 0.352131 0.67476 0.648616 -0.402873 -0.251539 -0.880012 -0.432352 0.0760781 -0.89849 -0.506736 0.200551 -0.83845 -0.387881 0.444357 -0.807524 -0.338268 -0.328209 -0.88196 -0.429217 0.0635027 -0.900966 0.417163 0.0767052 0.905589 0.366292 -0.168026 0.915204 -0.245283 0.22592 -0.94276 -0.252121 -0.231171 -0.939678 -0.422354 -0.446203 -0.788999 0.396674 0.406193 0.823199 -0.326716 -0.121357 -0.937299 -0.296113 -0.2298 -0.927097 0.308363 -0.285007 0.90757 -0.320209 0.0895218 -0.943108 -0.413592 0.279959 -0.866352 0.416339 0.17756 0.891703 0.419372 0.29587 0.858247 -0.261718 0.373161 -0.890087 -0.207633 0.234011 -0.949804 -0.296343 0.24649 -0.922726 -0.441128 -0.318982 -0.838843 -0.301346 0.241741 -0.922362 -0.245888 0.14202 -0.958838 -0.327385 0.140501 -0.934387 0.302297 -0.292303 0.90729 -0.376557 -0.096894 -0.921313 -0.254208 0.213643 -0.943257 -0.229512 -0.536869 -0.811847 -0.146725 0.167264 -0.974933 0.366505 -0.12898 0.921433 -0.507025 -0.185326 -0.841772 -0.362289 0.429113 -0.827411 -0.36314 0.0682692 -0.92923 -0.177172 0.322009 -0.930011 -0.424712 -0.119874 -0.897357 -0.454689 -0.287521 -0.842965 -0.449388 -0.0148957 -0.893213 -0.370695 0.223637 -0.901428 0.406193 0.216508 0.887768 -0.554911 -0.0182219 -0.83171 0.404506 -0.00938711 0.914487 0.394705 0.552754 0.733942 -0.401463 0.438605 -0.804024 -0.164135 0.446194 -0.879756 -0.233226 0.278904 -0.931568 -0.289153 -0.153241 -0.944938 0.0994951 0.158582 -0.98232 0.354773 -0.232573 0.905564 -0.341872 -0.0543577 -0.938173 0.38122 0.0567293 0.922742 -0.131357 -0.0240501 -0.991043 0.410255 0.351386 0.841557 -0.816185 0.205358 -0.540066 -0.809491 -0.091516 -0.579956 -0.843583 0.277633 -0.459661 -0.822221 0.235915 -0.517974 -0.813549 0.158997 -0.559337 -0.810897 0.00960604 -0.58511 -0.815285 -0.0984062 -0.570637 -0.770975 -0.154869 -0.617748 -0.794985 -0.0787914 -0.60149 -0.788279 0.358997 -0.499737 -0.818225 0.285202 -0.499167 -0.726191 -0.353188 -0.589835 -0.780394 -0.11614 -0.614408 -0.730007 0.394508 -0.55808 -0.693606 0.481501 -0.535786 -0.767241 -0.1632 -0.620247 -0.801916 0.193187 -0.565341 -0.805178 0.16913 -0.568404 -0.787657 -0.0139804 -0.615955 -0.762341 -0.266335 -0.589832 -0.834297 0.0952994 -0.543017 -0.699389 0.408352 -0.586604 -0.769813 0.225915 -0.596951 -0.724607 -0.395916 -0.564088 -0.812235 0.238815 -0.532205 -0.795788 -0.188849 -0.575376 -0.687145 0.429446 -0.58601 -0.822149 -0.00499299 -0.56925 -0.778085 0.111434 -0.618196 -0.771073 -0.153375 -0.617999 -0.715137 0.39564 -0.576236 -0.828133 0.141165 -0.542466 -0.76438 -0.193693 -0.614985 -0.786924 0.262441 -0.558458 -0.767448 0.289483 -0.572035 -0.758491 -0.0414904 -0.650361 -0.767461 0.113618 -0.630948 -0.826658 0.0354545 -0.561586 -0.692325 0.429749 -0.579657 -0.743433 -0.202497 -0.637418 -0.739481 -0.350227 -0.574899 -0.81351 0.126972 -0.567521 -0.727777 -0.413446 -0.547177 -0.798259 0.223193 -0.559435 -0.765657 0.179679 -0.617645 -0.796948 -0.0506273 -0.601922 -0.726648 0.388586 -0.566553 -0.590621 0.732747 -0.338007 -0.796996 -0.294647 -0.527239 -0.765259 -0.112458 -0.633823 -0.813245 -0.168148 -0.557099 -0.823711 0.135146 -0.550669 -0.757744 -0.392592 -0.521244 -0.733992 -0.144751 -0.663554 -0.7577 0.322787 -0.567186 -0.679447 0.449526 -0.579895 -0.719916 0.484848 -0.496632 -0.706918 -0.443618 -0.550881 -0.754077 0.348092 -0.556956 -0.824404 0.0241787 -0.565486 -0.79976 -0.0317043 -0.599483 -0.791911 0.104423 -0.601642 -0.783818 0.188222 -0.591779 -0.767525 -0.0765086 -0.636437 -0.795196 0.212864 -0.567761 -0.693105 0.410216 -0.59273 -0.810216 0.0977273 -0.577926 -0.604348 0.683531 -0.409328 -0.687778 0.402631 -0.604028 -0.762908 0.152742 -0.628204 -0.71311 -0.453178 -0.534886 -0.792622 -0.323357 -0.516904 -0.75671 0.0160653 -0.653553 -0.708945 0.397573 -0.582524 -0.538448 0.772487 -0.336656 -0.807835 0.0037947 -0.589397 -0.801831 0.0767915 -0.592596 -0.80157 -0.170522 -0.573069 -0.743719 -0.404765 -0.532023 -0.774351 0.308752 -0.552316 -0.784184 -0.0702292 -0.616542 -0.655898 0.554678 -0.511986 -0.761847 0.159418 -0.627834 -0.807604 -0.0590747 -0.586759 -0.668328 0.370147 -0.645235 -0.683927 0.3464 -0.642068 -0.792224 -0.263271 -0.550517 -0.727024 -0.435295 -0.530994 -0.7664 0.11959 -0.631134 -0.757523 -0.364912 -0.541293 -0.711837 0.365005 -0.600049 -0.529687 0.755356 -0.385835 -0.79968 0.165955 -0.577035 -0.778618 0.252788 -0.574327 -0.750339 0.31995 -0.578466 -0.806965 0.0317396 -0.589746 -0.781955 -0.320213 -0.534799 -0.801834 -0.210527 -0.559232 -0.583289 0.670902 -0.457891 -0.409232 0.882704 -0.231004 -0.348315 0.928832 -0.126283 -0.781158 0.0322241 -0.623501 -0.6917 0.402341 -0.599727 -0.649398 0.524297 -0.550813 -0.779164 0.14366 -0.610136 -0.808918 -0.013133 -0.587775 -0.442623 0.838608 -0.317524 -0.797938 -0.00789062 -0.602688 -0.728573 0.353608 -0.586637 -0.791293 -0.287451 -0.539655 -0.791555 -0.125466 -0.59808 -0.340641 0.922954 -0.179222 -0.458933 0.806397 -0.372967 -0.790627 0.225351 -0.569321 -0.773417 0.276755 -0.570292 -0.797655 0.0882194 -0.596627 -0.682041 0.467616 -0.562278 -0.601374 0.622144 -0.501285 -0.807084 0.0943291 -0.582853 -0.503687 0.74894 -0.430566 -0.796197 -0.254826 -0.548757 -0.776118 0.101726 -0.622328 -0.779396 0.122098 -0.614519 -0.799087 -0.138315 -0.585089 -0.424836 0.819146 -0.385375 -0.784738 -0.334645 -0.521728 -0.345281 0.885746 -0.310219 -0.802917 0.0661635 -0.592408 -0.781187 0.0340205 -0.62337 -0.802133 0.171894 -0.57187 -0.281316 0.955204 -0.0919069 -0.534568 0.70786 -0.461705 -0.467522 0.782478 -0.411281 -0.616875 0.603786 -0.504884 -0.688064 0.476555 -0.547233 -0.799714 0.0371503 -0.599231 -0.821564 -0.160118 -0.54717 -0.258484 0.929504 -0.263076 -0.242703 0.958943 -0.14671 -0.36577 0.861594 -0.35195 -0.785364 0.0151461 -0.618849 -0.781368 0.0476949 -0.622246 -0.720659 0.388172 -0.574433 -0.819065 -0.0162755 -0.57347 -0.795042 -0.30446 -0.524606 -0.212831 0.971936 -0.100221 -0.223213 0.952174 -0.208661 -0.792332 0.0380757 -0.608901 -0.806633 0.0817652 -0.585369 -0.775036 0.0924124 -0.625124 -0.785018 0.236169 -0.572688 -0.804518 0.179507 -0.566153 -0.756254 0.303809 -0.579465 -0.825403 -0.0366652 -0.563352 -0.808954 0.131238 -0.573036 -0.796406 0.0846217 -0.598813 -0.401624 0.847954 -0.345935 -0.272815 0.922126 -0.274329 -0.785485 0.0618114 -0.615786 -0.544141 0.708035 -0.450108 -0.786615 0.0776983 -0.612536 -0.816699 0.00566609 -0.577036 -0.731716 0.380689 -0.565392 -0.17315 0.966701 -0.188438 -0.796224 -0.298152 -0.526434 -0.47973 0.769532 -0.421521 -0.797564 0.0672501 -0.599475 -0.770242 -0.344215 -0.536883 -0.432364 0.82348 -0.367345 -0.287679 0.920683 -0.263786 -0.174649 0.965071 -0.195281 -0.79502 0.211272 -0.568601 -0.769001 0.272812 -0.57811 -0.822935 -0.142813 -0.549892 -0.813603 0.11069 -0.570787 -0.248671 0.942169 -0.224679 -0.663573 0.551563 -0.50542 -0.807085 0.181153 -0.561958 -0.349882 0.880742 -0.31918 -0.812106 0.157498 -0.561852 -0.709237 0.448879 -0.54359 -0.813207 0.0404406 -0.580568 -0.582151 0.675659 -0.452312 -0.452502 0.801341 -0.391273 -0.835031 -0.112395 -0.5386 -0.803733 0.0892162 -0.588263 -0.358403 0.872972 -0.330859 -0.789289 0.0835468 -0.608311 -0.198806 0.960744 -0.193512 -0.791907 0.222023 -0.568849 -0.835528 -0.214444 -0.505873 -0.848603 -0.059788 -0.525641 -0.654609 0.567032 -0.499961 -0.108121 0.985404 -0.131487 -0.743663 0.342162 -0.574361 -0.521592 0.744407 -0.416894 -0.81895 0.132267 -0.558414 -0.251302 0.93449 -0.252142 -0.807082 0.0688388 -0.586413 -0.835441 0.0163585 -0.549337 -0.151366 0.975379 -0.160385 -0.766173 0.297369 -0.569694 -0.594383 0.665034 -0.452149 -0.810698 0.0914331 -0.578281 -0.803509 0.187515 -0.564988 -0.817349 0.0900594 -0.56906 -0.736586 0.387597 -0.554264 -0.255672 0.929315 -0.266469 -0.17461 0.963537 -0.20275 -0.153953 0.972755 -0.173338 -0.786345 0.232293 -0.572452 -0.708633 0.475325 -0.521445 -0.110111 0.983722 -0.142008 -0.674864 0.545613 -0.496855 -0.415536 0.844801 -0.337108 -0.855323 -0.0551854 -0.515148 -0.633136 0.622671 -0.459805 -0.817569 0.142268 -0.557979 -0.834875 0.0460208 -0.548512 -0.824053 0.119369 -0.553794 -0.850501 -0.0119483 -0.525838 -0.788153 0.263529 -0.556208 -0.81959 0.12177 -0.559862 -0.511901 0.763471 -0.393789 -0.19101 0.951953 -0.239375 -0.812343 0.168414 -0.558333 -0.0987116 0.981006 -0.166983 -0.804425 0.234153 -0.54596 -0.733988 0.448124 -0.510339 -0.279859 0.922798 -0.264807 -0.650723 0.614611 -0.445885 -0.843195 -0.040673 -0.536066 -0.842795 -0.0896711 -0.530713 -0.830767 0.0969667 -0.54811 -0.127737 0.972317 -0.195659 -0.77129 0.350266 -0.531437 -0.696143 0.545045 -0.467237 -0.571095 0.718093 -0.397734 -0.841235 -0.00680586 -0.540627 -0.345001 0.896464 -0.278078 -0.840801 0.0593758 -0.538079 -0.455984 0.823179 -0.338313 -0.0877986 0.982204 -0.166033 -0.818881 0.126571 -0.559834 -0.190074 0.960231 -0.204521 -0.813052 0.174887 -0.555302 -0.81608 0.149248 -0.558335 -0.822617 0.115648 -0.556711 -0.84501 0.0111571 -0.534635 -0.380065 0.879016 -0.287892 -0.839097 0.0820407 -0.53776 -0.283586 0.927817 -0.242351 -0.116345 0.979739 -0.163018 -0.779872 0.369522 -0.505225 -0.686107 0.582652 -0.43563 -0.640035 0.6439 -0.419223 -0.819758 0.122497 -0.559456 -0.593083 0.712209 -0.375513 -0.502378 0.804758 -0.316198 -0.2098 0.956891 -0.200858 -0.743798 0.485687 -0.459208 -0.83773 0.0697406 -0.541613 -0.835574 0.0853139 -0.542714 -0.807782 0.280693 -0.518362 -0.823398 0.191373 -0.534221 -0.300494 0.923289 -0.239249 -0.829722 0.104841 -0.548242 -0.843701 0.050644 -0.534419 -0.622475 0.684299 -0.379815 -0.45053 0.853925 -0.260451 -0.0985287 0.984316 -0.146339 -0.133427 0.97676 -0.167744 -0.750065 0.494983 -0.438628 -0.823847 0.145684 -0.54777 -0.235184 0.949151 -0.209286 -0.79717 0.385119 -0.464977 -0.821457 0.28259 -0.49533 -0.847425 0.0631427 -0.527148 -0.543819 0.780679 -0.3079 -0.688634 0.600434 -0.406525 -0.17078 0.973977 -0.149008 -0.114028 0.984648 -0.132162 -0.363827 0.907401 -0.210366 -0.114486 0.984615 -0.132013 -0.469695 0.851532 -0.232983 -0.258465 0.95055 -0.172192 -0.808139 0.392766 -0.438915 -0.566076 0.755902 -0.328893 -0.86155 0.0540998 -0.504783 -0.837 0.229899 -0.496565 -0.842646 0.112285 -0.526631 -0.856113 0.0959694 -0.507799 -0.504402 0.823222 -0.260546 -0.838928 0.172417 -0.516209 -0.779336 0.475901 -0.407619 -0.736451 0.566022 -0.370485 -0.656724 0.680888 -0.324199 -0.85032 0.318244 -0.419138 -0.873804 0.074305 -0.480568 -0.564389 0.779072 -0.272968 -0.859822 0.241947 -0.449631 -0.434616 0.879399 -0.194338 -0.867734 0.176365 -0.464686 -0.494663 0.840521 -0.220983 -0.188143 0.97656 -0.104561 -0.351569 0.925418 -0.141423 -0.270938 0.955652 -0.115422 -0.838233 0.412623 -0.356521 -0.793873 0.519101 -0.316701 -0.715217 0.638794 -0.28356 -0.897084 0.0567669 -0.438199 -0.894858 0.154999 -0.418574 -0.141479 0.983939 -0.108847 -0.436926 0.881396 -0.179547 -0.898138 0.298938 -0.322465 -0.913019 0.232386 -0.335252 -0.9195 0.0976026 -0.380781 -0.628058 0.749647 -0.208741 -0.528937 0.830081 -0.17661 -0.93343 0.0762353 -0.350566 -0.917289 0.0291751 -0.397153 -0.850205 0.478056 -0.220485 -0.751697 0.621431 -0.22085 -0.935745 0.160997 -0.313786 -0.885707 0.387854 -0.255132 -0.671432 0.72246 -0.165015 -0.499586 0.859831 -0.105379 -0.384391 0.916605 -0.109906 -0.953223 0.113245 -0.280254 -0.441894 0.893135 -0.0839041 -0.261518 0.962907 -0.0664743 -0.955975 0.170083 -0.239129 -0.569694 0.818421 -0.0750726 -0.194583 0.978063 -0.0743711 -0.739303 0.668279 -0.0826689 -0.946691 0.249723 -0.203504 -0.813797 0.558642 -0.160167 -0.919969 0.339588 -0.1958 -0.639266 0.768066 -0.0375939 -0.89392 0.426824 -0.136852 -0.164532 0.984383 -0.0626047 -0.959646 0.181188 -0.215061 -0.34162 0.936992 -0.0730875 -0.919366 0.375212 -0.118246 -0.861494 0.496931 -0.104347 -0.949165 0.29722 -0.103666 -0.796084 0.604958 -0.0166446 -0.966785 0.221817 -0.126983 -0.481273 0.876308 -0.021453 -0.970572 0.109099 -0.214682 -0.205865 0.97858 -0.00128706 -0.875401 0.481125 -0.0468086 -0.309485 0.950794 0.0145008 -0.685984 0.726926 0.0316898 -0.979063 0.1638 -0.120854 -0.985414 0.105407 -0.133598 -0.407861 0.913035 0.00410222 -0.556359 0.830486 0.0275285 -0.629259 0.771758 0.0917763 -0.967639 0.249365 -0.0386366 -0.93195 0.362376 -0.0123903 -0.207127 0.977606 0.0372096 -0.858783 0.508462 0.0629227 -0.819871 0.570596 0.0472409 -0.725798 0.681964 0.0902317 -0.894739 0.446467 -0.0104738 -0.24053 0.968455 0.0651224 -0.945423 0.323322 0.0404756 -0.473615 0.878789 0.0584705 -0.800711 0.584686 0.130397 -0.892993 0.442576 0.0817952 -0.537636 0.833384 0.128139 -0.91728 0.38648 0.0960782 -0.969143 0.24483 0.0286496 -0.657383 0.739495 0.144895 -0.400217 0.911262 0.097095 -0.303346 0.947134 0.104494 -0.19368 0.97603 0.0992658 -0.835961 0.523407 0.16497 -0.74308 0.647392 0.169455 -0.713348 0.677946 0.177549 -0.882542 0.430941 0.188174 -0.944412 0.314344 0.0962977 -0.921246 0.361796 0.14286 -0.258058 0.954722 0.148029 -0.946909 0.27933 0.159177 -0.475574 0.864561 0.162366 -0.363556 0.918511 0.155447 -0.592044 0.782968 0.190906 -0.772076 0.600145 0.209105 -0.922135 0.329944 0.202 -0.846887 0.47193 0.24508 -0.427702 0.869321 0.247692 -0.810557 0.531317 0.246373 -0.662804 0.720379 0.204313 -0.509428 0.830489 0.225323 -0.701506 0.670048 0.242745 -0.890082 0.376908 0.256308 -0.357769 0.905258 0.22915 -0.932421 0.284732 0.22253 -0.75905 0.589019 0.27731 -0.857066 0.430107 0.283631 -0.602978 0.751048 0.268971 -0.904884 0.302228 0.299739 -0.507055 0.810652 0.29281 -0.876627 0.376899 0.299119 -0.63006 0.711736 0.310575 -0.463463 0.81765 0.34154 -0.835767 0.438497 0.330475 -0.692605 0.630106 0.35109 -0.549413 0.762055 0.342664 -0.811715 0.492941 0.313253 -0.634791 0.652614 0.413686 -0.891024 0.322096 0.319892 -0.755559 0.548194 0.358629 -0.866098 0.408652 0.287885 -0.582076 0.72252 0.373032 -0.496743 0.760431 0.41832 -0.398053 0.843152 0.361455 -0.773858 0.483853 0.408693 -0.693429 0.581738 0.425131 -0.807041 0.387309 0.44573 -0.572689 0.683202 0.453058 -0.683323 0.560873 0.467431 -0.434262 0.791861 0.429386 -0.754288 0.43412 0.492534 -0.700907 0.511243 0.497354 -0.605121 0.623013 0.495665 -0.521214 0.694898 0.495431 -0.647415 0.548056 0.529612 -0.557209 0.636697 0.533043 -0.71831 0.432822 0.544698 -0.309209 0.0385362 -0.950213 -0.289003 0.692829 -0.660655 0.25477 -0.911819 0.321993 -0.216859 -0.48527 -0.847045 -0.387291 0.516197 -0.763902 0.0566321 -0.985254 -0.161457 -0.43915 -0.328469 -0.836215 0.135315 -0.988972 0.0601944 -0.257338 0.836349 -0.484044 0.346352 0.0458319 0.936985 -0.142819 -0.710838 -0.688704 0.273701 -0.880922 0.386087 0.306583 -0.0279882 0.951432 0.349812 0.272558 0.896294 -0.410513 0.0730276 -0.908926 -0.337836 0.724684 -0.600583 -0.15381 -0.790287 -0.593118 0.14707 -0.986815 -0.0675831 0.348285 -0.739679 0.575824 -0.392228 -0.0887298 -0.915579 -0.216616 0.761466 -0.61094 -0.267762 0.785953 -0.557299 0.335093 0.217821 0.91666 -0.336119 0.752622 -0.566202 0.432147 -0.079351 0.898305 -0.417796 0.50903 -0.752553 0.275069 -0.914199 0.297618 0.318057 0.0114705 0.948002 0.429033 -0.43354 0.792448 -0.331928 -0.44343 -0.832583 0.256529 -0.00834718 0.966501 0.291708 0.00239723 0.956505 0.050887 -0.982866 -0.177158 0.410644 -0.472716 0.779687 -0.475494 0.154401 -0.866064 0.417652 -0.341376 0.842039 -0.208777 0.840691 -0.499651 -0.257378 0.779893 -0.570547 0.420272 -0.0037354 0.907391 0.320489 0.153665 0.934705 0.352841 0.220765 0.909267 0.316138 -0.00306331 0.948708 -0.321614 -0.592182 -0.73884 0.302851 -0.0384364 0.952263 -0.146636 0.92949 -0.338446 0.245712 -0.0796119 0.966068 -0.467472 0.621024 -0.629126 0.372803 0.00308931 0.927905 -0.0476082 -0.943549 -0.327793 0.338302 -0.761622 0.552706 -0.223433 0.715722 -0.66168 0.306113 0.284697 0.908429 0.310365 0.136229 0.940806 0.382434 -0.57464 0.723556 0.443918 -0.201609 0.873092 0.330733 0.0284917 0.943294 0.227336 -0.928076 0.294946 -0.143259 0.623127 -0.768888 0.264314 -0.0764659 0.961401 -0.3026 0.209972 -0.929702 -0.403568 0.0439996 -0.913891 -0.230054 0.586838 -0.776336 -0.170138 0.407733 -0.897111 0.406543 -0.0331086 0.913032 -0.325253 0.530648 -0.782702 0.455419 -0.0274708 0.889853 0.413732 -0.137739 0.899919 -0.229373 -0.485128 -0.843824 0.369384 0.111292 0.922588 0.382174 -0.045704 0.92296 0.361107 -0.0454237 0.931417 0.384964 -0.00220563 0.922929 0.307411 0.208869 0.928371 0.307145 0.33838 0.889472 0.253933 -0.0975673 0.962288 0.420158 -0.240909 0.874889 0.105781 -0.339712 -0.934562 0.264296 -0.402319 -0.87652 0.439276 -0.00847123 0.898312 0.514142 -0.0174505 0.857528 -0.290332 0.372524 -0.881438 0.394188 -0.0353734 0.918349 0.325375 0.274833 0.904764 0.404274 0.438854 -0.802477 0.427802 -0.326173 0.842969 0.317121 -0.209908 0.924864 0.369195 -0.0494145 0.928037 0.554464 -0.00446223 0.832196 -0.011713 -0.949934 -0.312231 -0.282581 -0.269469 -0.920616 -0.245495 0.542786 -0.803191 0.670665 -0.148028 -0.72684 0.361541 0.102683 0.926685 -0.119086 0.220165 -0.968166 0.555269 -0.0686198 0.828835 0.418197 -0.456828 0.785124 0.42078 -0.168046 0.891462 0.0121216 0.325078 -0.945609 -0.141806 -0.536239 -0.832069 -0.134311 -0.0310592 -0.990452 0.624851 -0.0469147 0.779333 0.527804 0.0283982 0.848891 0.177545 -0.954148 0.240996 -0.0482851 0.0864315 -0.995087 -0.195498 -0.112301 -0.974253 0.678658 0.0306851 0.733813 0.343875 0.310774 0.886098 0.518347 0.0671353 0.852531 -0.033829 -0.116733 -0.992587 0.373422 -0.608774 0.699965 -0.03867 -0.749296 -0.661105 0.370004 0.194057 0.908537 0.393862 -0.546156 0.739315 0.488587 -0.0203514 0.872278 0.414095 0.229206 0.880903 0.414876 -0.242175 0.877057 0.44041 -0.313223 0.841386 0.248718 -0.395955 0.883945 0.0340183 -0.970626 -0.238177 0.150139 -0.976611 0.15391 0.295954 -0.804396 0.51513 0.621448 -0.184721 0.761367 0.687902 -0.161821 0.707535 0.660344 0.0972793 0.744636 0.739331 -0.100592 0.665786 0.348115 0.331081 0.877041 0.0707259 -0.981466 -0.178109 0.734706 -0.0632565 0.67543 0.397627 0.0313923 0.91701 0.604467 -0.0845678 0.792129 0.536052 -0.0924718 0.839105 0.169511 -0.970571 0.171053 0.345918 -0.684101 0.642142 0.41833 -0.488542 0.765719 0.277831 -0.420667 0.863625 0.365615 -0.372453 0.852997 0.428251 -0.187972 0.883893 0.265018 -0.848076 0.458839 0.421326 -0.104091 0.900916 0.623054 0.0923866 0.776704 0.383925 0.33674 0.859772 0.644945 -0.207606 0.73549 0.801983 -0.0878541 0.590851 0.844394 0.0326799 0.534725 0.383075 -0.600792 0.701643 0.512801 0.144452 0.846268 0.153398 -0.985794 -0.0684013 0.420215 -0.000188083 0.907424 0.76133 0.107014 0.639472 0.323255 -0.338904 0.883544 0.584736 -0.126982 0.801224 0.425681 -0.209762 0.880225 0.402822 -0.53222 0.744632 0.393294 0.266827 0.879843 0.437532 -0.355971 0.825743 0.431022 -0.130331 0.892879 0.776357 0.223007 0.589524 0.417792 0.0471886 0.907316 0.706816 0.217101 0.673259 0.332699 -0.68763 0.64535 0.792433 -0.188985 0.579944 0.440263 0.251309 0.861982 0.397498 -0.530378 0.748795 0.389204 -0.316153 0.865198 0.0825986 -0.973666 0.212488 0.338909 -0.341882 0.876503 0.642375 0.105758 0.759059 0.573909 0.0373606 0.818066 0.430152 -0.250163 0.867403 0.750697 -0.244711 0.613654 0.192224 -0.951776 0.239108 0.526116 -0.00210901 0.85041 0.421125 -0.392187 0.817828 0.660436 -0.331094 0.673944 0.474304 -0.191508 0.859279 0.853727 0.173837 0.490848 0.362535 -0.167119 0.916864 0.428541 0.214377 0.877722 -0.019592 -0.966914 0.254348 0.446269 -0.132359 0.885057 0.262748 -0.81826 0.511286 0.669282 0.23933 0.703408 0.379342 -0.551643 0.742825 0.434612 0.0421615 0.89963 0.869905 -0.122367 0.477799 0.453376 -0.238711 0.858759 0.398502 0.189633 0.897349 0.455979 -0.225928 0.860837 0.409208 0.169713 0.896519 0.219438 -0.858358 0.463755 0.709428 -0.33532 0.619897 0.314614 -0.687661 0.654325 0.387441 0.0390016 0.921069 0.338755 -0.100719 0.935468 0.466827 -0.149987 0.871537 0.62953 -0.316354 0.709656 0.757678 0.346079 0.553312 0.751602 -0.287883 0.593479 0.44834 -0.338733 0.827195 0.401319 -0.336306 0.851963 0.400914 0.170133 0.900179 0.360698 -0.261186 0.895365 0.135603 -0.913953 0.382495 0.425028 0.255797 0.868285 0.860191 0.289494 0.41984 0.361253 -0.572855 0.735754 0.602504 0.234862 0.762777 0.846619 -0.283581 0.450354 0.10588 -0.931288 0.348557 0.790343 -0.359808 0.495879 0.918703 0.0990863 0.382318 0.372332 -0.136245 0.918045 0.56259 -0.188471 0.804967 0.480325 -0.131461 0.867183 0.45916 -0.25992 0.849479 0.717183 -0.440654 0.539882 0.297834 -0.747436 0.59383 0.924591 -0.116557 0.362693 0.445808 0.123514 0.886566 0.671971 0.40554 0.619671 0.394027 0.15213 0.906421 0.639453 -0.50288 0.581559 0.550991 0.0972635 0.828824 0.490189 -0.250009 0.834992 0.44905 -0.00154362 0.893505 0.337072 -0.662376 0.66906 0.928721 -0.241218 0.281585 0.640937 0.364192 0.675696 0.0547052 -0.989866 0.131042 0.41596 0.163659 0.894535 0.672903 0.467692 0.57312 0.800167 0.367429 0.474056 0.429559 -0.407575 0.80583 0.378467 0.016985 0.925459 0.236451 -0.819315 0.522316 0.725914 0.472402 0.499885 0.548385 0.306319 0.778102 0.753371 -0.521447 0.400656 0.890632 -0.345147 0.296055 0.36952 0.278255 0.886583 0.395627 -0.210013 0.894077 0.46813 -0.194252 0.862045 0.390032 -0.13069 0.91148 0.843157 -0.455766 0.285243 0.959497 -0.0690011 0.273137 0.527557 -0.232158 0.817182 0.0310507 -0.997813 0.0583473 0.225421 -0.86861 0.441251 0.845341 0.398325 0.356001 0.403261 -0.704321 0.58422 0.570378 0.482131 0.664995 0.464407 -0.00227667 0.885619 0.381115 -0.577914 0.721642 0.887539 -0.358223 0.289741 0.427207 -0.163546 0.889239 0.397474 -0.496595 0.771627 0.11472 -0.96393 0.240162 0.91096 0.211548 0.354119 0.582236 -0.65538 0.481121 0.657653 -0.662759 0.35811 0.647829 0.57161 0.503567 0.477426 0.0209724 0.878422 0.423409 -0.345089 0.837639 0.331709 -0.777325 0.534542 0.378331 -0.636124 0.672467 0.40968 -0.100395 0.906688 0.432343 -0.0962155 0.896561 0.917632 -0.308532 0.250518 0.366476 0.139166 0.919961 0.419528 0.105137 0.901633 0.531204 -0.560788 0.63509 0.449502 -0.263618 0.853495 0.72846 -0.577398 0.368725 0.499361 0.286719 0.817576 0.411234 0.0605617 0.909516 0.430856 -0.416059 0.800786 0.215129 -0.906129 0.364212 0.79219 0.489792 0.364058 0.733374 -0.605623 0.308843 0.464905 -0.0683617 0.882717 0.321001 -0.806527 0.496461 0.424408 -0.570676 0.702999 0.42069 0.113479 0.900079 0.0582232 -0.994543 0.0865666 0.441107 -0.0575336 0.895608 0.920258 -0.310217 0.238517 0.73476 0.549487 0.397732 0.558376 0.620774 0.550324 0.570184 0.726072 0.384331 0.091434 -0.977677 0.189174 0.442626 -0.138728 0.88591 0.465701 -0.264153 0.844598 0.799965 -0.529498 0.28229 0.492421 -0.00853714 0.870315 0.981619 -0.0175072 0.190048 0.126455 -0.961842 0.242628 0.513256 -0.83927 0.179428 0.960138 0.16174 0.227981 0.462912 -0.0592603 0.884421 0.713976 0.623278 0.319002 0.568031 0.457931 0.683842 0.465218 -0.471901 0.74892 0.440712 0.130285 0.888143 0.540306 -0.231416 0.809022 0.468524 -0.83657 0.283964 0.4318 -0.669235 0.604709 0.764687 -0.622305 0.167301 0.89287 -0.38852 0.227675 0.553867 0.373935 0.743912 0.57924 0.732145 0.358391 0.585925 0.725338 0.361354 0.454303 -0.112804 0.883677 0.662128 -0.721091 0.203997 0.917445 0.324536 0.230155 0.897925 -0.354561 0.260799 0.867295 -0.438755 0.235147 0.472661 -0.293384 0.830974 0.0947488 -0.98519 0.142912 0.525755 0.0164424 0.850477 0.875878 0.462271 0.138364 0.800114 -0.561072 0.212172 0.0495306 -0.998733 -0.00887537 0.456791 0.11709 0.881834 0.501398 -0.0050265 0.865202 0.525945 -0.717279 0.457048 0.580556 -0.593157 0.557781 0.436301 -0.102204 0.893977 0.548575 0.62228 0.55842 0.825628 0.548509 0.132201 0.783386 0.589165 0.197967 0.478742 -0.405232 0.778841 0.69397 0.710513 0.116523 0.883125 -0.401036 0.243434 0.473244 -0.863322 0.175256 0.209033 -0.919927 0.331721 0.810938 -0.58309 0.0488364 0.919407 0.380149 0.10088 0.944708 -0.259545 0.200408 0.609976 0.776541 0.15784 0.732406 -0.677561 0.0670277 0.445198 0.121425 0.887161 0.448899 0.841172 0.301529 0.534776 0.0968519 0.839425 0.408375 -0.661148 0.629375 0.533087 -0.148553 0.832917 0.526531 -0.848735 0.049134 0.193621 -0.94146 0.275977 0.536683 -0.839731 0.0826044 0.411222 -0.10485 0.905485 0.440991 -0.0114629 0.897439 0.476286 0.106395 0.87283 0.862906 -0.498423 0.0834752 0.977374 0.175687 0.117789 0.464183 -0.510026 0.72416 0.576965 0.364763 0.730794 0.460725 -0.114371 0.880143 0.680913 -0.730831 0.047357 0.301635 -0.816152 0.492861 0.855075 -0.51774 0.0281336 0.425694 0.079274 0.901388 0.506031 0.82938 0.236773 0.914815 -0.377943 0.142379 0.111175 -0.991933 0.0608941 0.551948 -0.833523 -0.0243418 0.77331 -0.633805 -0.0168153 0.393971 0.163089 0.904538 0.531926 -0.110723 0.839521 0.585257 -0.60627 0.538434 0.894862 -0.446205 -0.011126 0.863733 0.503948 0.00116962 0.920644 0.389611 -0.0248511 0.42187 -0.901472 -0.0968154 0.427394 0.896389 0.117565 0.488445 0.870227 0.0642446 0.457832 0.100292 0.883364 0.802571 0.596557 0.000186508 0.801359 0.595816 -0.053164 0.614799 -0.383808 0.688995 0.977092 0.207799 -0.0459472 0.356908 -0.933853 -0.0231172 0.464963 -0.0336486 0.884691 0.69164 -0.722071 0.0157247 0.546427 0.835916 -0.0515879 0.641688 0.761455 -0.0917742 0.387907 -0.921621 -0.0119175 0.558592 -0.824818 -0.0874678 0.468704 0.800837 0.372796 0.820277 -0.562473 -0.103777 0.765892 0.63593 -0.0948824 0.470424 -0.330971 0.818021 0.931753 -0.362335 -0.0234733 0.988319 -0.0990396 0.115832 0.465062 -0.140381 0.874077 0.178771 -0.963494 0.199302 0.480012 -0.862451 -0.160522 0.321082 -0.822642 0.469219 0.62765 -0.77376 -0.0857363 0.468132 0.00596854 0.883639 0.440937 -0.463813 0.768409 0.886416 -0.456858 -0.0744812 0.982608 -0.17948 -0.0476218 0.798807 0.579783 -0.160499 0.949997 0.28006 -0.1381 0.550015 -0.169214 0.817832 0.570152 -0.66431 0.483342 0.446368 -0.893306 0.052526 0.462931 -0.15314 0.873065 0.721962 -0.669348 -0.175339 0.915869 -0.39115 -0.0904689 0.410774 -0.634911 0.654334 0.195166 -0.970586 0.140972 0.515602 0.855657 -0.0447871 0.85945 0.486169 -0.158067 0.473541 0.870185 -0.136154 0.284046 -0.876226 0.389288 0.367863 0.923976 -0.104623 0.325134 0.945377 -0.0234596 0.358281 -0.933086 0.0313828 0.417356 -0.889461 -0.186209 0.792037 0.598048 -0.122538 0.876216 0.470157 -0.105817 0.654124 -0.730341 -0.196783 0.360463 -0.923884 -0.128472 0.943713 -0.292827 -0.153813 0.469923 -0.218798 0.85516 0.995856 -0.0137291 -0.0899054 0.517283 -0.838182 -0.172827 0.473256 -0.0228554 0.880628 0.892977 0.415015 -0.174228 0.395963 -0.910986 -0.115403 0.242177 -0.933628 0.263988 0.543441 -0.181765 0.819533 0.822205 -0.541195 -0.176312 0.901105 -0.387834 -0.193891 0.982397 -0.0997863 -0.157918 0.452687 0.878712 -0.151458 0.568889 -0.819209 -0.0725327 0.520014 0.830445 -0.199864 0.461388 0.88568 -0.0518792 0.513517 -0.234686 0.825362 0.308543 -0.923414 -0.22827 0.581675 -0.7901 -0.193382 0.327506 0.93689 -0.122379 0.406225 -0.723949 0.557566 0.63681 0.761184 -0.122768 0.758258 0.643792 -0.102845 0.477791 -0.379577 0.792236 0.361427 -0.913743 -0.185591 0.514654 -0.0776828 0.853872 0.334479 -0.849751 0.407489 0.509099 -0.499389 0.70102 0.406638 -0.907276 -0.107218 0.961346 -0.0482236 -0.271088 0.979915 0.063606 -0.188999 0.93713 -0.266117 -0.225763 0.430216 -0.892321 -0.136661 0.455322 -0.876751 -0.154886 0.548843 -0.788069 -0.278782 0.296524 -0.937909 -0.18 0.225697 -0.947618 -0.22601 0.357395 0.916028 -0.182104 0.715182 0.685798 -0.134893 0.862559 -0.468164 -0.191872 0.747146 -0.639196 -0.182213 0.49962 -0.751159 0.43144 0.511053 0.835949 -0.200036 0.885933 0.455361 -0.0881398 0.576154 -0.777564 -0.251873 0.693302 -0.587757 0.416982 0.73439 0.671776 -0.0968981 0.251362 -0.955502 -0.154379 0.490083 0.864231 -0.113683 0.447056 0.876872 -0.176738 0.978301 0.00157387 -0.207184 0.802708 -0.576932 -0.151029 0.915962 0.348344 -0.199171 0.582331 -0.153725 0.798285 0.36332 -0.90689 -0.213421 0.604242 -0.779602 -0.164661 0.437221 -0.726153 0.530602 0.526827 -0.545486 0.651842 0.953759 0.187372 -0.235025 0.836657 0.536848 -0.108626 0.283513 -0.914772 -0.287771 0.95282 -0.282229 -0.111721 0.951779 -0.204133 -0.229014 0.415371 -0.907566 -0.0615684 0.225019 -0.962302 -0.152778 0.28295 -0.914363 -0.289619 0.915808 -0.401592 0.00432579 0.547806 -0.286244 0.786113 0.660327 -0.177855 0.729613 0.393757 0.905836 -0.15626 0.337017 0.930893 -0.140918 0.700346 -0.705554 -0.108212 0.750051 -0.658997 -0.0560906 0.835593 -0.536696 -0.117226 0.698872 -0.290113 0.653768 0.485468 -0.86558 -0.122853 0.599771 -0.794531 -0.0948385 0.281929 -0.929205 -0.238944 0.467673 -0.878259 -0.0997178 0.243364 -0.938331 -0.24558 0.62079 0.783339 -0.0316195 0.500523 -0.683692 0.531077 0.790043 0.613006 0.00752496 0.734919 0.677219 -0.0356118 0.897474 0.421689 -0.129305 0.64447 -0.455589 0.614083 0.461614 -0.869288 -0.176781 0.858946 -0.478855 0.181409 0.764633 0.640657 0.0699672 0.907296 -0.419793 0.0242354 0.961483 0.165799 -0.219227 0.696675 -0.675375 -0.241896 0.696713 -0.713723 0.072047 0.869365 0.475626 -0.134105 0.553017 0.833169 0.00128759 0.696544 -0.717506 -0.00332888 0.19038 -0.949424 -0.249698 0.704172 0.703651 0.09496 0.80846 -0.567921 0.154459 0.260935 0.957013 -0.126649 0.769366 0.597003 0.227298 0.395752 -0.788948 0.470045 0.249677 -0.946882 -0.202672 0.75449 -0.656287 -0.00567815 0.75654 -0.653736 0.016645 0.396616 0.912194 -0.102942 0.979079 -0.121433 -0.163276 0.860335 -0.50906 -0.0261109 0.315138 -0.902096 -0.294806 0.420447 -0.859948 -0.289332 0.904912 0.405793 -0.128323 0.337539 -0.929934 -0.145909 0.902242 -0.368402 0.224141 0.934376 -0.347776 -0.0774117 0.782511 -0.543228 -0.30427 0.730955 0.549669 0.404437 0.35826 -0.851058 0.383862 0.865939 0.500149 0.000379649 0.29249 -0.950777 -0.102334 0.596642 -0.54546 0.588636 0.662435 -0.717853 0.214165 0.582711 0.812555 0.0141986 0.583662 -0.811697 0.0220447 0.704935 -0.707407 0.0513948 0.792912 0.477328 0.378746 0.406342 -0.796541 0.447671 0.594271 0.796642 0.110467 0.741304 -0.666275 0.0809091 0.598293 -0.720282 0.351056 0.536678 -0.735117 0.414222 0.860217 0.483379 0.162392 0.861366 0.504982 0.0551526 0.450587 -0.889019 -0.0813354 0.452392 -0.883343 -0.122664 0.593088 0.777939 0.207504 0.808463 0.52528 0.265458 0.523648 -0.804132 -0.281362 0.469946 -0.740373 0.480624 0.265298 -0.949553 -0.167229 0.917614 -0.396174 0.0321171 0.994227 0.087316 -0.062361 0.672834 -0.721992 -0.161312 0.454818 0.890574 -0.00428351 0.528196 -0.849003 0.0142246 0.948444 -0.316309 0.0200757 0.907051 0.419673 -0.0336631 0.977966 -0.208713 0.00463062 0.725941 -0.650811 -0.222382 0.68952 -0.687724 -0.22715 0.735914 0.664148 -0.131672 0.309093 -0.940263 -0.142711 0.806288 -0.577521 0.127946 0.591092 -0.802816 0.0780851 0.659687 -0.742534 0.116004 0.78008 0.58916 0.210632 0.789679 0.567924 0.232098 0.843076 -0.484584 0.23324 0.911251 -0.388364 0.137093 0.615299 -0.787988 -0.0219646 0.729716 -0.661054 0.174708 0.719991 -0.689873 0.0754208 0.743008 0.669227 -0.00857524 0.716907 0.664604 0.210586 0.710979 0.686844 0.150842 0.295794 -0.953467 -0.0583717 0.914513 0.348314 0.205777 0.747696 -0.568034 0.343931 0.397205 -0.916271 -0.0517362 0.434217 -0.873677 0.219417 0.464206 -0.885696 0.00741414 0.686834 -0.726008 0.0342255 0.672837 0.732955 0.100341 0.965872 0.0549829 0.253117 0.825251 0.459549 0.328292 0.741738 -0.633629 0.21986 0.762401 0.64704 0.00919815 0.743352 -0.645526 0.175284 0.912088 -0.10215 0.397066 0.812833 0.257345 0.522566 0.44236 -0.783358 0.436655 0.755052 0.458243 0.468945 0.458195 -0.759228 0.462201 0.750552 -0.541657 0.378524 0.450116 -0.81111 0.373491 0.736997 0.673908 0.0518077 0.69976 -0.558013 0.446046 0.370439 -0.928038 -0.0390049 0.532215 -0.84538 0.0456001 0.681241 -0.724358 0.105904 0.500127 -0.86568 0.0217178 0.306809 -0.951752 0.00608683 0.469396 -0.882029 0.0411418 0.734986 0.460861 0.497397 0.764743 -0.310571 0.564547 0.481901 -0.761031 0.434284 0.574958 -0.805367 0.144247 0.583895 -0.781515 0.219777 0.393417 -0.917882 0.0521126 0.716821 0.362003 0.595921 0.745079 -0.595595 0.300205 0.55956 0.811844 0.166738 0.494289 0.865318 0.0830835 0.790676 -0.0526329 0.609968 0.710957 -0.424289 0.560819 0.667694 -0.204266 0.715863 0.374611 -0.773599 0.511088 0.350843 -0.785797 0.509345 0.351436 -0.933761 0.0676951 0.818911 -0.454949 0.349866 0.746751 -0.449676 0.490056 0.739141 0.601081 0.303929 0.675631 0.685688 0.27084 0.456379 -0.693749 0.557163 0.778251 0.467315 0.419454 0.700617 0.0937919 0.707347 0.707348 0.38557 0.592448 0.798178 -0.418343 0.433476 0.703308 -0.204355 0.68088 0.644165 -0.249869 0.722922 0.63386 -0.748052 0.196571 0.750771 0.520499 0.406723 0.854932 0.22189 0.468888 0.37426 -0.793847 0.479309 0.315876 -0.9488 0.00066689 0.749634 -0.487965 0.447147 0.542135 0.809061 0.226958 0.752354 -0.124778 0.646833 0.533001 -0.831861 0.154652 0.743794 0.525535 0.413018 0.455561 -0.844851 0.280518 0.497734 -0.848851 0.178081 0.368168 -0.724593 0.582595 0.839889 -0.23688 0.488338 0.877909 -0.193107 0.438162 0.271157 -0.959319 0.0786212 0.408164 -0.908653 0.0880434 0.434574 -0.710709 0.553207 0.235808 -0.679038 0.695199 0.769982 0.439524 0.462543 0.748749 -0.400006 0.528554 0.391434 -0.732868 0.556493 0.820181 0.423919 0.384183 0.363271 -0.764391 0.532673 0.741236 0.458602 0.490156 0.560247 -0.792359 0.241435 0.307318 -0.908675 0.282604 0.854079 -0.423318 0.302243 0.76589 -0.492699 0.413111 0.814127 -0.400172 0.420785 0.712738 0.560263 0.422032 0.949191 0.0187125 0.314145 0.315809 -0.940333 0.126644 0.764803 -0.527201 0.37032 0.6309 0.704155 0.325779 0.745667 0.509725 0.42914 0.543277 0.796223 0.26623 0.460553 0.876939 0.137362 0.412839 -0.79027 0.452809 0.853707 -0.33949 0.394882 0.721393 -0.550928 0.419607 0.785606 -0.450501 0.424114 0.293716 -0.879977 0.373324 0.455638 0.862145 0.221585 0.823391 -0.37728 0.423896 0.885666 0.374873 0.273982 0.745654 0.461746 0.480406 0.926238 -0.213644 0.310546 0.374176 -0.885435 0.275675 0.594468 -0.740148 0.314309 0.689543 -0.614898 0.382663 0.259238 -0.943656 0.205692 0.260226 -0.951168 0.166018 0.780925 0.483333 0.395658 0.725128 0.523603 0.447245 0.633838 0.693809 0.341874 0.895999 0.176029 0.407675 0.912833 -0.206158 0.352469 0.75662 -0.486286 0.437094 0.724707 0.535718 0.433367 0.261217 -0.936474 0.234056 0.747117 -0.468426 0.471587 0.790065 -0.417528 0.448852 0.737807 0.475631 0.478974 0.414624 -0.881939 0.22421 0.729331 0.46227 0.504363 0.712222 0.481289 0.510981 0.816814 -0.336623 0.468509 0.247979 -0.95182 0.180402 0.254697 -0.938118 0.234657 0.350302 -0.888152 0.297448 0.486423 -0.818484 0.30574 0.710915 0.554517 0.432562 0.537375 -0.781224 0.317675 0.682156 0.446747 0.578861 0.710691 0.54257 0.447813 0.652305 -0.608156 0.452377 0.781752 0.309298 0.541478 0.740881 -0.346096 0.575597 0.718773 -0.275582 0.638294 0.273935 -0.950347 0.147647 0.744574 -0.511861 0.428495 0.708762 0.372604 0.599018 0.677369 0.0951457 0.729464 0.688859 -0.438898 0.576925 0.669083 -0.459285 0.584281 0.660172 0.424878 0.619396 0.632759 -0.252366 0.732071 0.616355 0.625522 0.478361 0.330669 -0.861299 0.385774 0.67672 -0.457796 0.576604 0.609618 0.444937 0.656046 0.515434 -0.690643 0.507287 0.672776 0.414396 0.612901 0.685735 0.0356652 0.726977 0.275056 -0.895037 0.351073 0.667942 -0.167553 0.725107 0.423966 -0.822916 0.378235 0.306368 -0.919365 0.246793 0.701273 -0.479079 0.52792 0.646642 -0.593533 0.479137 0.58075 -0.165383 0.797106 0.654359 -0.206274 0.727506 0.658449 -0.0707972 0.749288 0.687439 0.425822 0.588305 0.426586 -0.752582 0.501642 0.299151 -0.898312 0.321782 0.697076 0.329786 0.636652 0.652797 0.449682 0.609625 0.679255 -0.346445 0.646984 0.666022 -0.348707 0.659408 0.608752 0.505239 0.611682 0.332246 -0.828328 0.451094 0.824946 -0.0672196 0.5612 0.600919 0.654738 0.458492 0.63369 -0.587963 0.502729 0.628996 0.43532 0.644097 0.347331 -0.88049 0.322643 0.688059 0.415478 0.59494 0.630128 0.274567 0.726328 0.742899 -0.495597 0.449984 0.733445 -0.384233 0.560735 0.600082 0.437699 0.669568 0.85127 -0.0373491 0.523397 0.867688 0.0772349 0.491073 0.595048 0.417351 0.686831 0.575783 0.623675 0.52868 0.612632 -0.346396 0.710416 0.297073 -0.861935 0.410871 0.632732 0.475202 0.611419 0.701432 -0.416274 0.57854 0.946747 -0.149232 0.285308 0.342759 -0.910277 0.232191 0.530369 -0.293974 0.795165 0.742042 0.289992 0.604383 0.495961 -0.613599 0.614426 0.703079 0.503346 0.502317 0.624701 0.329908 0.70775 0.57413 -0.375926 0.727361 0.721027 -0.570199 0.393691 0.88845 0.411115 0.204063 0.519878 -0.496883 0.694862 0.569665 0.594783 0.5672 0.572142 -0.456345 0.681471 0.343474 -0.860272 0.376772 0.562995 0.386171 0.73069 0.860229 -0.422744 0.28512 0.420724 -0.710979 0.563472 0.338084 -0.229979 0.912584 0.454291 -0.64955 0.609676 0.558479 0.380432 0.737138 0.887055 -0.420525 0.190507 0.743533 0.589352 0.315948 0.528996 0.686785 0.498487 0.552009 -0.336086 0.763107 0.356532 -0.809957 0.465676 0.523195 -0.412611 0.745667 0.779344 -0.552467 0.295641 0.99302 0.0920996 0.0736751 0.574343 -0.110164 0.811168 0.494981 -0.657906 0.567587 0.921216 -0.378341 0.090655 0.992268 0.0592505 0.10906 0.759191 -0.245731 0.602698 0.416222 -0.506613 0.755051 0.551564 0.352316 0.756076 0.404922 0.501193 0.764751 0.547686 0.268691 0.792367 0.640751 -0.469446 0.607502 0.446342 -0.38169 0.809377 0.874629 -0.471569 0.11246 0.469065 0.309217 0.827262 0.633994 -0.336624 0.69623 0.802593 0.519211 0.293709 0.516212 -0.695505 0.499798 0.501841 -0.534305 0.680201 0.554759 0.270088 0.786953 0.547518 0.367626 0.751715 0.632647 -0.254499 0.731429 0.4484 -0.791022 0.416198 0.269987 0.622549 0.734533 0.906677 -0.393878 0.150985 0.509835 -0.682441 0.523777 0.876184 -0.290336 0.384717 0.531695 -0.22892 0.815412 0.27662 -0.691262 0.667562 0.253343 -0.611652 0.749466 0.526568 0.173592 0.832221 0.909867 0.124188 0.395877 0.540979 0.651788 0.53152 0.568587 0.363994 0.737711 0.374593 0.413719 0.829769 0.744382 0.405736 0.530353 0.336198 -0.545246 0.767905 0.592026 -0.528876 0.608107 0.426531 -0.470415 0.772516 0.893512 -0.24495 0.376345 0.654004 -0.358531 0.666134 0.658655 -0.140843 0.739146 0.603893 0.21586 0.767279 0.369862 0.676786 0.636523 0.138706 0.726209 0.673335 0.168893 0.675943 0.71734 0.7591 -0.35546 0.545358 0.820681 0.219379 0.527594 0.172136 -0.716676 0.675829 0.190764 -0.706365 0.681658 0.592374 -0.680047 0.432006 0.520382 0.267408 0.810984 0.830904 0.0883789 0.549352 0.706247 0.093768 0.701729 0.647931 -0.162462 0.744172 0.379326 0.176644 0.908245 0.706347 -0.519521 0.480803 0.729344 0.279233 0.624569 0.368253 0.534519 0.76071 0.664614 0.156628 0.730586 0.457567 0.178523 0.87107 0.201149 0.601506 0.77313 0.584496 -0.377099 0.718444 0.261789 -0.656716 0.707241 0.205557 -0.594671 0.777247 0.769743 -0.235607 0.593283 0.244165 0.691812 0.679544 0.206281 -0.388683 0.897983 0.258266 -0.124446 0.958025 0.196875 -0.123567 0.972611 0.777431 -0.0214738 0.628602 0.48929 -0.567207 0.662473 0.344692 0.562944 0.751187 0.645038 -0.582952 0.494057 0.171676 -0.111605 0.978811 0.10924 -0.155968 0.981703 0.848404 -0.0246123 0.528778 0.129735 0.414247 0.900871 0.376576 0.0804075 0.922889 0.78435 -0.0878113 0.614072 0.091708 0.0871322 0.991967 0.485455 -0.0511114 0.872767 0.432459 0.091774 0.896971 0.413048 -0.43407 0.800609 0.296954 -0.447358 0.843617 0.646861 0.0700408 0.759385 0.302895 0.649436 0.697487 0.799867 -0.353316 0.485161 0.346975 -0.172743 0.921829 0.433166 0.152165 0.888377 0.868006 0.356636 -0.345509 0.270908 0.961911 -0.0365445 0.697127 0.711658 -0.0869381 0.0411953 0.994563 -0.0956394 0.860364 0.473474 -0.18867 0.817383 0.496193 -0.292707 0.426257 0.892769 -0.145838 -0.169078 0.983348 -0.0666283 0.81298 0.5595 -0.161318 0.860302 0.470625 -0.195938 0.701196 0.578785 -0.416331 0.725433 0.568639 -0.38781 0.734727 0.664053 -0.138599 0.116822 0.9816 -0.151041 0.526321 0.840799 -0.126659 0.434532 0.834136 -0.339705 0.720492 0.62866 -0.292708 0.637768 0.569495 -0.518583 0.690096 0.712225 -0.128464 0.623053 0.624229 -0.471321 -0.146499 0.985282 -0.0880739 0.573667 0.61685 -0.53889 0.620044 0.501483 -0.603374 -0.032102 0.987868 -0.151939 0.0822943 0.966187 -0.244356 0.552106 0.704453 -0.44601 0.649656 0.567923 -0.505382 0.552458 0.561329 -0.616198 0.290193 0.840023 -0.458421 -0.167208 0.981295 -0.0953992 0.583792 0.507765 -0.633531 0.520189 0.623138 -0.58404 0.608279 0.503108 -0.613905 0.385426 0.786282 -0.482915 0.150646 0.934107 -0.323651 0.565397 0.577832 -0.588588 0.525023 0.591773 -0.611683 -0.0639824 0.988543 -0.136707 0.592204 0.508776 -0.624853 0.562936 0.480248 -0.672655 0.501477 0.586548 -0.635989 -0.148841 0.983406 -0.103729 0.0128084 0.983744 -0.17912 0.44589 0.705415 -0.550973 -0.120909 0.991416 -0.0497561 0.524038 0.580739 -0.622998 0.513041 0.495633 -0.700812 0.499271 0.552198 -0.667686 -0.135887 0.9878 -0.0760586 -0.0871826 0.988888 -0.120414 -0.0795179 0.988422 -0.129223 0.487249 0.482394 -0.727931 0.478636 0.485968 -0.731261 0.481127 0.447724 -0.753698 0.478209 0.552573 -0.682627 0.457354 0.65035 -0.606524 0.117362 0.950675 -0.287128 0.603968 0.415428 -0.680178 -0.117334 0.993091 -0.00161207 -0.10172 0.987028 -0.12421 0.353437 0.794464 -0.493872 0.455149 0.431017 -0.779143 0.382988 0.560604 -0.734196 0.454993 0.553587 -0.697512 -0.0990878 0.994884 -0.0196606 0.548609 0.469731 -0.691651 0.43972 0.612715 -0.656678 0.515521 0.582548 -0.628392 -0.105849 0.994205 -0.0187863 0.407065 0.561772 -0.720215 0.491163 0.570554 -0.6582 0.417661 0.496419 -0.761004 0.0197686 0.992748 -0.11858 -0.0810493 0.989825 -0.116951 -0.0653478 0.995159 -0.0733991 0.457238 0.477835 -0.750072 0.479366 0.50591 -0.717121 0.369902 0.752624 -0.54473 0.451204 0.531708 -0.716729 0.403703 0.470615 -0.784567 -0.110125 0.99258 0.0515585 0.396573 0.574424 -0.716077 -0.0898506 0.995897 0.0107562 0.370829 0.485634 -0.791609 -0.0858946 0.986208 -0.141475 -0.0321789 0.993711 -0.107248 0.32045 0.510713 -0.7978 0.327405 0.516739 -0.791067 0.457362 0.400169 -0.794156 0.434316 0.454985 -0.777405 0.230266 0.883089 -0.408818 0.382761 0.531129 -0.755908 -0.0149079 0.992923 -0.117819 0.363931 0.695541 -0.619497 0.388292 0.419567 -0.820483 -0.0838702 0.995908 0.0336588 0.417659 0.443097 -0.793238 0.134088 0.947476 -0.29036 0.415217 0.580533 -0.700412 0.322917 0.484312 -0.813121 0.396884 0.498951 -0.770409 0.344212 0.494686 -0.798 0.440062 0.411713 -0.798021 0.500988 0.331024 -0.799646 0.463201 0.338403 -0.819102 0.579666 0.262551 -0.771398 -0.0872544 0.990302 -0.108117 -0.0309907 0.99388 -0.106031 -0.0181393 0.99772 -0.0650121 -0.0539404 0.987915 -0.14531 -0.06349 0.989779 -0.127697 -0.111867 0.992521 0.0488658 0.29415 0.679793 -0.671831 0.360576 0.556832 -0.74828 0.272481 0.594342 -0.756645 -0.0775209 0.99662 -0.0271757 0.538459 0.257032 -0.802494 0.501268 0.235421 -0.832651 0.615724 0.192072 -0.764194 0.127609 0.933334 -0.335564 0.455859 0.609098 -0.648993 -0.0532515 0.991487 -0.118815 0.000638296 0.995425 -0.0955446 -0.296445 -0.507956 -0.808766 -0.335994 -0.224802 -0.914643 -0.26873 0.508858 -0.817831 0.161537 0.595351 -0.78706 0.125245 0.910579 -0.393903 0.438056 0.527107 -0.728193 0.431044 0.564257 -0.704141 -0.0902972 0.994765 0.0478359 0.421237 0.48414 -0.766921 0.0217162 0.998634 -0.047518 -0.0066305 0.974797 -0.222993 0.231986 0.590276 -0.773147 0.323519 0.601228 -0.730657 -0.0234107 0.999546 -0.0189849 -0.0708159 0.993862 -0.0849924 -0.252772 -0.623413 -0.739908 -0.228905 -0.603053 -0.764153 -0.274765 0.151654 -0.949476 -0.300408 -0.453162 -0.839285 -0.106216 0.849837 -0.516232 -0.0340948 0.999413 0.00329513 0.117365 0.971951 0.203806 -0.167737 0.984508 0.0510646 -0.339805 -0.599889 -0.724339 -0.0529689 0.991292 -0.120563 0.177324 0.808969 -0.560469 0.275054 0.846389 0.456039 0.438056 0.573945 -0.691877 0.507931 0.551152 -0.661995 0.375759 0.432023 -0.819855 0.339069 0.577702 -0.742491 0.397071 0.577906 -0.712993 0.557942 0.125169 -0.820386 0.640389 0.047977 -0.766551 0.541641 0.0944044 -0.835292 0.736135 0.128742 -0.664477 0.415971 0.23658 -0.878065 0.885819 0.133806 -0.444321 -0.27056 -0.656772 -0.703881 -0.252879 0.143364 -0.956817 -0.289712 -0.479881 -0.828119 -0.331433 0.283714 -0.89981 0.318621 0.805015 -0.500431 -0.179452 0.758944 -0.625939 -0.0518777 0.993049 -0.105657 0.753381 0.587884 -0.294636 0.387022 0.588966 -0.70946 0.493942 0.59736 -0.631809 0.52464 0.0422263 -0.850276 0.291606 0.331179 -0.897378 0.264261 0.505927 -0.821099 0.0526742 0.981183 -0.185754 -0.0515025 0.989732 -0.133334 -0.297088 -0.273646 -0.914799 -0.165396 -0.548793 -0.819433 0.0157673 0.998385 -0.0545732 -0.269299 -0.520955 -0.80999 0.0139496 0.999525 -0.0274736 -0.18411 0.84376 -0.504156 -0.195817 -0.599543 -0.776018 0.689639 -0.255434 -0.677607 0.540332 0.0627941 -0.839105 0.235985 0.310428 -0.920839 0.166177 0.931058 0.324832 -0.418243 -0.633777 -0.650691 -0.0232664 0.994664 -0.100508 -0.295093 -0.167835 -0.940612 -0.391662 -0.573477 -0.719532 -0.125583 -0.499004 -0.857452 -0.161917 0.986431 0.0271443 0.0650127 0.991148 0.115755 0.352344 0.801642 -0.482932 0.362778 0.556318 -0.747598 -0.255693 -0.46042 -0.850079 0.229948 0.470663 -0.851822 0.890739 -0.443003 -0.10165 -0.129528 0.98941 0.0655 0.669566 0.149382 -0.727576 0.0390221 0.361078 -0.931719 0.173072 0.653131 -0.737202 -0.00559925 -0.160517 -0.987017 -0.338584 0.142493 -0.930084 -0.375399 -0.394923 -0.838517 0.197441 -0.243773 -0.949522 0.324771 -5.23861e-06 -0.945793 0.010128 0.998838 -0.0471279 -0.299157 -0.613479 -0.730855 0.00483268 0.999106 -0.0420096 0.292897 0.759778 0.580473 -0.0434478 0.999029 0.00730969 0.258705 0.259461 -0.930458 0.180255 0.974431 -0.134138 -0.296158 -0.605883 -0.738374 -0.279713 -0.349296 -0.894289 -0.285534 0.269586 -0.91967 0.175362 0.908945 0.378242 -0.0879083 0.988884 -0.119919 0.369243 -0.409761 -0.83412 0.631638 0.718243 -0.291822 0.0732827 0.171281 -0.982493 0.0264407 0.99916 -0.0312984 -0.0262678 0.999048 0.0348388 -0.201058 0.0636245 -0.977511 -0.417474 -0.453624 -0.787363 0.929939 0.0668958 0.361577 0.525938 -0.782658 -0.332921 0.6752 0.350037 -0.649291 0.224211 0.274327 -0.935133 0.837359 0.0642653 -0.542862 0.732168 -0.190101 -0.654058 0.416635 0.458186 -0.785163 -0.316526 0.659709 -0.681612 -0.596631 0.0612218 -0.800177 -0.442442 -0.285793 -0.85004 0.263291 0.869708 0.417476 -0.0840593 -0.164338 -0.982816 0.0549183 0.0173465 -0.99834 0.25401 0.809656 0.52909 -0.0943513 -0.853079 -0.513181 -0.526178 -0.57267 -0.628638 -0.00888467 0.190227 -0.9817 0.279045 0.506107 -0.816082 -0.304192 0.568343 -0.764495 0.308696 -0.0583849 -0.949367 -0.00595245 0.0332635 -0.999429 -0.109094 -0.204413 -0.972787 -0.284579 -0.221572 -0.932695 -0.0523428 0.884772 -0.463075 -0.804908 -0.114072 -0.582333 -0.592179 -0.260674 -0.762478 0.133683 0.981311 -0.138414 -0.18799 -0.235576 -0.953501 0.15503 0.429067 -0.889869 0.225216 0.949854 -0.216923 0.372376 0.593601 0.713424 0.0997256 0.00978677 -0.994967 -0.205438 0.236343 -0.949704 0.0398916 0.969549 -0.241625 0.0234773 -0.0640176 -0.997673 0.175624 0.818515 -0.546981 0.693618 -0.641832 0.327026 0.221605 -0.136802 -0.965493 0.202803 0.930657 -0.304545 0.332236 0.55518 -0.762492 -0.335671 0.19024 -0.922569 0.123302 0.898156 0.422034 0.602851 0.272932 0.749719 -0.616729 0.127446 -0.77679 -0.298025 0.00585035 -0.95454 0.831891 0.295855 -0.469496 0.129636 0.979392 0.154876 0.967893 -0.0316393 -0.249363 0.684304 -0.562195 -0.464396 0.532159 -0.443865 -0.720965 -0.0476199 -0.581539 -0.812123 0.28687 0.686471 0.66818 0.120464 0.795593 -0.593734 0.330134 -0.924391 0.191082 -0.731849 0.0486183 -0.67973 -0.216602 -0.973634 -0.0715603 -0.287592 0.749308 -0.596514 -0.0657771 0.99782 0.00531254 0.0864044 0.973841 0.210162 0.0447495 0.985552 0.163355 -0.752295 -0.586233 -0.300638 0.0249983 0.999661 -0.00734307 -0.1905 0.981332 0.0263998 -0.482876 0.652999 -0.583459 -0.135854 0.98571 0.0995997 -0.488881 -0.0240456 -0.872019 -0.37409 0.237231 -0.896537 0.386698 0.410691 0.82571 0.0166196 0.999037 -0.0406039 0.983075 -0.0264337 0.181288 0.497099 -0.864229 0.0774669 0.213276 0.793699 0.569697 -0.480077 -0.261348 -0.837391 0.267357 0.679358 -0.683369 -0.0405408 -0.999101 -0.0124044 0.612174 0.300799 -0.731275 0.347046 0.937448 0.0274072 0.334221 0.595334 0.730667 -0.465786 -0.0971847 -0.879545 -0.038677 0.992073 -0.119563 -0.533335 0.145842 -0.833237 0.155353 0.931193 0.329765 -0.407562 -0.0780517 -0.909836 -0.756119 -0.526732 -0.388378 -0.385545 -0.141161 -0.911827 -0.0843393 -0.353638 -0.931572 0.0122827 0.998183 -0.0589891 -0.524028 -0.127307 -0.842133 0.881492 -0.422067 -0.211733 0.00198243 0.999771 0.0213051 0.0193818 0.967763 0.251115 -0.151656 0.273619 -0.949807 0.468802 0.309589 -0.827272 0.555569 -0.377793 -0.740686 0.580325 0.280415 -0.764585 -0.120921 -0.409052 -0.904464 -0.149584 -0.046364 -0.987661 0.302677 0.588104 0.750013 -0.220157 -0.0758617 -0.97251 0.0963273 0.905121 0.414098 0.0315155 0.998885 -0.0351623 -0.351029 0.590134 -0.726994 0.348289 0.466773 0.812907 -0.122635 0.983776 -0.130938 0.309002 0.712438 -0.630039 0.0244522 0.999538 -0.018038 -0.0969714 -0.684596 -0.722444 -0.126882 0.99106 0.0412478 -0.0652179 0.973657 0.21849 0.185469 0.901899 0.390101 0.159527 0.794738 0.585613 0.204748 0.850601 0.48431 0.0195006 0.999719 -0.0134478 -0.110642 -0.086474 -0.990091 0.549811 -0.142375 -0.823065 -0.0335864 0.998919 0.032137 0.246671 0.699702 0.6705 0.345323 0.441308 0.828251 -0.0808069 0.988012 -0.131539 -0.00680998 0.997155 -0.0750744 0.0418217 0.99884 -0.0238804 0.0731747 0.997319 0.000814915 0.234808 0.733816 0.637478 -0.107179 0.984957 0.135545 0.0560887 0.943428 0.326798 0.377482 0.170239 0.910234 0.266602 0.794359 0.545818 0.348521 0.35706 0.866626 0.321439 0.498644 0.805004 0.184545 0.888186 0.420795 0.286488 0.615608 0.734133 -0.0571973 0.970554 0.233997 -0.117791 0.988913 -0.0904255 -0.0636835 0.996305 -0.0576241 0.399566 0.181564 0.898544 0.0607487 0.998153 -0.000730548 -0.0288335 0.994537 0.100323 0.0391947 0.998523 -0.0376316 0.357792 0.307117 0.881853 0.280569 0.79053 0.544375 -0.00531016 0.940656 0.339319 0.157583 0.892068 0.423535 0.348984 0.457026 0.81813 0.427378 0.229527 0.874451 0.00225838 0.969119 0.246584 0.438039 0.00317911 0.89895 0.433492 0.0997104 0.895624 0.0129449 0.993005 0.117357 0.317397 0.676733 0.664298 0.349714 0.554306 0.755278 0.0573418 0.90426 0.423114 0.00648514 0.99907 -0.0426225 0.390559 0.39533 0.831371 0.0526398 0.998501 0.0149647 0.459653 -0.000467201 0.888099 0.044067 0.998134 -0.0422617 0.100937 0.914484 0.391831 0.0509931 0.998643 0.0105614 0.0179036 0.996259 0.0845424 0.389255 0.438245 0.810199 0.369964 0.541167 0.755159 0.226863 0.773518 0.591779 0.328235 0.668204 0.667657 0.113579 0.980679 0.159276 0.0869116 0.965386 0.245918 0.464456 -0.0410407 0.884645 0.0719503 0.995872 0.0553329 0.161725 0.831378 0.531654 0.423049 0.320718 0.847449 -0.102682 0.99382 -0.0421683 0.0620189 0.998075 0.000510094 0.446227 0.0655603 0.892515 0.438059 0.182266 0.880275 0.342775 0.602672 0.720619 0.0022437 0.999997 -2.43662e-06 0.484001 0.0334293 0.874429 -0.0451598 0.998184 -0.0398772 0.564741 0.562384 0.60398 0.400838 0.426129 0.811014 0.506101 0.172998 0.844946 0.198154 0.888904 0.413018 0.435997 0.248463 0.86497 0.0461221 0.997794 0.0477529 0.419333 0.372776 0.827767 -0.128232 0.991708 0.00848711 0.172606 0.940877 0.291477 0.38325 0.915256 0.124205 0.0626037 0.99787 0.0183631 0.392271 0.426638 0.814925 -0.0808296 0.996719 -0.00433548 0.525647 0.475003 0.705739 0.443059 0.100749 0.890813 0.0891652 0.993389 0.0722995 0.0542496 0.996971 0.0557345 0.0600464 0.997735 0.0303103 0.107929 0.987138 0.117941 0.302191 0.728411 0.614897 0.280984 0.685722 0.671442 0.505782 0.275339 0.817541 0.40097 0.864354 0.303506 0.279332 0.854714 0.437535 0.533051 0.634505 0.559697 0.44442 0.126601 0.886828 0.420881 0.2405 0.874654 0.21856 0.932719 0.286823 -0.0380536 0.99853 0.0385956 0.396839 0.516361 0.758874 0.16561 0.961932 0.217395 0.355778 0.934565 0.00312085 0.20129 0.979531 -0.00102675 0.473184 0.195692 0.858954 0.0916306 0.990295 0.104499 0.184277 0.975999 -0.116054 0.335601 0.940287 0.0568571 0.337273 0.941335 -0.0116663 0.545993 0.250732 0.79939 -0.0745038 0.994893 0.0680931 0.307468 0.850847 0.426055 0.446569 0.329885 0.831717 0.0560797 0.995644 0.0744905 -0.160723 0.985396 0.0562447 0.236697 0.918975 0.315372 0.373169 0.733904 0.567565 0.44932 0.602992 0.659176 0.553498 0.298623 0.777473 0.314012 0.930447 -0.188854 0.696378 0.52278 0.491689 0.500474 0.86567 0.0119167 0.229475 0.962838 -0.142423 0.511695 0.452772 0.730182 0.290471 0.909445 -0.297551 0.0069152 0.997728 0.0670123 0.634459 0.51295 0.578226 0.131917 0.975833 0.174207 0.26713 0.941041 -0.207568 0.415583 0.736992 0.533042 0.322577 0.896799 -0.302814 0.179819 0.952326 0.246456 0.359844 0.824809 0.436122 0.723915 0.671302 -0.159064 0.806665 0.58744 -0.064855 0.490918 0.669795 0.557112 0.577145 0.662933 0.476889 -0.0763166 0.989092 0.125989 -0.0341452 0.992015 0.121408 0.530322 0.578157 0.620075 0.153422 0.96939 0.191691 0.732251 0.680477 -0.0275581 -0.128113 0.987577 0.0909855 0.345731 0.847194 0.403402 0.24168 0.932745 -0.267539 0.353428 0.892905 -0.278942 0.101779 0.984085 0.145666 0.2873 0.908236 -0.304247 0.456385 0.805104 -0.378842 0.615077 0.778805 0.123054 0.251249 0.928876 -0.272146 0.306294 0.926353 -0.219215 0.322154 0.861872 0.391654 0.546441 0.729815 0.410818 0.0313507 0.992473 0.118381 0.191766 0.952289 0.237429 0.286135 0.916976 -0.277997 0.387622 0.881291 -0.270323 0.439218 0.761626 0.476459 0.504524 0.862482 0.0397491 0.676858 0.587639 -0.443331 0.656467 0.660095 -0.365138 0.247585 0.920743 0.301554 0.451848 0.859569 -0.238694 0.518921 0.827229 -0.215437 -0.137886 0.980269 0.141631 0.282304 0.943149 -0.175426 0.314043 0.936969 -0.153184 0.476066 0.869743 0.13003 0.419488 0.809407 0.410962 0.471117 0.782133 0.40782 0.104461 0.981293 0.161718 0.361058 0.919665 -0.154448 0.447433 0.841836 0.301854 0.264746 0.931808 -0.24828 0.73635 0.623774 -0.262096 0.329861 0.939373 0.0936469 0.37984 0.923346 -0.0561588 0.153669 0.963136 0.220804 -0.204077 0.961421 0.18445 0.591125 0.786113 -0.180548 0.388225 0.920676 0.0404601 0.379695 0.893032 0.241506 0.668248 0.701279 -0.248299 0.308223 0.949482 -0.0590156 0.241341 0.932184 0.269792 0.634801 0.759429 0.142465 0.32173 0.893238 0.31403 0.69723 0.709455 0.102685 0.374438 0.854941 0.358989 0.430996 0.79932 0.418724 -0.279554 0.930021 0.238558 0.491911 0.859723 0.137473 0.315303 0.846807 0.428372 0.00912466 0.981385 0.191833 0.321877 0.946362 0.0281841 -0.0989853 0.976166 0.193138 0.282226 0.858968 0.427227 0.352186 0.934898 0.0439417 -0.157864 0.960332 0.229872 -0.0663851 0.979041 0.19254 0.116905 0.969111 0.217158 0.484353 0.784403 0.387445 0.451488 0.799501 0.396179 0.305664 0.949485 0.071054 0.388539 0.731999 0.559656 0.159227 0.958522 0.236393 0.499834 0.745907 0.440215 0.28315 0.710823 0.643861 0.308953 0.752174 0.582049 0.483584 0.782635 0.391955 0.443383 0.772206 0.455094 0.299236 0.940982 0.158146 0.0767841 0.967505 0.240911 -0.345686 0.890887 0.294654 0.473985 0.701813 0.531787 0.155036 0.725043 0.671026 -0.223263 0.931964 0.285652 0.287388 0.824059 0.488196 0.358441 0.9111 0.203514 0.291857 0.911666 0.289282 0.245922 0.683223 0.687553 0.361572 0.906992 0.215943 0.398459 0.900461 0.174359 0.546508 0.718089 0.430903 -0.295196 0.901655 0.316034 0.405771 0.853015 0.328201 0.506366 0.77603 0.375994 0.393487 0.757639 0.520721 0.267901 0.87104 0.411726 -0.021816 0.969018 0.246026 0.310076 0.899838 0.306832 0.186247 0.955526 0.228651 0.476901 0.805505 0.35175 -0.0856858 0.961639 0.260591 0.573625 0.702752 0.420826 0.31753 0.922487 0.219527 0.231444 0.93638 0.263868 -0.265164 0.909735 0.319484 0.449965 0.862514 0.23152 0.28876 0.933156 0.214096 0.313876 0.93784 0.148119 0.254768 0.921906 0.29186 0.319232 0.87969 0.352472 0.271014 0.931693 0.241867 0.5185 0.793341 0.319011 0.50886 0.816093 0.27396 0.0796449 0.971094 0.225018 0.150758 0.96458 0.216464 0.392948 0.87419 0.285278 0.480848 0.782777 0.395026 -0.174857 0.940792 0.290407 0.470307 0.812865 0.343602 -0.331577 0.871881 0.360388 -0.312379 0.874744 0.370463 0.353867 0.843897 0.403257 0.480837 0.865252 0.141896 0.301251 0.905909 0.297617 0.31674 0.940747 0.121126 0.0615447 0.957146 0.282991 0.327031 0.88227 0.338601 0.281322 0.905432 0.317884 -0.357131 0.831704 0.425118 -0.255998 0.90872 0.329685 -0.11542 0.936747 0.330429 0.310171 0.922621 0.229268 0.329267 0.898258 0.291059 0.35966 0.834677 0.417085 0.407686 0.899316 0.158188 0.187184 0.927614 0.323255 0.29459 0.873245 0.388149 -0.0440349 0.943962 0.327102 0.363825 0.906245 0.215292 0.422221 0.876574 0.230971 0.331948 0.816276 0.472763 -0.200641 0.900545 0.385696 0.294922 0.885147 0.35991 0.424485 0.841578 0.334005 0.378932 0.835886 0.397122 -0.359388 0.831777 0.423069 0.337038 0.840436 0.42435 0.355431 0.850085 0.388619 -0.279265 0.879643 0.385019 0.0816286 0.928453 0.362371 0.319862 0.857317 0.403356 0.332316 0.855633 0.396811 0.356575 0.88278 0.305865 0.361593 0.889368 0.279776 0.43099 0.725549 0.536495 0.395447 0.857953 0.327929 0.481232 0.574027 0.662503 0.390027 0.836591 0.384701 0.397622 0.835161 0.380004 0.347906 0.731939 0.585855 0.360785 0.804384 0.472017 0.223172 0.888822 0.400237 -0.341028 0.823291 0.453753 -0.0814904 0.907771 0.411474 0.374682 0.745756 0.550873 0.405891 0.623899 0.667834 0.371796 0.868807 0.32702 0.367021 0.871359 0.325621 0.475782 0.739967 0.475479 0.399587 0.825354 0.398901 0.381496 0.856199 0.348402 0.0234803 0.9115 0.410629 0.131455 0.885423 0.445809 0.528087 0.470068 0.70722 -0.176376 0.880963 0.439085 0.534297 0.625163 0.568945 0.269395 0.865681 0.421928 0.352434 0.858827 0.37176 0.00919938 0.85974 0.510649 0.161275 0.866689 0.472059 0.363585 0.860949 0.355771 0.383655 0.839488 0.384796 -0.113684 0.869018 0.481544 0.380569 0.859772 0.340528 0.377662 0.839743 0.390133 0.44434 0.818478 0.364219 0.554637 0.744535 0.371545 0.691241 0.453816 0.562349 0.354177 0.861214 0.364513 0.704652 0.581998 0.405887 0.389858 0.84583 0.364118 0.560796 0.746739 0.357614 0.399373 0.839048 0.369458 0.352488 0.857655 0.374406 0.334806 0.861227 0.382352 0.33323 0.861704 0.382655 0.219556 0.854325 0.471089 0.39311 0.852675 0.344107 0.457047 0.78772 0.413043 -0.719277 -0.467881 -0.513545 -0.674362 -0.558569 -0.482945 -0.756557 -0.391137 -0.524054 -0.618167 -0.650676 -0.44101 -0.442921 -0.821865 -0.358273 -0.717495 -0.47558 -0.508944 -0.359933 -0.885323 -0.294366 -0.742742 -0.422695 -0.519291 -0.665674 -0.577892 -0.472143 -0.550696 -0.728467 -0.407516 -0.471332 -0.804767 -0.360827 -0.597652 -0.674486 -0.433452 -0.513145 -0.775831 -0.367109 -0.437489 -0.836323 -0.330406 -0.573641 -0.713339 -0.402595 -0.638556 -0.626275 -0.447242 -0.699947 -0.52361 -0.485703 -0.254253 -0.938853 -0.232186 -0.792438 -0.309253 -0.525742 -0.345077 -0.897094 -0.275944 -0.802825 -0.287842 -0.522129 -0.225005 -0.954189 -0.197221 -0.75456 -0.382727 -0.533066 -0.530291 -0.764343 -0.366839 -0.730496 -0.466917 -0.498362 -0.826535 -0.233043 -0.512377 -0.372156 -0.883109 -0.285689 -0.23573 -0.948467 -0.21176 -0.808156 -0.259963 -0.528491 -0.854306 -0.154849 -0.496169 -0.670557 -0.582635 -0.459228 -0.0912274 -0.990769 -0.100276 -0.778779 -0.326156 -0.535841 -0.095286 -0.986149 -0.135763 -0.599126 -0.684403 -0.415501 -0.769939 -0.404774 -0.493307 -0.797711 -0.284294 -0.531822 -0.560243 -0.736483 -0.379106 -0.460829 -0.825652 -0.325476 -0.391057 -0.877338 -0.278124 0.0106534 -0.997179 -0.0743028 -0.66112 -0.611786 -0.434325 -0.724865 -0.508396 -0.46487 -0.264431 -0.938797 -0.220764 -0.814124 -0.234304 -0.531322 -0.838555 -0.185918 -0.512113 -0.489731 -0.80715 -0.329655 -0.140056 -0.976945 -0.161132 -0.844569 -0.132889 -0.518694 0.0600959 -0.997568 -0.0353125 -0.693142 -0.585896 -0.419857 -0.357063 -0.902115 -0.24227 -0.616103 -0.687049 -0.385202 -0.804881 -0.293679 -0.515673 -0.0511733 -0.992372 -0.112159 -0.742984 -0.501792 -0.442921 -0.562356 -0.752317 -0.343183 -0.829624 -0.192343 -0.524146 0.0092683 -0.996419 -0.0840422 -0.242254 -0.948377 -0.204681 -0.83743 -0.161192 -0.522233 0.0677307 -0.995889 -0.0601418 0.066103 -0.996296 -0.0550034 -0.774132 -0.43015 -0.464425 -0.846096 -0.12283 -0.518685 -0.473026 -0.828929 -0.298534 -0.824426 -0.230392 -0.516954 -0.633887 -0.681489 -0.365732 -0.710688 -0.583386 -0.39317 -0.8518 -0.0425704 -0.522135 -0.810639 -0.361689 -0.460483 -0.855982 -0.0865287 -0.509713 -0.542706 -0.778189 -0.316056 -0.755373 -0.517158 -0.402442 -0.852523 -0.158852 -0.497966 -0.423157 -0.8709 -0.249944 -0.240106 -0.953013 -0.184706 -0.113412 -0.985917 -0.122904 -0.0393583 -0.996107 -0.0788732 -0.589718 -0.744249 -0.31357 -0.335861 -0.926333 -0.170601 -0.786897 -0.4586 -0.412892 -0.846624 -0.253671 -0.467845 -0.209025 -0.969956 -0.124472 -0.655396 -0.67589 -0.337089 -0.862999 -0.0111057 -0.505083 -0.494051 -0.824768 -0.275085 -0.132382 -0.986837 -0.0928836 -0.862497 -0.116425 -0.492487 -0.866134 -0.0655941 -0.495489 0.0550344 -0.995111 -0.0820078 -0.395936 -0.895968 -0.201188 0.0844761 -0.993063 -0.0817868 0.0629648 -0.997103 -0.0426676 -0.858123 -0.165818 -0.485931 -0.870218 -0.122104 -0.477296 -0.841975 -0.330059 -0.426777 -0.253836 -0.958389 -0.130603 0.0416539 -0.998306 -0.0406268 0.0118134 -0.99767 -0.0671892 -0.712895 -0.619275 -0.329059 -0.857041 -0.225927 -0.463075 -0.753855 -0.563927 -0.337177 -0.805566 -0.432804 -0.404653 -0.513169 -0.822821 -0.24418 -0.447661 -0.875753 -0.180713 -0.852823 -0.237009 -0.465316 -0.870347 0.00165677 -0.492436 0.108826 -0.992132 -0.0618918 -0.64691 -0.710613 -0.276653 -0.784979 -0.513709 -0.346282 -0.0408123 -0.997691 -0.0542851 0.0365978 -0.997854 -0.0542924 0.0530491 -0.995498 -0.0785408 -0.591413 -0.766564 -0.250219 0.0949301 -0.994702 -0.0394587 0.0109063 -0.99902 -0.0428887 -0.830393 -0.42687 -0.358091 -0.876076 -0.0449608 -0.480072 -0.328733 -0.935828 -0.127124 0.0689653 -0.996942 -0.0367547 -0.867908 -0.183198 -0.461708 -0.902692 -0.100274 -0.418441 0.0945959 -0.994149 -0.052154 -0.71193 -0.65431 -0.255019 -0.326229 -0.938348 -0.11436 -0.145337 -0.986727 -0.0724335 -0.209231 -0.973734 -0.0898018 -0.872879 -0.252418 -0.417574 -0.0696171 -0.995698 -0.0611516 -0.86605 -0.315954 -0.387466 -0.617274 -0.762014 -0.195722 0.098439 -0.994582 -0.0334002 -0.78521 -0.571865 -0.237522 -0.555015 -0.814881 -0.167118 -0.885147 0.0224864 -0.464768 -0.431289 -0.893848 -0.122579 0.0589177 -0.997845 -0.028879 0.111076 -0.993754 -0.0107106 -0.739017 -0.654671 -0.158934 -0.654502 -0.734415 -0.179615 -0.908158 -0.176079 -0.379796 -0.282763 -0.955426 -0.0848877 -0.131804 -0.989772 -0.0545754 0.0309406 -0.998675 -0.0411255 -0.886542 -0.36694 -0.281777 -0.912703 -0.267099 -0.309244 0.150539 -0.988323 0.0235557 -0.83706 -0.482095 -0.258679 -0.905781 -0.0265145 -0.422915 -0.543864 -0.829705 -0.125702 -0.613812 -0.780013 -0.121714 0.102543 -0.994606 -0.0156033 -0.400271 -0.912035 -0.0893053 -0.188066 -0.980675 -0.0539286 0.17233 -0.98446 0.0337834 -0.941211 -0.00382538 -0.337798 -0.111792 -0.992879 -0.041146 0.0990687 -0.995069 -0.00479848 -0.869618 -0.462595 -0.17254 -0.940977 -0.0773322 -0.329519 -0.0009831 -0.999541 -0.0302663 0.0845877 -0.996254 -0.0179661 -0.951541 0.0391383 -0.305022 -0.780669 -0.610934 -0.131592 -0.943157 -0.167703 -0.286933 -0.522576 -0.843323 -0.12538 -0.703642 -0.705915 -0.0810645 -0.822685 -0.554735 -0.12433 -0.387774 -0.920827 -0.041328 -0.961895 -0.0504803 -0.26872 0.0417087 -0.998681 -0.0299401 -0.910863 -0.371256 -0.180271 -0.594619 -0.800317 -0.076951 -0.938941 -0.269239 -0.214244 0.0748438 -0.997193 -0.00202863 -0.288604 -0.957163 -0.023384 -0.959016 0.0892675 -0.268922 0.153933 -0.987947 0.0163049 0.145547 -0.989346 -0.00337015 -0.935615 -0.323233 -0.141935 -0.193956 -0.980708 -0.0243364 -0.791113 -0.610426 -0.0390052 -0.0558419 -0.99837 -0.0118231 -0.97314 0.0304976 -0.228186 -0.494833 -0.864976 -0.0834088 -0.1227 -0.992031 -0.0286322 -0.958792 -0.232795 -0.162865 0.130599 -0.99124 0.0196849 0.0342602 -0.99941 0.0022859 -0.967586 -0.161787 -0.193914 -0.892897 -0.439296 -0.0987677 0.121292 -0.992049 -0.0335587 -0.00675623 -0.999973 -0.00297598 -0.844299 -0.533951 -0.0453252 -0.985033 -0.0616896 -0.160948 -0.631604 -0.775254 -0.00758017 0.0873199 -0.995995 0.0191997 0.0944176 -0.994766 0.0390639 0.120914 -0.992542 0.015494 0.128209 -0.991738 -0.00421394 0.150233 -0.987227 0.0530433 -0.541091 -0.840758 -0.0186071 -0.170224 -0.985403 -0.00235139 0.126209 -0.991059 0.0432873 -0.979563 -0.178399 -0.0928971 -0.652686 -0.756335 0.0442584 -0.730531 -0.682878 0.00119083 -0.459544 -0.887036 0.0445683 -0.987906 0.00746948 -0.154871 -0.377477 -0.925908 0.0143309 0.100691 -0.994444 0.0306949 -0.954265 -0.286329 -0.0859898 -0.931587 -0.35855 -0.0598943 -0.241178 -0.970025 0.0297493 -0.987423 0.0632 -0.144918 -0.969011 -0.242606 -0.0464837 0.141024 -0.989604 0.0282089 -0.9976 -0.0282133 -0.0632321 -0.12011 -0.991902 0.0412883 -0.764527 -0.64318 0.0426355 -0.879876 -0.475161 0.00639546 -0.987302 -0.118008 -0.10634 -0.558152 -0.828526 0.0448444 -0.911004 -0.412184 -0.0132624 0.0271569 -0.998839 0.0397847 0.0461063 -0.998186 0.0387213 0.0178536 -0.9996 0.0219188 -0.809613 -0.58532 0.0439098 0.243247 -0.956095 0.16344 -0.718201 -0.690863 0.083043 -0.0511508 -0.997862 0.0406906 -0.346748 -0.934696 0.0781635 0.0681835 -0.996822 0.0411977 -0.993024 -0.109501 -0.0437324 -0.24948 -0.965731 0.0715726 -0.988591 0.149208 -0.0206013 -0.94838 -0.316301 -0.0229799 -0.984256 -0.176614 -0.0069202 -0.997192 0.0486171 -0.056969 -0.937483 -0.342426 0.0622021 -0.849863 -0.523316 0.0622352 -0.549759 -0.829697 0.0967839 0.308779 -0.906891 0.286713 -0.659419 -0.741284 0.125155 0.138327 -0.985668 0.0965659 0.165366 -0.978737 0.121357 -0.870447 -0.480489 0.107013 -0.896314 -0.439608 0.0580084 -0.450376 -0.882379 0.13627 -0.0165055 -0.996984 0.0758257 -0.179347 -0.980718 0.0776371 0.155583 -0.984413 0.0820107 0.0567866 -0.994332 0.089885 -0.96406 -0.26216 0.0431217 0.0170453 -0.996147 0.0860246 0.0890992 -0.992054 0.0888291 -0.983098 -0.166065 0.0770826 -0.992607 0.0955736 0.074812 -0.705877 -0.696393 0.129517 -0.998065 0.0119504 0.0610265 -0.097079 -0.992774 0.0705328 -0.814484 -0.557605 0.160292 0.253946 -0.941298 0.22242 -0.983524 0.158064 0.0877315 -0.771004 -0.622206 0.135693 -0.99562 -0.0662917 0.0659275 -0.258048 -0.95595 0.139894 -0.892311 -0.422552 0.158843 0.418636 -0.812504 0.405686 -0.572035 -0.807011 0.146661 0.175137 -0.971006 0.162709 -0.927072 -0.339771 0.158408 -0.960749 -0.249224 0.121859 -0.990378 0.05427 0.127301 -0.967627 0.22038 0.123006 -0.0676489 -0.987629 0.141469 -0.390611 -0.901579 0.185954 -0.839136 -0.500147 0.213783 0.34863 -0.883007 0.314255 -0.70878 -0.684232 0.171631 -0.00683005 -0.991405 0.130654 -0.855883 -0.445305 0.262997 -0.650063 -0.735334 0.191577 -0.97583 0.121156 0.181871 -0.982507 -0.006939 0.186098 -0.784549 -0.56082 0.264506 -0.176861 -0.974298 0.139511 0.254864 -0.934597 0.248139 -0.737015 -0.64343 0.206901 0.102123 -0.98464 0.141617 -0.980186 -0.0716655 0.184661 -0.952759 0.207166 0.222108 -0.0987326 -0.98092 0.167473 -0.55129 -0.799027 0.240072 -0.949692 -0.23489 0.207153 -0.455807 -0.867239 0.200342 -0.972615 -0.141289 0.184547 -0.913833 -0.325769 0.242453 0.0560512 -0.987072 0.150156 -0.880852 -0.413222 0.230973 -0.276786 -0.934953 0.221927 -0.977014 0.0494985 0.207347 -0.406276 -0.882459 0.23708 -0.67288 -0.691004 0.264093 -0.613907 -0.74359 0.264939 0.159307 -0.967837 0.194714 -0.738907 -0.609274 0.287754 -0.949507 0.0902748 0.300478 -0.0220376 -0.986526 0.162117 -0.813894 -0.499817 0.296243 -0.934857 -0.172037 0.310557 -0.170003 -0.966113 0.19423 -0.934776 0.162626 0.315826 -0.925589 0.24283 0.290376 -0.393423 -0.877927 0.272879 -0.952365 -0.0839425 0.293179 -0.959702 -0.0101852 0.280836 -0.923873 -0.244582 0.294344 -0.46755 -0.833893 0.293292 0.364404 -0.866671 0.340721 -0.33475 -0.892733 0.301614 -0.844409 -0.442488 0.301956 0.107795 -0.979911 0.167795 -0.100431 -0.972604 0.209654 0.041701 -0.983258 0.177381 -0.880202 -0.353403 0.31678 -0.544345 -0.772399 0.327243 -0.208484 -0.943096 0.259043 -0.884827 -0.268781 0.380575 -0.934891 -0.137529 0.327206 -0.930113 -0.106132 0.351604 0.00482322 -0.979549 0.20115 -0.912586 0.237102 0.33312 -0.77343 -0.539016 0.333567 -0.929968 0.0198043 0.367106 -0.926609 -0.161953 0.339362 0.244092 -0.932057 0.267748 -0.462455 -0.825112 0.32454 -0.817107 -0.473447 0.328913 -0.599902 -0.73011 0.327195 -0.859356 -0.376748 0.345786 -0.0631053 -0.975781 0.209448 -0.921033 0.131313 0.366681 -0.855513 -0.41816 0.305351 0.115186 -0.96957 0.216023 -0.15733 -0.946095 0.28311 -0.784682 -0.482163 0.389606 -0.853267 -0.371025 0.366438 0.381945 -0.869302 0.313739 -0.672504 -0.630119 0.388187 -0.904763 -0.0661292 0.42075 -0.475377 -0.800615 0.364736 -0.818225 -0.396147 0.416625 -0.259489 -0.908926 0.326371 -0.916338 -0.102258 0.387128 -0.59519 -0.683926 0.421893 -0.383506 -0.849107 0.363235 -0.836673 -0.404266 0.369522 -0.064829 -0.966669 0.247686 -0.886149 0.265996 0.379456 -0.864052 0.324306 0.38502 0.0672644 -0.972274 0.22396 -0.867373 -0.27616 0.414005 -0.901439 0.194457 0.386774 -0.730294 -0.514521 0.449376 -0.694178 -0.57096 0.438317 -0.135326 -0.946467 0.293065 -0.871111 -0.208369 0.444688 -0.416823 -0.80575 0.420743 0.168129 -0.953682 0.249447 -0.858831 -0.264241 0.438847 -0.902064 0.0392724 0.429812 -0.80401 -0.38815 0.450453 -0.333845 -0.86105 0.38359 -0.245211 -0.904188 0.349736 -0.58148 -0.661026 0.474264 -0.00547648 -0.970465 0.241181 -0.892557 0.1516 0.424687 -0.49669 -0.754457 0.429061 -0.863667 -0.134625 0.485752 -0.907111 0.101126 0.408563 -0.852974 0.241049 0.462959 -0.820208 0.331304 0.466365 -0.74778 -0.420159 0.514094 -0.811048 -0.354636 0.465226 -0.635115 -0.601592 0.484475 -0.770636 -0.389232 0.504598 -0.860929 0.102965 0.498196 -0.0699611 -0.945888 0.316861 -0.865924 -0.0130594 0.500006 -0.71594 -0.397345 0.574062 -0.170405 -0.926775 0.33474 -0.842476 0.139934 0.520243 -0.678571 -0.487813 0.549162 -0.489239 -0.722402 0.488651 -0.8203 0.312528 0.478993 0.033819 -0.957583 0.286165 -0.783407 0.383053 0.489432 0.123371 -0.95334 0.275541 -0.824862 -0.197965 0.529539 -0.551117 -0.688155 0.471924 -0.764344 -0.300723 0.57039 -0.365311 -0.821073 0.43862 -0.839948 0.194391 0.506656 -0.78999 0.27064 0.550155 -0.680312 -0.417012 0.602724 -0.739845 0.35094 0.573995 -0.80437 -0.0671492 0.590322 -0.729444 -0.370386 0.575088 -0.287237 -0.8665 0.408255 -0.642245 -0.523325 0.560047 -0.815286 0.063064 0.575614 -0.614996 -0.557157 0.557992 -0.795569 -0.15715 0.585127 -0.0288798 -0.926503 0.375177 0.0636128 -0.925065 0.374445 -0.0716526 -0.92817 0.365195 -0.817652 0.119799 0.56311 -0.80263 0.0126793 0.596343 -0.157957 -0.917148 0.365908 -0.648832 -0.468319 0.599745 -0.775535 -0.0979177 0.623664 -0.286529 -0.818697 0.497631 -0.215772 -0.867506 0.448192 -0.787293 0.197263 0.584172 -0.660648 -0.445419 0.604273 -0.693489 -0.358101 0.625169 -0.761537 -0.198326 0.617031 -0.723576 -0.277476 0.632017 -0.37629 -0.783269 0.49487 -0.780269 -0.0399991 0.624164 -0.780717 0.0360044 0.623846 -0.548076 -0.644518 0.533113 -0.752876 -0.108147 0.649216 -0.774688 0.0728194 0.628137 -0.668119 -0.399758 0.627543 -0.0797404 -0.892396 0.444152 -0.662592 -0.400561 0.632869 -0.455121 -0.721134 0.522332 -0.204364 -0.820925 0.533215 -0.683591 -0.349183 0.640918 -0.506919 -0.632311 0.585846 -0.589427 -0.528787 0.610705 -0.644582 -0.401648 0.650533 -0.638398 -0.432805 0.636497 -0.7398 -0.168405 0.651411 -0.754822 -0.0105637 0.655845 -0.302171 -0.768722 0.563702 -0.735632 0.00606476 0.677354 -0.71343 -0.224195 0.663893 -0.403622 -0.699911 0.589248 -0.640039 -0.373927 0.671214 -0.721227 -0.124367 0.681443 -0.314822 -0.735258 0.600236 -0.262086 -0.760233 0.594439 -0.446707 -0.599554 0.664069 -0.542845 -0.51796 0.661088 -0.670004 -0.31327 0.67302 -0.601883 -0.416024 0.681661 -0.658985 -0.225612 0.717522 -0.597165 -0.342168 0.725476 0.5024 -0.731949 0.460266 0.448786 -0.806667 0.384551 0.457501 -0.812042 0.362327 0.522871 -0.696067 0.492033 0.513685 -0.733253 0.445496 0.43603 -0.834044 0.338007 0.589537 -0.68938 0.420953 0.579629 -0.736881 0.347902 0.413274 -0.862643 0.291638 0.49762 -0.79244 0.352722 0.606848 -0.736263 0.299422 0.452923 -0.834216 0.314553 0.511282 -0.826641 0.235065 0.39216 -0.860581 0.324979 0.451703 -0.817751 0.356718 0.228047 -0.928109 0.294293 0.466296 -0.815518 0.342779 0.309748 -0.940499 0.139707 0.411565 -0.895562 0.169068 -0.427566 0.773991 0.467039 0.597017 -0.755332 0.270268 0.589039 -0.784211 0.195057 0.555712 -0.802944 0.215556 0.295691 -0.891656 0.342807 0.427988 -0.824072 0.371122 -0.60348 0.574008 0.553468 0.503162 -0.800736 0.32504 0.469262 -0.857647 0.210321 0.44374 -0.811545 0.380118 0.418224 -0.896293 0.147473 0.35051 -0.921996 0.16452 0.16663 -0.917117 0.36212 0.397674 -0.833738 0.383063 -0.731604 0.401289 0.551111 -0.393768 0.7901 0.469776 -0.686138 0.46582 0.558773 -0.507911 0.658196 0.555702 -0.46258 0.713773 0.525879 0.286939 -0.868775 0.403603 -0.373915 0.802899 0.464264 0.386044 -0.867967 0.312414 0.472764 -0.834093 0.284223 0.385621 -0.852695 0.35243 -0.566542 0.60459 0.559911 -0.27561 0.839468 0.468329 0.440249 -0.834981 0.330134 0.403879 -0.882284 0.241779 0.373851 -0.892619 0.251925 0.353531 -0.826934 0.437259 0.408612 -0.815395 0.410083 -0.611932 0.532918 0.584412 -0.643705 0.517129 0.564111 0.414656 -0.828283 0.376839 -0.729331 0.256625 0.634208 -0.663676 0.461781 0.588466 -0.796526 0.117626 0.593051 -0.562464 0.549703 0.617625 -0.000770484 -0.892591 0.450867 -0.384214 0.767715 0.512828 0.401146 -0.861346 0.311714 -0.200395 0.817824 0.539449 -0.717032 0.328649 0.614699 0.413563 -0.856212 0.309622 0.116907 -0.886284 0.448144 0.226401 -0.86658 0.444726 -0.553619 0.612411 0.564321 0.378503 -0.851584 0.362685 -0.69077 0.380165 0.615071 0.395385 -0.863231 0.313851 0.407598 -0.84197 0.353483 -0.486484 0.672455 0.557796 -0.317122 0.778557 0.541556 -0.730473 0.155406 0.665025 -0.43438 0.713412 0.54987 -0.491058 0.657596 0.57134 0.385971 -0.853629 0.349778 -0.123426 0.825345 0.550974 0.466433 0.549996 0.692781 -0.0809256 -0.844876 0.528805 -0.699638 0.273165 0.660218 -0.639367 0.449069 0.624137 -0.241715 0.778861 0.578748 -0.703397 0.188032 0.685475 0.0930055 -0.81797 0.567693 0.276465 -0.823985 0.494587 0.315379 0.84722 0.427498 0.412286 -0.838736 0.355727 -0.725602 0.0716067 0.684379 0.847331 0.0974172 0.522054 0.822238 0.381562 0.422297 0.390022 -0.856233 0.338745 -0.371071 0.725598 0.579495 0.491941 -0.765301 0.4151 -0.50564 0.614873 0.605193 -0.656246 0.356295 0.665128 -0.726054 -0.0619423 0.684842 0.694708 -0.288938 0.658707 0.792989 0.107517 0.599674 0.689618 0.36809 0.623648 0.320307 -0.821658 0.471469 0.600578 0.65882 0.453059 0.355779 -0.849175 0.390286 -0.365678 -0.668201 0.64791 0.36788 0.797522 0.478145 0.39398 0.807869 0.438325 -0.59723 0.502357 0.625263 0.32909 0.849763 0.411829 0.378425 -0.830305 0.409131 0.731067 0.462465 0.501664 0.855951 0.239574 0.458205 0.403923 -0.84399 0.352884 0.0487678 0.843809 0.534423 0.126387 0.835781 0.534318 0.374671 -0.860793 0.344466 -0.145638 -0.789974 0.595593 -0.090706 0.806337 0.584459 0.404196 -0.783176 0.472505 -0.309246 -0.702207 0.641305 -0.0570192 -0.800252 0.596947 -0.459427 0.648163 0.607299 0.77581 -0.200158 0.598377 -0.610058 0.413539 0.675881 0.809741 -0.0535072 0.584343 0.836921 -0.00231565 0.547319 -0.700293 -0.0363922 0.712927 -0.675968 0.258642 0.690051 0.392927 0.814454 0.426934 0.50092 0.69636 0.513966 0.830523 0.00287237 0.556977 0.378134 -0.85267 0.360512 -0.69357 0.0176381 0.720173 0.328432 0.197202 0.923712 0.461273 -0.522236 0.717284 0.62876 0.256336 0.734134 -0.397777 -0.602803 0.691667 0.486672 0.739137 0.465648 -0.267096 0.747314 0.608426 -0.683005 -0.12564 0.719526 0.574097 0.564936 0.592672 0.414126 -0.827914 0.378229 0.434083 0.500197 0.74925 0.815666 0.113606 0.567259 0.406722 -0.190627 0.893442 -0.498969 0.576995 0.646612 0.375823 -0.834183 0.403603 -0.0770245 0.779961 0.62107 -0.366775 0.691463 0.622378 -0.501382 -0.488753 0.713958 0.346535 0.833159 0.430999 -0.551248 -0.430398 0.71476 -0.700307 0.150688 0.697756 0.430822 -0.183263 0.883633 0.770508 0.215686 0.599831 -0.578196 -0.380919 0.721519 -0.172087 0.761909 0.624404 0.141579 -0.782002 0.606983 -0.609558 -0.311262 0.729078 0.676589 -0.365455 0.639273 0.247012 0.828134 0.503169 0.816825 -0.000684875 0.576885 -0.680575 0.0774143 0.728577 0.702706 0.312204 0.639323 0.741077 0.123659 0.659934 0.685458 -0.255313 0.681882 0.0264631 0.816452 0.576806 -0.215401 -0.752293 0.622622 0.49037 0.00697589 0.871487 0.599932 -0.163186 0.783231 0.21633 -0.820336 0.529387 -0.421702 0.620281 0.661376 -0.554336 -0.407616 0.725645 0.362099 0.81905 0.445019 0.438445 0.691431 0.574186 -0.575268 0.43354 0.693621 -0.561331 0.512826 0.649552 0.412951 0.724804 0.551481 0.304137 0.841014 0.447433 -0.604452 -0.32703 0.726422 0.674073 -0.374528 0.636674 -0.637226 0.299735 0.710001 -0.309509 0.665649 0.679055 0.803934 0.0650173 0.591153 0.291897 -0.838889 0.459415 -0.0534577 -0.77274 0.632467 -0.665175 0.196995 0.720233 0.384828 -0.813464 0.436102 0.39731 -0.75633 0.519721 0.457071 -0.629298 0.628546 0.380094 -0.832406 0.403272 -0.61506 -0.212754 0.759234 -0.630503 -0.143699 0.762769 -0.58534 -0.366241 0.723357 -0.655676 0.120845 0.745309 0.509188 -0.468255 0.722125 -0.301103 -0.662072 0.686293 0.722305 -0.193479 0.663959 -0.604835 -0.288457 0.742271 0.73547 0.0704545 0.673885 0.383533 -0.833915 0.396847 0.143258 -0.798875 0.584188 -0.592218 0.351895 0.724878 -0.668363 -0.0494807 0.742188 0.774155 -0.0484486 0.631139 -0.224095 0.712332 0.665105 0.825393 -0.0618706 0.561158 -0.190067 -0.706329 0.68189 0.731363 -0.220355 0.645409 0.719028 -0.172387 0.673262 0.122034 0.782545 0.610517 0.283578 0.808613 0.515489 0.436384 -0.778439 0.451223 -0.621994 0.228927 0.748809 -0.609556 0.287402 0.738811 0.0628678 -0.74537 0.66368 0.399348 -0.787435 0.469539 0.425487 0.558136 0.712352 0.170578 -0.807996 0.563956 0.412048 0.754285 0.511147 -0.161699 0.686737 0.708693 0.45869 -0.670581 0.58303 0.725119 0.0045225 0.688609 0.626756 -0.306594 0.716364 -0.368121 0.59685 0.712921 -0.0387448 0.733102 0.679014 0.554064 0.415541 0.721345 0.649878 -0.219584 0.727627 0.31973 -0.800044 0.507644 0.354788 0.760157 0.544323 -0.371203 -0.573648 0.730162 -0.654352 0.0139018 0.756063 -0.459604 -0.516279 0.722648 -0.452414 0.53576 0.71294 0.412223 -0.631455 0.656763 0.750614 0.0664857 0.657387 0.602698 0.239133 0.761295 -0.505456 0.398734 0.765197 -0.623346 0.177239 0.761595 0.268376 0.787777 0.55442 -0.46733 -0.461099 0.754314 -0.575573 -0.375663 0.726356 -0.0619855 -0.704937 0.706556 0.440401 0.589751 0.676935 -0.372177 0.540658 0.754436 0.21999 -0.791439 0.570288 -0.633993 -0.0622589 0.770828 0.332157 0.779483 0.531111 0.247666 0.782591 0.571151 0.407855 -0.744172 0.52902 -0.245977 0.610675 0.75271 0.35749 -0.478007 0.802316 -0.246398 -0.625054 0.740673 -0.531993 -0.412115 0.739692 0.658444 -0.0866774 0.747622 0.605841 0.120847 0.786354 -0.590754 -0.319744 0.740793 0.384919 0.683274 0.620463 0.446014 0.637917 0.627801 0.712058 -0.0914691 0.696137 0.354471 -0.788575 0.502493 -0.46101 -0.432542 0.77484 0.658931 0.0198123 0.751942 0.0875524 -0.763932 0.63933 0.439847 -0.303317 0.845301 0.460154 0.406518 0.789304 0.398332 -0.740504 0.541282 0.400233 -0.663228 0.63241 -0.60593 -0.217803 0.765122 -0.120529 -0.657569 0.743691 0.618167 0.0643242 0.78341 0.701755 0.0981449 0.705626 0.368445 -0.794515 0.482695 0.290125 0.75239 0.591386 -0.0231557 -0.676839 0.735767 0.540254 0.109859 0.8343 0.398057 -0.337993 0.852825 -0.62538 0.0393817 0.779326 0.129493 -0.747038 0.652047 -0.54543 0.366146 0.753952 -0.621331 0.118468 0.774541 -0.629552 0.0784243 0.77299 0.456419 -0.199067 0.867211 -0.563731 0.209134 0.799044 0.500547 -0.442004 0.744369 -0.0759952 0.684273 0.725255 0.361606 0.679773 0.638083 -0.380792 -0.487409 0.785767 0.0593171 -0.70435 0.70737 -0.327815 -0.548344 0.769322 0.0295223 0.717819 0.695604 0.137355 0.724516 0.675433 -0.427053 0.470105 0.772416 0.302762 0.714135 0.631147 -0.56944 0.234259 0.787947 0.536509 -0.0622822 0.841593 -0.310209 0.524077 0.793167 0.382083 0.581813 0.717988 0.501881 -0.239089 0.831235 -0.521692 0.311632 0.79418 0.504103 0.199712 0.840235 0.486126 0.357821 0.797274 0.500087 0.0560207 0.864161 0.492 -0.522267 0.696544 -0.520432 -0.372247 0.768494 0.584849 -0.297832 0.754485 0.279387 0.709704 0.646732 0.497429 -0.103318 0.86133 -0.188406 -0.585807 0.788247 0.260203 -0.743767 0.615716 -0.572575 0.155182 0.805032 0.443646 -0.577677 0.685178 0.514218 -0.110505 0.850511 0.516285 -0.380716 0.767141 0.474336 0.48053 0.737629 -0.606915 -0.0634211 0.792232 -0.118646 0.627857 0.769233 0.147677 -0.696478 0.702218 -0.0353613 0.668599 0.742782 0.474233 0.38989 0.78936 0.238983 0.719856 0.651686 -0.276727 -0.52725 0.803386 -0.0182931 -0.628982 0.777205 -0.219902 0.570269 0.791477 -0.391449 0.431144 0.812947 0.336602 -0.714795 0.612998 0.495499 0.105428 0.862187 0.556009 0.0945625 0.82578 0.0364743 -0.662274 0.748373 0.540342 0.151035 0.827779 0.465347 -0.0585641 0.883189 0.483625 -0.143129 0.863493 0.468829 0.0144744 0.88317 -0.421154 -0.414052 0.806964 -0.275787 0.493135 0.825082 0.348468 0.601535 0.718837 -0.443511 0.368415 0.817049 0.406663 -0.548268 0.730772 -0.0743486 -0.595476 0.799926 -0.51491 -0.294191 0.805183 0.51595 -0.210489 0.830356 0.284734 0.656651 0.698381 0.328292 -0.648149 0.687115 -0.336849 -0.451678 0.826147 0.573346 -0.147399 0.805945 0.586157 -0.086215 0.805597 -0.534536 -0.210985 0.818387 0.32237 0.627778 0.7085 0.57023 -0.00664257 0.821458 -0.30197 0.441665 0.844835 -0.566416 -0.145931 0.811096 0.473584 0.338237 0.813213 0.0313001 0.665349 0.745876 0.467055 0.212597 0.85829 0.592789 0.0838002 0.800986 -0.568168 0.0372387 0.82207 0.393608 0.466409 0.792171 -0.483336 0.267726 0.833492 -0.22742 -0.507272 0.831238 0.333973 0.559048 0.758899 -0.445305 -0.365504 0.81738 0.571025 -0.0806145 0.816965 -0.488429 0.245652 0.837312 0.408105 -0.475899 0.779083 0.236794 0.631602 0.738246 0.384163 -0.540634 0.748421 0.342462 0.512834 0.787224 -0.581061 0.105198 0.807033 0.264243 -0.655515 0.707443 0.503506 0.127488 0.854534 -0.0493151 0.600996 0.797729 -0.562166 -0.0649335 0.824472 -0.410459 0.318988 0.854265 -0.341179 0.381203 0.859233 -0.0383125 -0.589265 0.807031 0.137855 0.642378 0.753887 -0.130118 -0.517107 0.845973 0.322971 -0.562447 0.761146 0.00745659 -0.589287 0.807889 0.52682 0.0512183 0.848432 0.367625 0.397864 0.840569 0.499052 -0.140913 0.855038 -0.12059 0.558929 0.8204 0.413677 0.27263 0.868645 0.435062 -0.305135 0.847121 0.54456 -0.00843552 0.838679 -0.462047 -0.23563 0.85498 0.0313419 0.594185 0.803718 -0.418959 -0.285836 0.861842 -0.441688 0.244841 0.863114 -0.52472 0.0511912 0.849734 -0.49145 -0.175222 0.853097 -0.182375 0.500954 0.846041 0.305659 0.565156 0.766271 -0.502746 0.206516 0.839403 -0.280598 -0.417182 0.864421 0.130833 -0.598417 0.79043 -0.485197 -0.119941 0.86614 0.231056 -0.555499 0.79877 0.446858 -0.193739 0.873375 -0.350671 -0.359852 0.864602 0.41559 -0.399093 0.817319 0.471411 -0.0567039 0.880089 0.140901 0.553403 0.820909 -0.428967 -0.200187 0.880859 0.304991 0.481154 0.821871 0.452933 0.0107823 0.891479 0.422407 -0.234176 0.875634 0.343823 -0.439568 0.829799 -0.0476543 -0.552829 0.831931 -0.472755 -0.0213401 0.880935 0.35202 0.393874 0.849085 -0.506781 0.0761501 0.858705 -0.299732 0.36819 0.880112 0.234928 0.505061 0.830495 -0.265426 0.442198 0.856744 -0.0299416 -0.536177 0.843574 0.452756 -0.145594 0.879667 -0.18774 -0.429454 0.883359 -0.437793 0.190883 0.878579 -0.331302 0.290939 0.897549 0.19571 0.533992 0.822527 -0.261179 -0.326916 0.908246 -0.16629 0.44893 0.877958 0.259373 -0.4542 0.852308 -0.356216 0.249113 0.900585 0.271769 0.418913 0.866403 0.394897 -0.132301 0.909149 0.411019 0.146174 0.899832 0.0979936 -0.508695 0.855352 -0.0125193 0.512851 0.858387 0.371821 0.240398 0.896637 -0.0967577 -0.458488 0.883418 0.45727 -0.0422761 0.888323 -0.251876 0.393098 0.884326 -0.43778 0.0647932 0.896744 -0.365567 -0.266162 0.891919 -0.106209 0.486389 0.867263 -0.287913 0.29186 0.912099 0.430836 0.0236792 0.90212 0.342974 -0.309546 0.886876 0.0423498 -0.49166 0.869757 -0.346562 0.212143 0.913723 -0.375945 -0.164902 0.911851 0.374505 0.248358 0.893345 0.421489 0.0781103 0.903463 -0.386365 0.15539 0.909162 0.201599 -0.424062 0.88291 -0.4204 -0.0888972 0.902973 0.108964 0.483839 0.868347 0.172322 0.40049 0.899952 0.268101 -0.3492 0.897876 -0.170442 -0.369434 0.913492 -0.0472177 -0.474156 0.879174 0.318937 0.317033 0.893179 -0.397538 0.00363678 0.917579 -0.00614715 0.47087 0.882181 0.2997 -0.176533 0.937559 -0.314809 -0.239678 0.918395 0.129228 -0.406078 0.904655 0.401057 -0.0654225 0.913714 -0.125575 -0.391374 0.911624 -0.154097 0.369905 0.916201 -0.318373 0.215254 0.923203 0.39677 0.0685404 0.915355 -0.222582 0.334311 0.915802 0.348462 0.215187 0.912288 -0.0407303 -0.40886 0.911688 0.25694 -0.22872 0.938972 -0.369436 0.0711517 0.926528 0.0623916 -0.435518 0.898015 0.236115 0.371813 0.897777 -0.329151 0.124442 0.936042 0.368073 0.121086 0.921879 -0.196268 -0.283037 0.938812 0.298894 -0.115765 0.947239 0.153378 -0.337853 0.928618 0.231852 -0.292115 0.927854 -0.102934 0.418217 0.902496 -0.169502 -0.300634 0.938556 -0.346686 -0.101013 0.932526 -0.355797 -0.0330198 0.93398 -0.259733 0.255983 0.931135 -0.246767 0.241976 0.938378 0.347763 0.0115083 0.937512 0.0301656 0.407371 0.912765 0.289757 0.211729 0.933387 0.238961 0.277865 0.930424 0.289992 -0.0615846 0.955045 -0.211576 -0.240538 0.9473 0.0364526 -0.338818 0.940146 -0.274056 -0.0652636 0.959497 -0.283189 -0.169809 0.943912 -0.286988 0.000895681 0.957934 0.31146 0.0440442 0.949238 -0.263919 -0.123674 0.956583 -0.0957226 -0.322419 0.941745 -0.263799 0.209389 0.941577 0.273792 -0.119267 0.954365 -0.209218 0.255473 0.943908 0.300564 0.0999479 0.94851 -0.164258 0.290835 0.942568 0.196742 -0.295773 0.934779 0.29777 -0.0152053 0.954517 -0.17524 -0.236901 0.955599 -0.117079 0.314758 0.941924 -0.24256 0.0984912 0.965124 0.0600023 0.316082 0.946833 0.173396 0.278683 0.9446 0.100446 -0.302751 0.947762 0.263941 0.168765 0.94966 -0.16458 -0.234854 0.957996 0.119955 -0.256183 0.959156 0.218232 -0.216432 0.951594 0.288672 0.055632 0.95581 -0.0619759 0.352034 0.933933 -0.216823 -0.0780267 0.973088 -0.194646 -0.170198 0.965995 0.0565642 0.19476 0.979219 -0.136086 0.152809 0.978841 -0.038273 0.275139 0.960642 -0.204153 0.0926273 0.974547 0.296071 -0.0201545 0.954953 0.245473 -0.116784 0.962343 -0.196132 0.113135 0.974029 -0.207669 -0.0181782 0.97803 -0.0844715 -0.206369 0.974821 -0.152525 -0.139558 0.978397 0.0042815 -0.255659 0.966758 0.227413 0.0343825 0.973191 -0.149508 0.219183 0.964161 0.260122 0.111746 0.959088 0.173591 -0.162363 0.971342 -0.147556 -0.0620688 0.987104 -0.030088 0.197339 0.979873 -0.154874 -0.00482421 0.987922 -0.0801816 -0.133034 0.987863 0.245106 -0.0520676 0.968097 0.0498565 -0.158509 0.986098 0.149799 -0.0764671 0.985755 0.136177 0.10002 0.985623 0.139639 0.161241 0.976986 -0.0736919 -0.0732892 0.994584 0.118381 0.0154534 0.992848 -0.111624 0.048788 0.992552 -0.0924305 -0.00828532 0.995685 -0.0556358 0.0948352 0.993937 0.0137547 -0.0695912 0.997481 0.0268701 0.0906267 0.995522 -0.00698966 0.00196117 0.999974"/>
    <TextureCoordinate point="0.833707 0.0923904 0.833367 0.0921949 0.835001 0.0906284 0.83621 0.0901379 0.838149 0.0868631 0.839165 0.0868007 0.834056 0.0907127 0.835924 0.0890795 0.834781 0.0896049 0.839068 0.0855773 0.834583 0.0877747 0.832976 0.0932287 0.840934 0.0841521 0.841477 0.085741 0.848772 0.0753317 0.84485 0.0810328 0.843794 0.0799837 0.836423 0.0851078 0.84234 0.0815654 0.843744 0.0824593 0.832719 0.0932657 0.832501 0.0926242 0.838093 0.0895392 0.845559 0.0815992 0.83219 0.0903136 0.834295 0.0928003 0.840033 0.0832091 0.833507 0.0933427 0.841336 0.0770249 0.84852 0.0786058 0.842564 0.0853217 0.839949 0.0886079 0.851759 0.0719055 0.852341 0.0734115 0.849663 0.0800416 0.837891 0.0906978 0.845256 0.0838519 0.85322 0.0746566 0.845375 0.0738567 0.835581 0.0923041 0.836398 0.0778383 0.832953 0.0936861 0.852711 0.0768034 0.840869 0.0889594 0.834318 0.0933135 0.832225 0.0933859 0.833684 0.0937487 0.855958 0.0657639 0.859962 0.0651677 0.856713 0.0671834 0.830788 0.0930227 0.852408 0.0667538 0.83105 0.0921319 0.831634 0.0891002 0.858325 0.0689375 0.847396 0.0842943 0.832456 0.0938488 0.841886 0.0905908 0.836816 0.0927893 0.851326 0.0825963 0.864122 0.0635808 0.867207 0.0563874 0.867929 0.0588197 0.86312 0.0601073 0.846327 0.0865317 0.859586 0.0722491 0.835534 0.0933336 0.85574 0.0750769 0.83185 0.0843388 0.874364 0.0526869 0.868665 0.0520576 0.872927 0.0486764 0.83259 0.0947518 0.831122 0.0942736 0.862868 0.0676617 0.834192 0.0947458 0.855366 0.0599343 0.836905 0.0723535 0.835101 0.0945487 0.850274 0.0881871 0.858739 0.0557365 0.88534 0.0377543 0.878388 0.0410133 0.839366 0.0938008 0.872448 0.0589326 0.870005 0.0455734 0.86224 0.0503789 0.886982 0.0325995 0.832261 0.0944964 0.84549 0.0908381 0.877848 0.0521914 0.848956 0.0603892 0.860491 0.0766834 0.868002 0.0657248 0.828637 0.0910047 0.833451 0.0951682 0.881982 0.0333328 0.853031 0.0852579 0.877547 0.0565963 0.865587 0.0709853 0.827654 0.0872298 0.840104 0.0669056 0.884925 0.0484943 0.873176 0.0381282 0.873342 0.068125 0.851911 0.0524217 0.858446 0.0851926 0.863407 0.0349105 0.834746 0.0973254 0.885072 0.0521987 0.840695 0.0970467 0.836683 0.096952 0.829619 0.0967847 0.869765 0.0737246 0.832459 0.0744917 0.883796 0.0621947 0.893314 0.0443745 0.85659 0.0448135 0.831264 0.0959952 0.841032 0.0566961 0.869048 0.0323096 0.875763 0.0767263 0.886151 0.0593067 0.828395 0.0820342 0.826351 0.0802353 0.845495 0.0948368 0.850561 0.0920192 0.827958 0.0934848 0.833539 0.0677253 0.865533 0.0823388 0.823255 0.0887628 0.856498 0.0934627 0.830456 0.0965379 0.8361 0.064933 0.879892 0.0688641 0.843247 0.0492606 0.824562 0.0919983 0.850338 0.0959789 0.849747 0.0453769 0.827433 0.0969012 0.854649 0.0371367 0.845395 0.0974098 0.82814 0.0736991 0.863826 0.0943273 0.870606 0.0826704 0.888956 0.0674952 0.892394 0.0604041 0.8316 0.0981157 0.855889 0.0300165 0.828875 0.0643625 0.861942 0.0252883 0.831765 0.0596624 0.847678 0.0378998 0.827188 0.0984928 0.827325 0.100081 0.84103 0.101586 0.848698 0.0353087 0.85151 0.0231861 0.820988 0.0818751 0.855128 0.0195497 0.840075 0.0441624 0.822175 0.0732943 0.828957 0.0991467 0.835706 0.100384 0.831124 0.0557428 0.870907 0.0897371 0.849513 0.0995131 0.88205 0.0793178 0.842594 0.0321578 0.856765 0.0971362 0.824333 0.0960585 0.832862 0.0999083 0.846485 0.0257197 0.896492 0.0728315 0.823803 0.0476166 0.875275 0.0874241 0.832176 0.0420851 0.820972 0.0636613 0.82166 0.0954902 0.818749 0.0929641 0.834238 0.0380521 0.898024 0.0643551 0.822498 0.0606839 0.847806 0.102806 0.829918 0.101175 0.889451 0.08026 0.832909 0.101746 0.81899 0.0877421 0.843831 0.102598 0.835522 0.108574 0.853061 0.102475 0.818903 0.0780997 0.823191 0.0994219 0.817784 0.0855245 0.840568 0.106164 0.863878 0.101435 0.827457 0.100773 0.883533 0.087766 0.879811 0.0908334 0.816004 0.0878228 0.869986 0.0959267 0.814914 0.0751926 0.813848 0.0701885 0.854166 0.107086 0.860246 0.103869 0.835609 0.0264545 0.818602 0.0564055 0.875589 0.0947952 0.821636 0.102374 0.824151 0.105254 0.83066 0.104189 0.835208 0.0141252 0.851059 0.106094 0.82356 0.103568 0.890917 0.0891442 0.846889 0.106518 0.827283 0.104129 0.811614 0.0807465 0.845665 0.111212 0.823107 0.0362384 0.814701 0.0972912 0.874312 0.101183 0.880334 0.0973517 0.897888 0.0910669 0.870041 0.101364 0.81657 0.102115 0.901659 0.0874678 0.810829 0.0898126 0.860305 0.107639 0.818317 0.0447007 0.815983 0.0302027 0.824492 0.0223851 0.886718 0.0971243 0.863389 0.113154 0.849944 0.111064 0.821877 0.0129336 0.807279 0.0784062 0.810041 0.0833285 0.856816 0.112724 0.868596 0.111047 0.831217 0.108064 0.808609 0.0676239 0.87804 0.10561 0.83895 0.111859 0.828723 0.108281 0.853638 0.114709 0.820527 0.106231 0.820919 0.107254 0.831362 0.111241 0.893798 0.0970524 0.823223 0.109111 0.807971 0.055137 0.817019 0.0223829 0.888398 0.106123 0.884622 0.107753 0.804196 0.0606759 0.804441 0.0856389 0.805563 0.0786967 0.834009 0.113822 0.804474 0.0945369 0.848661 0.115668 0.84128 0.114949 0.813031 0.102058 0.813243 0.0333111 0.804373 0.070373 0.824229 0.112115 0.891099 0.108117 0.864911 0.118729 0.90606 0.0993222 0.802442 0.0999114 0.834242 0.117042 0.827369 0.112756 0.874318 0.112663 0.805112 0.0422009 0.85569 0.120438 0.798636 0.079033 0.815163 0.109745 0.881524 0.115665 0.843518 0.118128 0.800317 0.0825319 0.80494 0.0281273 0.890119 0.113448 0.878231 0.1208 0.796082 0.0641945 0.810627 0.0172339 0.850411 0.125282 0.870401 0.118305 0.814386 0.112758 0.817819 0.110991 0.806217 0.0221791 0.836341 0.12098 0.800483 0.0906224 0.790844 0.0713915 0.799405 0.0152975 0.900009 0.109019 0.802461 0.104957 0.80974 0.114266 0.808318 0.0108581 0.819445 0.112554 0.824364 0.116402 0.829833 0.118718 0.795625 0.0547146 0.843898 0.124761 0.791689 0.0275733 0.781421 0.083812 0.784234 0.0652632 0.860315 0.124545 0.793644 0.0913296 0.796843 0.0370784 0.873407 0.123564 0.818848 0.119844 0.864617 0.129742 0.892529 0.117524 0.869988 0.130263 0.827127 0.123317 0.907727 0.110005 0.837923 0.129373 0.883568 0.12659 0.795031 0.101899 0.832487 0.12514 0.844958 0.127586 0.814123 0.115177 0.80089 0.0108619 0.815519 0.118207 0.906005 0.116915 0.811132 0.11648 0.782264 0.051889 0.823297 0.127173 0.893698 0.125393 0.776588 0.0771163 0.897343 0.121642 0.835744 0.133065 0.79577 0 0.877604 0.130943 0.784745 0.0410349 0.853381 0.134423 0.848247 0.137133 0.7886 0.0944743 0.805549 0.118237 0.800217 0.112299 0.807353 0.121704 0.84127 0.134019 0.817851 0.127661 0.830781 0.128954 0.872319 0.137159 0.906544 0.1235 0.861259 0.139367 0.880085 0.136323 0.889574 0.13493 0.783824 0.0250116 0.813571 0.129141 0.783397 0.0923759 0.791155 0.0139901 0.777394 0.0683227 0.793368 0.110474 0.896778 0.129936 0.791804 0.109433 0.789406 0.106115 0.787562 0.0171029 0.907428 0.132472 0.86573 0.138033 0.82669 0.138046 0.798944 0.124333 0.773934 0.0912619 0.774022 0.084124 0.808069 0.122983 0.776838 0.0582064 0.838576 0.148285 0.784403 0.101578 0.852417 0.142921 0.872874 0.144193 0.776465 0.0437736 0.780477 0.0116345 0.820266 0.131674 0.801191 0.127362 0.89629 0.135386 0.879362 0.143677 0.865746 0.144859 0.837746 0.142351 0.833103 0.140115 0.793161 0.116291 0.77193 0.0656964 0.779415 0.102174 0.769376 0.053304 0.782209 0.107185 0.776127 0.0231961 0.787294 0.11176 0.771696 0.0987805 0.813455 0.137563 0.769592 0.045078 0.890013 0.141117 0.775655 0.0171045 0.89681 0.142789 0.861827 0.150824 0.902156 0.142457 0.809287 0.130158 0.763048 0.0851705 0.761718 0.0701051 0.758685 0.0646187 0.7862 0.113197 0.878105 0.150862 0.769738 0.0296371 0.78812 0.122397 0.821985 0.144085 0.84901 0.152064 0.843153 0.154937 0.888379 0.148331 0.828157 0.154836 0.770545 0.108418 0.764985 0.0931204 0.803039 0.13007 0.873775 0.154809 0.758916 0.021215 0.754805 0.057818 0.757581 0.048515 0.757778 0.0294564 0.757965 0.0961408 0.852883 0.157657 0.90624 0.153943 0.822574 0.150146 0.834888 0.158114 0.885919 0.15864 0.895884 0.151247 0.798106 0.13945 0.806607 0.138143 0.864638 0.157676 0.772532 0.120195 0.748362 0.0663433 0.765861 0.0074786 0.760577 0.0129127 0.795217 0.137121 0.859126 0.160402 0.847167 0.160298 0.752528 0.0944029 0.790628 0.135574 0.815194 0.151549 0.763645 0.110393 0.890709 0.158496 0.780984 0.131442 0.895637 0.158606 0.87093 0.163358 0.85024 0.164873 0.743279 0.0834938 0.822441 0.164144 0.841211 0.166121 0.862177 0.166221 0.805048 0.146104 0.747354 0.0493279 0.81101 0.15956 0.894953 0.167586 0.749873 0.0296248 0.856855 0.170103 0.903038 0.162485 0.830276 0.168744 0.768068 0.129804 0.875463 0.170407 0.740559 0.0609955 0.742182 0.0550774 0.74404 0.104232 0.79918 0.147694 0.886289 0.171106 0.80563 0.158736 0.738386 0.0420655 0.839094 0.175602 0.787553 0.143753 0.851062 0.173774 0.739447 0.0273476 0.742494 0.0186822 0.867444 0.175369 0.780945 0.14305 0.907273 0.168574 0.73858 0.0770422 0.789672 0.146726 0.738937 0.0940268 0.878717 0.184475 0.746417 0.117897 0.900214 0.176257 0.859818 0.179143 0.734727 0.112739 0.793629 0.155093 0.829502 0.175385 0.817788 0.168546 0.745838 0.128506 0.779341 0.153603 0.783226 0.153451 0.733128 0.0829183 0.807786 0.168803 0.723662 0.0596547 0.769017 0.140391 0.847656 0.179138 0.821499 0.17263 0.784118 0.15621 0.843307 0.18196 0.870289 0.184999 0.716329 0.0530053 0.728595 0.0210761 0.777323 0.150688 0.814166 0.175621 0.730849 0.0997415 0.835675 0.183715 0.716224 0.0902535 0.827629 0.180427 0.844534 0.192921 0.724895 0.0788614 0.75711 0.140439 0.808538 0.177973 0.838996 0.192055 0.800043 0.171387 0.810291 0.184749 0.736961 0.125328 0.719515 0.0311835 0.760481 0.149822 0.817436 0.183541 0.736014 0.142298 0.824854 0.187748 0.709819 0.0555473 0.773702 0.162768 0.786313 0.166909 0.712903 0.0847491 0.767583 0.161101 0.796807 0.184784 0.71323 0.060261 0.777391 0.164457 0.734162 0.15363 0.788222 0.175871 0.726901 0.120929 0.746492 0.16221 0.70367 0.0536394 0.708599 0.0325711 0.779617 0.175662 0.698632 0.086365 0.710667 0.107481 0.701192 0.0428546 0.762759 0.172433 0.694394 0.0704292 0.789131 0.185215 0.711031 0.10148 0.750208 0.172962 0.696808 0.104197 0.79321 0.195371 0.768764 0.174511 0.70212 0.0310795 0.70501 0.120652 0.694229 0.0822675 0.690937 0.0533756 0.670935 0.0698534 0.705307 0.13452 0.756695 0.175045 0.776192 0.18371 0.782741 0.189428 0.734416 0.170846 0.685753 0.041202 0.763475 0.182213 0.768277 0.185949 0.707385 0.146789 0.756164 0.184643 0.668426 0.0887 0.686687 0.0952962 0.776988 0.192501 0.741879 0.184746 0.713561 0.160248 0.679176 0.105972 0.688604 0.11808 0.761692 0.19133 0.690265 0.137583 0.675027 0.127665 0.664063 0.142482 0.818004 0.294521 0.823204 0.290101 0.820754 0.297902 0.815426 0.301491 0.809588 0.300397 0.808868 0.305941 0.830794 0.269116 0.81708 0.302648 0.813451 0.307003 0.822271 0.276722 0.826126 0.29945 0.814665 0.291689 0.80338 0.308533 0.804863 0.312529 0.801316 0.312633 0.818308 0.305618 0.799807 0.311896 0.799428 0.314994 0.835944 0.298215 0.794263 0.319271 0.796316 0.317621 0.797431 0.319372 0.827742 0.309323 0.819205 0.313805 0.792627 0.323721 0.793266 0.321153 0.795533 0.322026 0.791182 0.323331 0.796744 0.314109 0.80818 0.294639 0.805062 0.300077 0.794141 0.317683 0.806137 0.318133 0.801341 0.30492 0.812759 0.286115 0.791993 0.320378 0.791277 0.324416 0.81258 0.316756 0.797461 0.310586 0.837359 0.305739 0.789937 0.322819 0.798835 0.321557 0.806882 0.282463 0.793074 0.315334 0.788962 0.324993 0.796715 0.323881 0.817579 0.273856 0.800813 0.293571 0.788877 0.326341 0.790539 0.326721 0.789513 0.32098 0.799858 0.29876 0.787714 0.3225 0.794156 0.310792 0.788049 0.325276 0.790267 0.317103 0.796691 0.305449 0.801329 0.323754 0.793544 0.327795 0.78966 0.327388 0.791682 0.314699 0.805022 0.27121 0.788883 0.318241 0.793035 0.302214 0.788388 0.327886 0.787529 0.327462 0.796571 0.32727 0.787108 0.327239 0.807472 0.322076 0.786615 0.327075 0.786843 0.32789 0.786594 0.325535 0.803434 0.325406 0.797761 0.28306 0.790515 0.305753 0.796009 0.296324 0.813943 0.324463 0.839627 0.315768 0.829156 0.318014 0.790147 0.328878 0.822401 0.322382 0.786561 0.32031 0.79326 0.331074 0.787195 0.328529 0.827605 0.327358 0.786355 0.327639 0.791156 0.291999 0.815661 0.32777 0.785924 0.317884 0.788072 0.330044 0.790286 0.298135 0.786073 0.326644 0.786308 0.328256 0.79942 0.329742 0.796997 0.271897 0.79676 0.333326 0.8037 0.329135 0.784612 0.312742 0.789605 0.302443 0.785972 0.327564 0.78529 0.325451 0.784146 0.325074 0.789417 0.331566 0.785011 0.329102 0.786797 0.307423 0.793692 0.279981 0.785351 0.310146 0.785983 0.331352 0.792116 0.283796 0.802403 0.332781 0.784938 0.3228 0.820942 0.331618 0.782127 0.299372 0.841034 0.324184 0.829698 0.332974 0.785531 0.272015 0.808935 0.336501 0.782737 0.305324 0.846164 0.324243 0.845563 0.333792 0.83946 0.331194 0.784096 0.290664 0.783435 0.321612 0.784626 0.327591 0.784331 0.328834 0.791686 0.334878 0.791283 0.264148 0.802814 0.338642 0.784805 0.283816 0.78222 0.323708 0.775062 0.27847 0.786366 0.333303 0.849457 0.342019 0.779841 0.319862 0.780915 0.313768 0.825473 0.33513 0.777609 0.287769 0.775831 0.302932 0.788474 0.33589 0.773465 0.27312 0.811821 0.34203 0.829977 0.339467 0.794069 0.338343 0.777558 0.308347 0.782149 0.327249 0.775623 0.296851 0.776379 0.293678 0.825175 0.341577 0.779337 0.267989 0.783934 0.330873 0.778174 0.322365 0.798636 0.341262 0.814478 0.342129 0.769767 0.289669 0.774639 0.259309 0.77513 0.313583 0.783747 0.332783 0.785116 0.334545 0.782938 0.330582 0.782804 0.329028 0.802823 0.341935 0.805508 0.345052 0.779771 0.32516 0.789741 0.340618 0.780631 0.328629 0.777374 0.317174 0.775394 0.319271 0.815791 0.345378 0.768843 0.311716 0.78138 0.329775 0.768737 0.277036 0.849404 0.352629 0.793365 0.344843 0.767019 0.308805 0.833746 0.352244 0.813311 0.347047 0.767569 0.264372 0.772342 0.317081 0.778227 0.326379 0.782175 0.331067 0.79774 0.344545 0.824836 0.352067 0.812545 0.352441 0.77334 0.253589 0.766214 0.302496 0.805123 0.349546 0.798669 0.348454 0.762168 0.279615 0.780413 0.335111 0.781196 0.332242 0.855623 0.353261 0.767044 0.295277 0.774241 0.323329 0.764744 0.287777 0.761524 0.258259 0.781185 0.336079 0.784975 0.340387 0.771945 0.321141 0.758636 0.270385 0.786858 0.342457 0.777613 0.327599 0.779194 0.330651 0.794651 0.350092 0.77393 0.325958 0.756836 0.260902 0.780262 0.333178 0.816444 0.361825 0.760388 0.292165 0.776947 0.331563 0.762079 0.300918 0.766852 0.316591 0.778471 0.335176 0.753392 0.248512 0.83758 0.368761 0.787674 0.350247 0.796859 0.353907 0.771949 0.330023 0.762106 0.308008 0.7642 0.311638 0.849699 0.366733 0.756526 0.299208 0.759566 0.304255 0.7655 0.32266 0.807011 0.361517 0.779957 0.338249 0.750451 0.256437 0.763336 0.316029 0.755146 0.292666 0.754817 0.2837 0.754985 0.275012 0.778936 0.3424 0.800795 0.358862 0.860125 0.365173 0.768936 0.326415 0.829138 0.368482 0.749477 0.267239 0.783017 0.346625 0.749109 0.298439 0.744043 0.270996 0.758323 0.314496 0.77761 0.337196 0.784595 0.349492 0.76313 0.321045 0.75772 0.310384 0.751515 0.28892 0.776712 0.335509 0.775696 0.341213 0.775283 0.332908 0.747966 0.276137 0.790476 0.355144 0.793413 0.359501 0.750251 0.304759 0.742538 0.265027 0.743447 0.253208 0.752196 0.314577 0.742723 0.279419 0.773331 0.33538 0.802128 0.36803 0.854703 0.379222 0.785759 0.354349 0.736335 0.261004 0.75973 0.325358 0.8133 0.369932 0.764011 0.328496 0.822301 0.372481 0.751137 0.31028 0.79011 0.365996 0.743732 0.293248 0.777966 0.346424 0.847268 0.374418 0.838846 0.375688 0.747685 0.301786 0.829757 0.376952 0.773729 0.338368 0.778912 0.353761 0.785404 0.363325 0.784787 0.358961 0.766164 0.332081 0.766134 0.335112 0.736503 0.252684 0.774859 0.345837 0.772651 0.340895 0.75439 0.321032 0.781783 0.357278 0.776859 0.351219 0.741761 0.298764 0.771324 0.339156 0.745359 0.30824 0.747184 0.312284 0.772709 0.341962 0.759839 0.331534 0.763177 0.33141 0.822957 0.388135 0.777862 0.36691 0.733685 0.291175 0.770837 0.350989 0.812893 0.377329 0.798746 0.375642 0.755715 0.326948 0.847479 0.391765 0.748066 0.317252 0.727472 0.258689 0.815029 0.383906 0.730615 0.268 0.726892 0.252622 0.868645 0.379811 0.865212 0.386183 0.749941 0.327403 0.859807 0.389127 0.729961 0.274681 0.852714 0.388412 0.767296 0.341076 0.736935 0.29559 0.868319 0.389758 0.740135 0.30445 0.838672 0.393735 0.775181 0.359958 0.741143 0.30807 0.788593 0.371208 0.769503 0.354777 0.725428 0.2882 0.761846 0.338794 0.767345 0.348057 0.736055 0.304235 0.769665 0.343473 0.732324 0.301805 0.86213 0.398062 0.723836 0.263032 0.780896 0.372766 0.743309 0.322965 0.725777 0.295578 0.770186 0.36913 0.857014 0.396933 0.737184 0.309841 0.719622 0.257714 0.737323 0.319559 0.747461 0.33191 0.767364 0.344455 0.754829 0.336616 0.8017 0.384678 0.807614 0.387581 0.716701 0.264586 0.764187 0.346697 0.721133 0.270721 0.765185 0.348347 0.734429 0.314662 0.851657 0.402756 0.718655 0.278234 0.844856 0.40267 0.725615 0.313179 0.793146 0.383773 0.765908 0.362643 0.764956 0.354379 0.716361 0.24707 0.711561 0.253889 0.820648 0.397142 0.753961 0.345853 0.757888 0.351885 0.782982 0.380409 0.826587 0.402861 0.738617 0.326877 0.761825 0.352037 0.74986 0.342156 0.865944 0.403149 0.77409 0.380212 0.708315 0.268297 0.712948 0.275595 0.704761 0.25183 0.703184 0.260671 0.793994 0.394108 0.719006 0.287828 0.737647 0.332765 0.727638 0.322126 0.723469 0.31901 0.802161 0.397241 0.857846 0.41106 0.713059 0.283958 0.720504 0.305684 0.717394 0.29741 0.716134 0.30388 0.837623 0.408142 0.758274 0.359345 0.738326 0.340754 0.783854 0.391255 0.86499 0.41389 0.871107 0.407549 0.731208 0.330121 0.766214 0.37863 0.821829 0.414324 0.814312 0.405177 0.746254 0.34752 0.760985 0.374908 0.756646 0.366369 0.757121 0.356725 0.85391 0.414615 0.844038 0.408046 0.706377 0.281993 0.708945 0.288689 0.695849 0.249161 0.701885 0.272352 0.753497 0.356615 0.719833 0.3144 0.737223 0.345735 0.847968 0.418769 0.69613 0.264427 0.733671 0.337922 0.876831 0.42311 0.708665 0.298825 0.723873 0.330299 0.833746 0.416006 0.78722 0.403056 0.792454 0.404003 0.709232 0.307105 0.714019 0.312771 0.717616 0.321162 0.799039 0.408011 0.703404 0.289674 0.815123 0.421905 0.703435 0.296384 0.690158 0.254074 0.711432 0.318224 0.860832 0.42008 0.74009 0.352194 0.872001 0.424392 0.690125 0.266263 0.719971 0.328931 0.697923 0.282662 0.723278 0.336284 0.752014 0.362667 0.725464 0.343072 0.774194 0.398108 0.745788 0.358874 0.699803 0.308239 0.714216 0.325524 0.760252 0.388992 0.750151 0.36789 0.821053 0.427965 0.808983 0.419793 0.763114 0.399006 0.695682 0.28819 0.70153 0.300962 0.692584 0.276875 0.744038 0.372405 0.825545 0.432267 0.733171 0.352314 0.737847 0.357656 0.864074 0.427535 0.71433 0.331048 0.743179 0.366663 0.741601 0.362336 0.689344 0.285119 0.720363 0.343817 0.794874 0.424319 0.688111 0.269551 0.746101 0.384099 0.707984 0.326783 0.715025 0.337887 0.878408 0.434901 0.696072 0.302233 0.745065 0.377138 0.859556 0.430383 0.843137 0.436409 0.733511 0.36273 0.703296 0.331794 0.691673 0.2939 0.701868 0.319504 0.682858 0.282165 0.720818 0.350577 0.776563 0.416843 0.728178 0.358179 0.855832 0.441936 0.693023 0.310248 0.71215 0.34638 0.694374 0.31525 0.738138 0.383543 0.75288 0.399213 0.869992 0.440277 0.815413 0.446321 0.68367 0.290163 0.686851 0.294063 0.698381 0.320747 0.688852 0.304099 0.740516 0.387573 0.768514 0.408655 0.726281 0.363875 0.745463 0.391948 0.701811 0.336328 0.761033 0.407898 0.810985 0.440783 0.705582 0.343392 0.684006 0.300781 0.735397 0.371679 0.735356 0.376521 0.697068 0.329786 0.681166 0.295808 0.684319 0.309258 0.692341 0.325063 0.686103 0.316139 0.809965 0.456843 0.672567 0.287251 0.781158 0.427887 0.677225 0.293984 0.871167 0.449101 0.696272 0.337017 0.707791 0.35196 0.712696 0.357491 0.702005 0.346062 0.717136 0.361438 0.886202 0.443384 0.767757 0.419539 0.886348 0.452572 0.691073 0.330662 0.825646 0.443199 0.732112 0.385229 0.67686 0.308092 0.689605 0.33408 0.727475 0.374461 0.788333 0.433338 0.698802 0.344246 0.82843 0.45072 0.683498 0.320555 0.719321 0.367189 0.745315 0.404593 0.756204 0.414683 0.850833 0.453337 0.738893 0.398707 0.867514 0.456128 0.773288 0.428669 0.676571 0.314741 0.679113 0.324794 0.684304 0.327721 0.884573 0.457733 0.797962 0.444354 0.691293 0.341235 0.749799 0.426663 0.700807 0.353814 0.735315 0.3954 0.707356 0.360799 0.73031 0.383093 0.718344 0.383839 0.696167 0.348286 0.710801 0.366724 0.761836 0.432438 0.874085 0.460929 0.698418 0.360262 0.730305 0.406763 0.728157 0.394589 0.700877 0.366166 0.67829 0.330407 0.683218 0.33706 0.722283 0.39123 0.688473 0.346905 0.786942 0.454639 0.817587 0.459803 0.691298 0.353942 0.736724 0.425678 0.842512 0.460325 0.707631 0.377705 0.829231 0.463148 0.774413 0.438744 0.742085 0.429554 0.798734 0.460874 0.678107 0.33918 0.811787 0.465077 0.693746 0.365035 0.670203 0.326598 0.716818 0.401051 0.691785 0.359929 0.703212 0.37182 0.754208 0.437331 0.862567 0.473667 0.671523 0.33196 0.711254 0.382964 0.709086 0.390527 0.68248 0.354245 0.670611 0.338934 0.679613 0.34652 0.721496 0.407471 0.777396 0.457802 0.694659 0.370226 0.679086 0.350549 0.674222 0.342506 0.692962 0.374943 0.685194 0.367306 0.700971 0.384242 0.757231 0.44425 0.668182 0.341928 0.713703 0.397096 0.717214 0.405681 0.71916 0.427623 0.680498 0.355469 0.766842 0.450747 0.681592 0.361911 0.671672 0.351143 0.676885 0.36166 0.695123 0.383132 0.674473 0.357663 0.686497 0.374347 0.668927 0.356264 0.666109 0.34853 0.680906 0.3711 0.756998 0.467242 0.704814 0.401673 0.704148 0.413217 0.669453 0.359747 0.784096 0.467872 0.677466 0.36848 0.697415 0.392305 0.742711 0.459801 0.687701 0.381997 0.663291 0.352034 0.67154 0.362621 0.690838 0.389219 0.703564 0.396781 0.713843 0.412794 0.768254 0.46905 0.673222 0.372223 0.681978 0.377132 0.727728 0.445449 0.710756 0.437271 0.666435 0.364368 0.671462 0.36658 0.681349 0.380871 0.744875 0.469643 0.699652 0.401432 0.698028 0.407454 0.663705 0.358609 0.66524 0.360132 0.675706 0.375815 0.691852 0.39689 0.667579 0.368484 0.683404 0.385069 0.658992 0.352472 0.685121 0.393538 0.737445 0.460918 0.662989 0.36812 0.673572 0.379079 0.666224 0.370772 0.694386 0.407004 0.662637 0.362815 0.692528 0.422896 0.678304 0.386056 0.702777 0.434377 0.723132 0.449297 0.66026 0.366756 0.671948 0.384048 0.687729 0.401691 0.666813 0.375843 0.698604 0.425381 0.663681 0.373321 0.690855 0.416481 0.729936 0.475865 0.660807 0.369264 0.66767 0.382723 0.675286 0.388071 0.657264 0.371351 0.66942 0.387797 0.659819 0.374157 0.679514 0.395154 0.664268 0.380795 0.679534 0.400621 0.680496 0.414805 0.663731 0.376544 0.706148 0.474063 0.683824 0.417531 0.666023 0.385787 0.672796 0.393061 0.677992 0.409661 0.6976 0.457416 0.660355 0.377803 0.671315 0.394941 0.675276 0.40189 0.657604 0.374375 0.669442 0.391562 0.685893 0.424598 0.664764 0.388611 0.66089 0.380645 0.662123 0.386162 0.661195 0.383507 0.665565 0.394214 0.654152 0.376642 0.657634 0.378448 0.669084 0.399218 0.670722 0.404966 0.658266 0.380034 0.684072 0.435638 0.65819 0.397155 0.676065 0.422593 0.664232 0.403787 0.671113 0.418499 0.658938 0.3828 0.656903 0.39038 0.686993 0.45043 0.655519 0.377974 0.658467 0.386061 0.670024 0.428757 0.674125 0.434345 0.6533 0.380999 0.654491 0.382025 0.678178 0.442822 0.65979 0.410886 0.657173 0.384575 0.65534 0.38408 0.670808 0.441721 0.658762 0.418775 0.689702 0.469018 0.661626 0.430672 0.668574 0.460286 0.651552 0.382101 0.653066 0.383455 0.653177 0.384571 0.664369 0.435413 0.653779 0.385495 0.650176 0.384025 0.655686 0.446505 0.656012 0.436727 0.653716 0.425415 0.658215 0.45509 0.652461 0.432158 0.648438 0.419178 0.650832 0.426469 0.648793 0.43645 0.648313 0.671884 0.648495 0.672127 0.647619 0.672892 0.648082 0.673037 0.649049 0.672225 0.647949 0.671946 0.646946 0.673958 0.649021 0.671396 0.646954 0.674662 0.649379 0.671635 0.650294 0.671292 0.650049 0.670727 0.649743 0.672611 0.648495 0.674175 0.648119 0.671447 0.645764 0.675773 0.645944 0.673875 0.648978 0.670431 0.647731 0.671198 0.646778 0.671773 0.64487 0.675408 0.64337 0.675194 0.65109 0.670312 0.650602 0.669919 0.650824 0.677708 0.644435 0.676705 0.644229 0.678334 0.645689 0.679537 0.641799 0.677712 0.645004 0.673465 0.653417 0.67225 0.641917 0.680373 0.648183 0.676494 0.652929 0.668229 0.650022 0.66879 0.655124 0.667361 0.653405 0.675279 0.648421 0.669561 0.639587 0.681711 0.643667 0.673008 0.647404 0.670198 0.637482 0.68148 0.656583 0.667427 0.652551 0.667142 0.639263 0.683798 0.635297 0.684875 0.647653 0.68141 0.646209 0.671072 0.641388 0.685467 0.657094 0.665121 0.635286 0.68308 0.631646 0.691001 0.640421 0.674433 0.646062 0.668827 0.650639 0.666064 0.643914 0.685282 0.628558 0.693441 0.628929 0.695671 0.648435 0.667839 0.632 0.687897 0.630307 0.689153 0.638271 0.678046 0.655542 0.664953 0.634812 0.689353 0.639507 0.689206 0.633841 0.684965 0.657279 0.670641 0.64377 0.670404 0.638283 0.675748 0.650502 0.680209 0.653965 0.677273 0.628899 0.689672 0.624199 0.697569 0.635533 0.67921 0.631611 0.681984 0.629071 0.685633 0.660062 0.663224 0.636208 0.695714 0.659623 0.666454 0.624691 0.693469 0.652675 0.681716 0.618041 0.700296 0.622046 0.703695 0.630419 0.703624 0.618732 0.704402 0.639196 0.673082 0.662118 0.660169 0.614684 0.708544 0.611676 0.711057 0.613897 0.713545 0.646571 0.685806 0.602352 0.72334 0.653973 0.664064 0.657624 0.675861 0.645664 0.666474 0.608277 0.709187 0.651037 0.684049 0.634687 0.699997 0.613799 0.719099 0.664107 0.66662 0.626541 0.687222 0.64074 0.692195 0.610411 0.703458 0.613485 0.698749 0.642859 0.667594 0.659198 0.660636 0.655522 0.678771 0.647443 0.69092 0.651685 0.660792 0.621216 0.716279 0.621714 0.6919 0.650859 0.686992 0.666876 0.657204 0.640882 0.696824 0.66306 0.657596 0.633149 0.677083 0.659481 0.658095 0.638298 0.702559 0.643902 0.665756 0.628099 0.709096 0.654376 0.683427 0.649272 0.662943 0.658675 0.677735 0.665381 0.661458 0.634045 0.713926 0.644439 0.694262 0.624825 0.685876 0.662705 0.672599 0.601064 0.706835 0.631471 0.671194 0.657747 0.68057 0.638161 0.70946 0.65502 0.69169 0.639584 0.665968 0.644276 0.699143 0.616521 0.690517 0.628695 0.679055 0.609531 0.697228 0.623157 0.724135 0.643542 0.705519 0.658872 0.684455 0.627185 0.719061 0.620611 0.684624 0.664792 0.674598 0.644619 0.662188 0.664456 0.675416 0.612904 0.681614 0.626918 0.6739 0.64703 0.699315 0.666002 0.655961 0.653311 0.694566 0.640117 0.663444 0.637284 0.719635 0.66206 0.68041 0.667648 0.670428 0.605102 0.695333 0.619847 0.676943 0.659796 0.688307 0.631271 0.724838 0.629908 0.667935 0.617471 0.73246 0.669048 0.664307 0.648885 0.70983 0.622522 0.73639 0.648559 0.716233 0.657258 0.693724 0.665478 0.652399 0.670811 0.655892 0.63757 0.66008 0.66494 0.68163 0.656323 0.654715 0.644451 0.658753 0.672333 0.651655 0.669576 0.651143 0.668281 0.677245 0.641039 0.725246 0.651442 0.703082 0.663595 0.650132 0.671264 0.662151 0.632127 0.732612 0.629149 0.663664 0.677012 0.646308 0.645064 0.720012 0.603572 0.678548 0.59668 0.683444 0.671453 0.667606 0.655652 0.709018 0.630515 0.745154 0.62389 0.667887 0.616088 0.669725 0.653802 0.652705 0.645447 0.652409 0.610548 0.67237 0.664509 0.685184 0.660895 0.646559 0.673018 0.67333 0.676703 0.648195 0.677336 0.654259 0.651882 0.722242 0.680163 0.661714 0.671184 0.680505 0.639371 0.73492 0.676935 0.667053 0.678095 0.672695 0.631359 0.658123 0.655444 0.716588 0.661457 0.696886 0.635711 0.741296 0.669292 0.648327 0.664384 0.690184 0.624299 0.658574 0.669802 0.68458 0.662258 0.704836 0.637387 0.654232 0.618539 0.66342 0.663089 0.715605 0.604892 0.665091 0.598925 0.671418 0.663919 0.693639 0.66473 0.696782 0.670347 0.689635 0.646448 0.735312 0.665686 0.708391 0.607144 0.657194 0.639624 0.750363 0.630395 0.751458 0.659549 0.723067 0.684367 0.655032 0.632959 0.757948 0.670007 0.644288 0.626495 0.656767 0.654886 0.726984 0.68324 0.643024 0.674616 0.643279 0.676651 0.675148 0.684419 0.648651 0.660376 0.63815 0.667672 0.693145 0.61697 0.654813 0.64663 0.747483 0.66501 0.702181 0.68744 0.637449 0.649707 0.647362 0.681859 0.636046 0.665623 0.717212 0.675132 0.682346 0.660622 0.729172 0.632655 0.64551 0.652068 0.737961 0.669747 0.696517 0.671061 0.703265 0.688146 0.639913 0.687558 0.647365 0.668855 0.709309 0.685379 0.667684 0.690221 0.659927 0.641897 0.646995 0.666198 0.639022 0.69167 0.635393 0.674472 0.695931 0.678511 0.635312 0.621147 0.648323 0.691824 0.653891 0.650834 0.756484 0.675186 0.686691 0.646813 0.766532 0.659593 0.737836 0.682227 0.670467 0.675502 0.62612 0.655548 0.748402 0.675157 0.7115 0.676014 0.716637 0.688936 0.664438 0.675195 0.723404 0.599401 0.650079 0.694266 0.629545 0.668456 0.72724 0.664869 0.739533 0.693992 0.639969 0.62657 0.64754 0.67664 0.708306 0.656878 0.756642 0.678686 0.693827 0.696672 0.63457 0.687909 0.676929 0.685784 0.680478 0.698727 0.646496 0.679447 0.687882 0.609421 0.643211 0.693185 0.624299 0.656771 0.762245 0.650354 0.773635 0.679695 0.721287 0.658326 0.630418 0.681149 0.699484 0.672487 0.73915 0.621841 0.641387 0.628499 0.640391 0.614421 0.640598 0.68083 0.71427 0.689688 0.671341 0.684046 0.629969 0.676926 0.734387 0.674354 0.620858 0.682449 0.718523 0.686869 0.688746 0.685731 0.685176 0.680378 0.707976 0.683386 0.691838 0.69728 0.65962 0.698937 0.627862 0.699571 0.624571 0.702353 0.636846 0.68479 0.695706 0.66212 0.770405 0.685271 0.712263 0.67232 0.756213 0.687416 0.723705 0.687186 0.707445 0.66523 0.7634 0.703967 0.630428 0.621333 0.635851 0.64175 0.632529 0.672377 0.74719 0.696512 0.720189 0.682197 0.74364 0.611049 0.626468 0.706902 0.617474 0.695412 0.672858 0.65452 0.62487 0.63788 0.626716 0.712173 0.616134 0.698043 0.619388 0.693442 0.686263 0.686647 0.738084 0.675868 0.766123 0.689929 0.700217 0.709 0.633995 0.705281 0.644477 0.627286 0.630928 0.665519 0.78179 0.695966 0.712444 0.694424 0.68078 0.693244 0.732204 0.681517 0.7537 0.701633 0.663739 0.706683 0.67103 0.619234 0.628946 0.703233 0.652902 0.696855 0.695089 0.688661 0.620962 0.68287 0.617375 0.691193 0.742719 0.705681 0.699749 0.672726 0.780509 0.697922 0.72766 0.714121 0.609974 0.714773 0.611399 0.714967 0.626493 0.627011 0.614785 0.701284 0.715635 0.696943 0.684111 0.705705 0.658981 0.702124 0.735537 0.698762 0.741267 0.697694 0.606251 0.685336 0.765908 0.713304 0.643896 0.701276 0.675839 0.681299 0.781661 0.71038 0.650711 0.713677 0.654211 0.722331 0.604962 0.718205 0.616837 0.696899 0.749293 0.688617 0.755552 0.703547 0.682363 0.712701 0.713075 0.705528 0.748145 0.719036 0.602537 0.706499 0.608484 0.666297 0.615139 0.632409 0.619444 0.684609 0.793789 0.688718 0.610599 0.712747 0.72258 0.706364 0.738321 0.71208 0.733513 0.713539 0.662742 0.724792 0.599193 0.726267 0.599251 0.704399 0.757071 0.613704 0.607904 0.689641 0.783275 0.698519 0.764272 0.694245 0.772181 0.708577 0.682305 0.705282 0.693841 0.708949 0.688301 0.725086 0.607383 0.708742 0.674765 0.694416 0.602773 0.717105 0.642472 0.71928 0.732242 0.719442 0.64615 0.729031 0.593683 0.730483 0.597447 0.719733 0.592616 0.700955 0.783121 0.711842 0.697221 0.726943 0.619907 0.724128 0.629012 0.716904 0.73908 0.693146 0.803008 0.711925 0.671321 0.706475 0.76884 0.711725 0.677749 0.725108 0.640888 0.646074 0.615891 0.641508 0.607694 0.724656 0.727534 0.72655 0.593333 0.673299 0.609382 0.721815 0.65744 0.717736 0.745797 0.712887 0.759356 0.718288 0.708172 0.662433 0.612182 0.70747 0.778435 0.721957 0.717661 0.713741 0.683646 0.71782 0.691994 0.723986 0.744001 0.725518 0.736609 0.734694 0.589722 0.718301 0.7562 0.731128 0.612377 0.710612 0.597201 0.717843 0.766692 0.624671 0.604575 0.717898 0.672338 0.716843 0.679159 0.712242 0.795387 0.732073 0.582573 0.727993 0.645964 0.737156 0.600557 0.727997 0.758217 0.722129 0.66607 0.733373 0.64102 0.652551 0.606604 0.725293 0.708969 0.723618 0.700099 0.729445 0.716591 0.731704 0.732614 0.714167 0.772998 0.683431 0.59987 0.739916 0.578957 0.728812 0.749643 0.632688 0.604523 0.73286 0.706062 0.727122 0.775645 0.724304 0.688635 0.729929 0.695076 0.716741 0.78208 0.742777 0.722802 0.7383 0.729689 0.672195 0.602436 0.740986 0.590482 0.738376 0.616464 0.708274 0.588417 0.737361 0.71643 0.723863 0.671865 0.722943 0.778397 0.724131 0.681587 0.718875 0.586422 0.72726 0.782774 0.6384 0.600751 0.736538 0.750918 0.74122 0.622671 0.734779 0.768303 0.728106 0.659561 0.736653 0.741695 0.669267 0.598829 0.740411 0.707758 0.747188 0.595783 0.73231 0.653761 0.74738 0.733566 0.748808 0.725425 0.748446 0.604193 0.733989 0.690628 0.728159 0.668449 0.740398 0.634912 0.741957 0.700316 0.726891 0.678255 0.751526 0.707314 0.746068 0.714476 0.733822 0.661114 0.736687 0.776528 0.733721 0.667724 0.730185 0.673899 0.749783 0.615308 0.748991 0.740137 0.74898 0.74811 0.647223 0.595761 0.658813 0.596584 0.73421 0.68082 0.741219 0.759662 0.746488 0.776131 0.742236 0.695248 0.634513 0.592825 0.687571 0.586629 0.741215 0.652704 0.742609 0.643457 0.744428 0.658671 0.752367 0.697763 0.739634 0.78558 0.751519 0.624645 0.756096 0.719738 0.69872 0.586048 0.749332 0.765226 0.753709 0.734025 0.679658 0.588105 0.75525 0.743752 0.751265 0.752518 0.742074 0.667627 0.757314 0.711203 0.739984 0.675927 0.763549 0.723645 0.74729 0.638485 0.754231 0.773969 0.641707 0.590473 0.748998 0.692559 0.762055 0.736553 0.7615 0.765821 0.745337 0.682763 0.753449 0.632892 0.764969 0.702588 0.771198 0.707032 0.75054 0.782496 0.748407 0.653735 0.773403 0.716933 0.760067 0.591891 0.717607 0.573687 0.755699 0.617326 0.769579 0.731943 0.764623 0.744046 0.767304 0.752133 0.776068 0.726636 0.750215 0.647091 0.664699 0.579492 0.756116 0.574189 0.766756 0.588034 0.749891 0.674647 0.710064 0.577981 0.763151 0.607908 0.767067 0.769478 0.778063 0.762464 0.757721 0.682018 0.778543 0.738116 0.753056 0.640451 0.763588 0.687697 0.671836 0.583327 0.749681 0.666498 0.769642 0.775524 0.760375 0.782821 0.773336 0.690618 0.64399 0.575359 0.760516 0.622033 0.776729 0.769375 0.779795 0.748723 0.755121 0.646757 0.774131 0.585706 0.779987 0.71131 0.754514 0.658261 0.781765 0.697006 0.75955 0.631145 0.752405 0.68008 0.788163 0.757694 0.783576 0.733296 0.799523 0.664565 0.801928 0.670807 0.789835 0.673897 0.790171 0.682077 0.77985 0.67646 0.786704 0.726849 0.78242 0.775557 0.780015 0.780352 0.76906 0.644916 0.788447 0.740536 0.791359 0.748515 0.771006 0.605258 0.757013 0.667072 0.784881 0.703733 0.787777 0.715998 0.768055 0.621185 0.770226 0.631711 0.766497 0.636702 0.785154 0.685317 0.770514 0.680302 0.796922 0.733845 0.760616 0.657516 0.793734 0.695842 0.789051 0.69063 0.797445 0.638528 0.797107 0.655723 0.78605 0.648856 0.783686 0.66832 0.790818 0.75723 0.799291 0.753384 0.774483 0.673116 0.791659 0.764743 0.763768 0.667881 0.765617 0.673334 0.771085 0.654133 0.796741 0.705693 0.679867 0.573242 0.793401 0.71523 0.795888 0.691328 0.781584 0.65454 0.771642 0.664906 0.80363 0.696914 0.784745 0.592523 0.785008 0.619748 0.806096 0.621114 0.798373 0.62884 0.785327 0.634072 0.78569 0.60548 0.804381 0.714671 0.776471 0.622339 0.778955 0.640424 0.78158 0.641997 0.779056 0.60388 0.796712 0.606983 0.775567 0.649162 0.781215 0.632604 0.791025 0.596244 0.801595 0.594186 0.167921 0.280704 0.163286 0.287362 0.163736 0.283932 0.158525 0.288691 0.161404 0.282471 0.158254 0.280718 0.156238 0.283884 0.152148 0.287459 0.150828 0.281906 0.146085 0.286013 0.15995 0.277531 0.178927 0.278049 0.183733 0.277224 0.182974 0.283696 0.155241 0.277878 0.177467 0.280964 0.144739 0.284591 0.177207 0.284278 0.16493 0.280199 0.150331 0.278215 0.177075 0.277193 0.172269 0.280787 0.142611 0.278419 0.172154 0.278074 0.165695 0.276861 0.13925 0.280263 0.152144 0.274309 0.19188 0.276255 0.192209 0.278633 0.186109 0.277201 0.140183 0.27602 0.179495 0.2722 0.195325 0.280228 0.169873 0.275315 0.183939 0.274021 0.14881 0.272682 0.144268 0.274184 0.188783 0.273511 0.159409 0.274315 0.165872 0.27245 0.138373 0.274407 0.173512 0.271061 0.196127 0.274475 0.14157 0.27311 0.175886 0.270232 0.198059 0.279465 0.153424 0.271098 0.134718 0.275224 0.134935 0.270844 0.185724 0.271566 0.157775 0.27166 0.167921 0.269444 0.142563 0.270911 0.193558 0.270663 0.131604 0.271435 0.128938 0.273256 0.162302 0.271798 0.145795 0.270467 0.138093 0.272303 0.139148 0.270296 0.162271 0.269498 0.148948 0.268982 0.182447 0.268799 0.198547 0.272887 0.15508 0.268509 0.151387 0.269289 0.173074 0.265643 0.20211 0.272194 0.204361 0.274637 0.137533 0.270064 0.189714 0.268347 0.185986 0.268487 0.15862 0.267704 0.143862 0.268568 0.179542 0.266931 0.151897 0.266582 0.134704 0.269358 0.128386 0.270007 0.165211 0.266675 0.162116 0.266756 0.140582 0.267725 0.19803 0.269689 0.182489 0.266342 0.138291 0.267032 0.167882 0.265815 0.13148 0.268268 0.126742 0.273051 0.148685 0.262596 0.190399 0.263152 0.146521 0.264158 0.135651 0.26543 0.204853 0.272134 0.154133 0.264153 0.193056 0.265683 0.179691 0.261441 0.165452 0.263007 0.172479 0.259752 0.197542 0.267805 0.133249 0.263148 0.128261 0.267565 0.12656 0.26875 0.123154 0.274245 0.208838 0.277302 0.208572 0.273736 0.175096 0.262736 0.163559 0.261924 0.187672 0.261965 0.122981 0.269968 0.12224 0.270911 0.211486 0.276202 0.182956 0.260327 0.201699 0.267125 0.142935 0.264853 0.167436 0.261167 0.150596 0.262604 0.154489 0.261811 0.207606 0.267625 0.129917 0.265681 0.221116 0.288189 0.225663 0.283386 0.231554 0.285066 0.176572 0.260521 0.223106 0.282499 0.232739 0.288755 0.224101 0.291872 0.189996 0.260104 0.216194 0.279584 0.213651 0.272153 0.234467 0.295116 0.12449 0.267027 0.138982 0.263597 0.122315 0.266823 0.195847 0.263095 0.211121 0.26675 0.142111 0.262743 0.127072 0.26372 0.120365 0.271408 0.118712 0.2689 0.117965 0.271442 0.164241 0.259843 0.198287 0.264432 0.149756 0.259993 0.170512 0.258812 0.160517 0.259746 0.122452 0.266137 0.121465 0.268071 0.138733 0.262819 0.152915 0.260002 0.219769 0.27681 0.130412 0.261636 0.200785 0.264011 0.145657 0.261479 0.192843 0.261264 0.17332 0.258472 0.186378 0.257731 0.141613 0.26187 0.180261 0.257263 0.231709 0.279183 0.203973 0.264557 0.164259 0.257493 0.134004 0.261452 0.124027 0.26448 0.157832 0.258626 0.121582 0.266662 0.220272 0.269375 0.175758 0.256158 0.138896 0.260957 0.199587 0.260135 0.15044 0.254636 0.116433 0.269656 0.11667 0.271094 0.134792 0.258503 0.202352 0.261434 0.195885 0.259742 0.246079 0.281886 0.120215 0.266289 0.184551 0.25591 0.117705 0.266757 0.259466 0.303096 0.247713 0.303812 0.25119 0.298484 0.140703 0.260088 0.142747 0.254806 0.170072 0.251906 0.262706 0.309602 0.250418 0.313724 0.121526 0.264163 0.166077 0.250467 0.20622 0.262918 0.157146 0.247718 0.210144 0.265055 0.189921 0.25582 0.128722 0.259486 0.143807 0.250425 0.115132 0.268033 0.260333 0.320953 0.231939 0.271746 0.179729 0.255405 0.113126 0.269597 0.114358 0.271879 0.218387 0.282876 0.228798 0.267075 0.229763 0.26988 0.194132 0.257998 0.215214 0.266438 0.117388 0.263704 0.250623 0.28869 0.137831 0.256193 0.242002 0.271678 0.204355 0.25981 0.274324 0.318254 0.187036 0.252954 0.183887 0.253122 0.121887 0.259885 0.123315 0.256485 0.136323 0.251192 0.132816 0.256164 0.207446 0.26019 0.176687 0.249479 0.112981 0.271637 0.211409 0.262032 0.277766 0.307022 0.189535 0.253975 0.26358 0.297458 0.149096 0.249586 0.16831 0.24664 0.131478 0.250178 0.19197 0.252994 0.199388 0.257101 0.195853 0.255914 0.194031 0.254757 0.18538 0.248965 0.112777 0.268507 0.214714 0.262689 0.220709 0.261121 0.113618 0.264025 0.11138 0.269951 0.111745 0.271628 0.188657 0.24937 0.225973 0.265226 0.197282 0.255526 0.204247 0.256653 0.177894 0.244857 0.161246 0.241171 0.13839 0.244671 0.11092 0.270276 0.257661 0.268705 0.19222 0.250804 0.198809 0.254991 0.110321 0.271633 0.111764 0.273961 0.261495 0.285947 0.11261 0.257179 0.11138 0.266037 0.110576 0.269418 0.19594 0.254152 0.182598 0.242502 0.258237 0.274187 0.217291 0.258677 0.110327 0.273725 0.208499 0.256951 0.237561 0.261557 0.23404 0.261778 0.193658 0.251815 0.203073 0.254927 0.198132 0.253599 0.20839 0.254667 0.187575 0.244414 0.282001 0.298721 0.109322 0.270925 0.200795 0.253535 0.168424 0.236783 0.145714 0.241073 0.153923 0.240261 0.133818 0.241505 0.127308 0.245346 0.225299 0.253263 0.284205 0.309922 0.108694 0.273503 0.198694 0.252731 0.196591 0.253707 0.271759 0.292343 0.21315 0.256142 0.205442 0.253625 0.109605 0.266555 0.195134 0.252144 0.194555 0.249877 0.109696 0.261192 0.23989 0.263511 0.108561 0.269789 0.197291 0.251735 0.202152 0.251906 0.195081 0.250669 0.196521 0.250543 0.108381 0.268126 0.192401 0.247269 0.190938 0.243758 0.108487 0.271376 0.198067 0.251306 0.200378 0.251685 0.107711 0.258444 0.107987 0.265691 0.176791 0.23632 0.113007 0.251034 0.139997 0.235647 0.158536 0.228975 0.121363 0.244002 0.123852 0.238947 0.217995 0.256208 0.196879 0.250417 0.196366 0.249874 0.203437 0.250984 0.195532 0.248968 0.210685 0.252188 0.198995 0.250278 0.266707 0.276194 0.107765 0.270975 0.107348 0.269843 0.103413 0.267936 0.202015 0.25092 0.107574 0.272473 0.200852 0.250773 0.212638 0.253546 0.233008 0.255527 0.18993 0.239989 0.186417 0.238719 0.18394 0.235247 0.237509 0.251355 0.236242 0.24756 0.198084 0.2495 0.106843 0.273372 0.201723 0.250116 0.216632 0.250961 0.19497 0.24666 0.208778 0.251726 0.106956 0.271693 0.103986 0.270481 0.203366 0.250014 0.105029 0.264283 0.105543 0.260607 0.1707 0.225297 0.129191 0.231495 0.107129 0.253484 0.116268 0.246029 0.151872 0.228455 0.143656 0.227636 0.296158 0.298608 0.196885 0.248202 0.243251 0.254717 0.247071 0.256652 0.107469 0.271003 0.276587 0.285263 0.200619 0.249048 0.205575 0.250242 0.240837 0.252699 0.202166 0.248835 0.105656 0.272519 0.219242 0.250782 0.22849 0.248677 0.207142 0.248856 0.254555 0.261294 0.195377 0.242356 0.189044 0.234937 0.178171 0.227197 0.10568 0.271771 0.233364 0.244202 0.275427 0.263254 0.199941 0.246382 0.210748 0.250482 0.10626 0.273959 0.203283 0.248297 0.276617 0.274795 0.201682 0.247709 0.293307 0.288468 0.204589 0.248289 0.105122 0.273661 0.101997 0.260996 0.194178 0.235171 0.101324 0.266858 0.107258 0.244761 0.165105 0.219845 0.102216 0.256667 0.145953 0.215605 0.134516 0.221654 0.214179 0.247882 0.209192 0.247911 0.206609 0.247435 0.21835 0.247036 0.22159 0.246382 0.10512 0.274497 0.204507 0.2478 0.104433 0.274796 0.0981573 0.271007 0.0996618 0.273079 0.0983733 0.274058 0.102372 0.27088 0.199935 0.239992 0.199485 0.242914 0.0993325 0.268837 0.0996338 0.263791 0.0958337 0.265563 0.200595 0.236791 0.0935187 0.269463 0.0985756 0.25866 0.186894 0.226835 0.227068 0.245848 0.207993 0.24549 0.266599 0.255199 0.286869 0.279007 0.103719 0.273323 0.211426 0.245998 0.100462 0.274857 0.205532 0.245545 0.205396 0.242487 0.203232 0.245694 0.250815 0.248753 0.246339 0.240695 0.203607 0.247228 0.101107 0.271725 0.199546 0.232376 0.093211 0.263108 0.193099 0.228929 0.0878636 0.267648 0.0871486 0.276991 0.0842198 0.273072 0.11388 0.2304 0.108532 0.235629 0.183177 0.221977 0.0993727 0.247628 0.0972149 0.254546 0.157599 0.218947 0.153291 0.215403 0.204124 0.24694 0.104998 0.275579 0.101923 0.274854 0.241671 0.241791 0.209671 0.239833 0.212705 0.244465 0.104053 0.274772 0.215607 0.244287 0.218933 0.242664 0.241585 0.23384 0.211043 0.234983 0.0914021 0.260361 0.0855158 0.262501 0.0798147 0.270061 0.290963 0.273672 0.104427 0.275007 0.223876 0.240291 0.103248 0.275208 0.214188 0.23923 0.252379 0.233361 0.075614 0.269775 0.0751529 0.277957 0.2089 0.227138 0.202102 0.223545 0.190793 0.21987 0.176944 0.214744 0.0934008 0.252665 0.0869716 0.257078 0.157789 0.203814 0.138615 0.216947 0.12511 0.221825 0.118742 0.224977 0.0714947 0.271652 0.304002 0.281328 0.217969 0.241529 0.104265 0.275002 0.228412 0.236602 0.104227 0.275366 0.22121 0.238181 0.104492 0.275766 0.245984 0.230352 0.23724 0.234332 0.0782771 0.265389 0.264779 0.246815 0.308992 0.293034 0.289942 0.26076 0.102417 0.276231 0.103988 0.275564 0.072975 0.26456 0.220794 0.228778 0.0809921 0.258587 0.197982 0.213725 0.171575 0.205355 0.093741 0.240808 0.0858383 0.248232 0.103501 0.227565 0.189594 0.209219 0.10376 0.276234 0.103858 0.276541 0.236881 0.228249 0.232969 0.230938 0.102629 0.276721 0.103395 0.276443 0.28181 0.247309 0.220788 0.224197 0.20776 0.21914 0.225303 0.221625 0.310323 0.264517 0.0664566 0.271367 0.238652 0.220924 0.215126 0.214123 0.20486 0.213791 0.0796663 0.252537 0.0749514 0.259819 0.127783 0.209716 0.120039 0.212833 0.149852 0.203192 0.139497 0.197866 0.114472 0.216506 0.134745 0.206268 0.108026 0.220617 0.228636 0.217337 0.330061 0.272106 0.273183 0.240824 0.264473 0.2265 0.0669535 0.266488 0.0673447 0.259613 0.322853 0.281366 0.246875 0.218103 0.300607 0.254789 0.249778 0.219208 0.255383 0.21896 0.0633634 0.256356 0.222882 0.207384 0.0798026 0.242325 0.0734147 0.247739 0.0882572 0.238817 0.209036 0.207196 0.195421 0.198195 0.0722283 0.256397 0.187624 0.195541 0.292502 0.236323 0.29719 0.243989 0.233737 0.207913 0.247175 0.204242 0.250818 0.208338 0.209608 0.196318 0.216377 0.201815 0.0728896 0.239449 0.065863 0.249885 0.173997 0.192012 0.164884 0.194448 0.115377 0.203734 0.122038 0.196062 0.154783 0.191191 0.109226 0.206988 0.146548 0.191531 0.0985718 0.21823 0.0994161 0.196187 0.130359 0.194801 0.0875932 0.227112 0.0788643 0.233133 0.277749 0.225063 0.225951 0.202485 0.206401 0.189121 0.189532 0.180086 0.179192 0.179776 0.276147 0.214359 0.0590942 0.249386 0.237752 0.19487 0.261144 0.199508 0.253694 0.202282 0.249067 0.188273 0.221738 0.188347 0.063048 0.241654 0.0638844 0.234712 0.113782 0.183456 0.105752 0.186294 0.198861 0.181382 0.146507 0.172238 0.134227 0.171726 0.135368 0.184782 0.125239 0.171937 0.11941 0.174977 0.0689464 0.231714 0.088003 0.200875 0.170498 0.180523 0.168176 0.168696 0.0866702 0.215445 0.159205 0.171539 0.074501 0.223139 0.295354 0.228306 0.253439 0.19093 0.231351 0.18545 0.31304 0.229654 0.269293 0.202627 0.317269 0.240619 0.0499272 0.242129 0.225366 0.17655 0.207216 0.175404 0.103186 0.172211 0.0567362 0.235459 0.144711 0.153134 0.13648 0.155334 0.0897113 0.184151 0.292602 0.21498 0.235603 0.184329 0.246711 0.186335 0.176945 0.164524 0.184508 0.161609 0.11369 0.169575 0.0520965 0.224242 0.155072 0.154991 0.159714 0.146848 0.05925 0.220065 0.193929 0.16221 0.0794478 0.186531 0.126945 0.15966 0.112767 0.152437 0.0721398 0.191924 0.0728231 0.209086 0.0615349 0.208055 0.262842 0.185913 0.253526 0.18174 0.289128 0.20561 0.218177 0.170062 0.272713 0.186332 0.282009 0.19802 0.119473 0.141878 0.103487 0.157936 0.204872 0.156242 0.0501766 0.232365 0.186328 0.1438 0.0770088 0.176999 0.172393 0.146889 0.319006 0.212503 0.247263 0.17719 0.238315 0.171551 0.315282 0.203174 0.258282 0.172669 0.231995 0.167863 0.224913 0.159107 0.109247 0.144082 0.202818 0.142529 0.136655 0.136739 0.126758 0.138316 0.0534924 0.210946 0.147964 0.14393 0.0626164 0.193688 0.326548 0.220801 0.251926 0.170244 0.24478 0.165731 0.21599 0.153349 0.266298 0.171654 0.297303 0.197781 0.279531 0.183942 0.236525 0.158553 0.0375363 0.227364 0.0900519 0.156779 0.075597 0.164248 0.0671023 0.169729 0.042171 0.214733 0.0957945 0.148732 0.0635833 0.179531 0.146509 0.133814 0.111152 0.119056 0.257498 0.159959 0.274388 0.162916 0.246893 0.160378 0.237688 0.152022 0.292726 0.179252 0.30453 0.186996 0.246136 0.147725 0.149009 0.115162 0.153707 0.127691 0.138677 0.115446 0.221245 0.139372 0.126464 0.115487 0.205335 0.132359 0.185574 0.130985 0.121023 0.118205 0.177022 0.129715 0.0943172 0.135538 0.0785975 0.154294 0.162171 0.121788 0.0565906 0.184731 0.0500299 0.175035 0.166876 0.133016 0.0534573 0.196935 0.0444452 0.200519 0.048405 0.188723 0.25916 0.151027 0.254735 0.1554 0.288188 0.172042 0.230223 0.134904 0.0561113 0.165876 0.171241 0.116402 0.157602 0.109719 0.0386351 0.204694 0.0379879 0.192238 0.195639 0.116588 0.0737174 0.143413 0.181883 0.117089 0.100333 0.124296 0.0833587 0.127473 0.0609641 0.157888 0.294029 0.171391 0.322516 0.193534 0.254191 0.138968 0.269153 0.146575 0.0454041 0.165466 0.217166 0.128264 0.163892 0.101152 0.208529 0.117611 0.15548 0.0981647 0.142706 0.102533 0.130271 0.0943249 0.189225 0.105555 0.17947 0.102288 0.121229 0.0991539 0.110802 0.0961102 0.105502 0.0986694 0.100115 0.111617 0.0922268 0.11762 0.069716 0.136382 0.0322981 0.183729 0.037401 0.177511 0.246574 0.135196 0.240181 0.13503 0.301724 0.172497 0.279058 0.149664 0.229349 0.119094 0.257923 0.132762 0.220313 0.105606 0.051865 0.139715 0.205286 0.103764 0.137428 0.0880546 0.0750804 0.116205 0.0810603 0.0983111 0.169173 0.0912495 0.113515 0.0863917 0.103102 0.0853872 0.0917826 0.0922839 0.0591478 0.131349 0.245128 0.129635 0.23884 0.12352 0.318134 0.172851 0.269962 0.130485 0.252771 0.130191 0.0315535 0.156965 0.158602 0.0767478 0.148794 0.0841281 0.146069 0.0713039 0.137857 0.0745852 0.128111 0.071226 0.119255 0.0717228 0.191857 0.0924348 0.109525 0.064627 0.0653968 0.11822 0.177886 0.0818901 0.070136 0.0988106 0.169766 0.077082 0.0694318 0.0776955 0.0293325 0.166021 0.0239219 0.172901 0.0966117 0.0757123 0.287964 0.149527 0.247301 0.118777 0.23058 0.107389 0.307943 0.163892 0.252911 0.118727 0.242177 0.11091 0.151796 0.0683952 0.0419461 0.125866 0.14091 0.0588178 0.136414 0.0632508 0.2064 0.0925714 0.127973 0.0599924 0.12516 0.0410019 0.0528993 0.119994 0.0538647 0.100014 0.117539 0.0572622 0.0363449 0.133227 0.160511 0.0677657 0.098859 0.0624576 0.0917668 0.0598213 0.0835445 0.0746133 0.25927 0.114608 0.285406 0.137652 0.219973 0.0971868 0.215924 0.0870218 0.304552 0.139634 0.249349 0.107577 0.240525 0.102226 0.295068 0.145097 0.100773 0.0348809 0.109259 0.0464555 0.102324 0.0470086 0.231487 0.0932721 0.153002 0.0530258 0.12832 0.038072 0.113745 0.0173615 0.115956 0.0355732 0.14234 0.0500465 0.0588046 0.0844857 0.194494 0.0836564 0.133056 0.0349592 0.045656 0.111643 0.105659 0.030333 0.183697 0.0666478 0.0140285 0.155689 0.0220363 0.143132 0.170189 0.0649357 0.184482 0.0508757 0.238525 0.0926447 0.226437 0.0879073 0.0790806 0.059404 0.208694 0.0821047 0.209496 0.0745427 0.101667 0.0123487 0.0958387 0.0423699 0.094227 0.0312114 0.0879526 0.0439358 0.317226 0.147351 0.272446 0.124031 0.265456 0.112839 0.244973 0.0929966 0.0854194 0.0358965 0.0945024 0.0213172 0.0978822 0.0156064 0.130462 0.00705376 0.141639 0.0366206 0.123731 0.0182287 0.214351 0.0773888 0.0930724 0.00787446 0.0874644 0.0104366 0.0806223 0.050621 0.107332 0.0084377 0.0624223 0.0590029 0.167311 0.0486592 0.146632 0.0292928 0.194971 0.0625746 0.0436712 0.0703483 0.0360841 0.108262 0.0496472 0.0628178 0.0335751 0.120002 0.0268646 0.128622 0.286887 0.126987 0.0889104 0.0224271 0.0858442 0.0296433 0.252065 0.0983948 0.328993 0.15348 0.0824504 0.0174518 0.227506 0.0793727 0.125139 0.00365522 0.119054 0.00479163 0.137545 0.0118854 0.169132 0.0405237 0.0232012 0.0380446 0.0255837 0.0291609 0.0322536 0.0364977 0.0821984 0.0409614 0.0181063 0.0329045 0.296573 0.123179 0.00633273 0.0357974 0.00161237 0.0285116 0.282177 0.115622 0 0.0366175 0.236144 0.0865703 0.0789725 0.0240339 0.234717 0.0807718 0.0484218 0.0284508 0.040254 0.0371422 0.0341389 0.0280783 0.0779529 0.0424256 0.0169142 0.0427127 0.0567982 0.0314147 0.0627127 0.020075 0.00565901 0.0473379 0.0664305 0.0501236 0.223793 0.0723413 0.205349 0.0651852 0.142638 0.0122511 0.154778 0.0273429 0.0729918 0.0475723 0.193201 0.0525652 0.0430653 0.0924281 0.0276485 0.115509 0.0342708 0.097849 0.0216838 0.125253 0.0164429 0.133581 0.183814 0.0448317 0.0658875 0.0289005 0.07989 0.0331539 0.0772312 0.0298128 0.137215 0 0.0708697 0.0211683 0.0318963 0.0463856 0.0256987 0.0453866 0.0611091 0.0385587 0.0542746 0.0499443 0.0101506 0.0552818 0.00344956 0.0604102 0.0558859 0.0397454 0.0424884 0.0451564 0.263801 0.102034 0.248326 0.0846848 0.0775562 0.0379051 0.230145 0.0743145 0.0733413 0.0413526 0.217685 0.0660397 0.192725 0.0440272 0.220112 0.0547121 0.0399652 0.0608933 0.0343903 0.0842834 0.155105 0.0220166 0.0707701 0.0330447 0.0275564 0.0511199 0.0195232 0.0533321 0.0629747 0.0436554 0.203026 0.0502143 0.151071 0.00854495 0.143692 4.04604e-05 0.256823 0.0953311 0.241442 0.0802759 0.0769231 0.0342874 0.0362448 0.0512593 0.0709081 0.0377447 0.157726 0.0160844 0.200016 0.0414622 0.190325 0.036737 0.0485011 0.0541199 0.237469 0.0756543 0.0427362 0.0559355 0.182934 0.0387042 0.0264813 0.105422 0.0212323 0.0950303 0.0167243 0.109793 0.0104658 0.123851 0.227007 0.0670476 0.0201394 0.0654785 0.153606 0.0069607 0.275728 0.104599 0.00883502 0.064935 0.184184 0.0306605 0.0363634 0.0586444 0.211554 0.0500109 0.313861 0.131177 0.284521 0.10151 0.263054 0.0942151 0.232861 0.0653066 0.0305284 0.065215 0.0226348 0.0912513 0.163816 0.0167214 0.00930712 0.113792 0.0196294 0.100306 0.0243225 0.0741585 0.248078 0.0762695 0.0284858 0.0599918 0.238789 0.0718509 0.322514 0.141092 0.291061 0.114913 0.0129227 0.070833 0.00368401 0.0781437 0.229361 0.0602242 0.0185947 0.0854259 0.217422 0.0490948 0.0140892 0.0760905 0.0120606 0.0835502 0.277429 0.0947345 0.006055 0.0831419 0.226324 0.0547067 0.0178902 0.0787792 0.00777504 0.0872647 0.00261059 0.0858398 0.253007 0.0717381 0.244048 0.0668707 0.235217 0.0551675 0.00993788 0.0991777 0.0138837 0.0912774 0.0114093 0.0956175 0.016784 0.0877621 0.0158968 0.0906226 0.00306997 0.091157 0.305738 0.117036 0.0131968 0.0874161 0.0108884 0.0901534 0.00595018 0.0927238 0.0151426 0.0889271 0.322047 0.118171 0.307715 0.104172 0.249454 0.0578382 0.0151487 0.0900006 0.00660765 0.0971352 0.265303 0.0720203 0.293813 0.0892697 0.261545 0.0637112 0.274087 0.074296 0.280876 0.083417 0.306457 0.0898542 0.288472 0.0704469 0.328515 0.113467 0.321163 0.0980716 0.298205 0.0767926 0.317649 0.0869585 0.722932 0.859381 0.723325 0.858892 0.724117 0.859631 0.722054 0.857105 0.722851 0.857014 0.722699 0.858468 0.72252 0.859191 0.721476 0.85784 0.723286 0.858216 0.720636 0.856434 0.723958 0.860314 0.722767 0.859635 0.721764 0.855423 0.720603 0.855393 0.720248 0.856381 0.720963 0.858072 0.721993 0.859055 0.725004 0.858773 0.72559 0.860806 0.723944 0.856035 0.719067 0.85455 0.71946 0.853415 0.722008 0.859762 0.724401 0.861362 0.721216 0.854027 0.719752 0.857252 0.720437 0.857975 0.724668 0.857007 0.725812 0.86268 0.719878 0.852926 0.723003 0.85492 0.719149 0.859003 0.720774 0.859611 0.726828 0.860461 0.72378 0.861479 0.723258 0.862217 0.718281 0.850717 0.716444 0.85037 0.717735 0.854563 0.72764 0.863463 0.7283 0.861755 0.723184 0.85281 0.716307 0.848745 0.714862 0.850408 0.718311 0.857009 0.714125 0.848661 0.724968 0.854682 0.726322 0.85627 0.720034 0.849772 0.717058 0.854761 0.711222 0.845211 0.712487 0.84416 0.710997 0.846351 0.71243 0.848365 0.728339 0.858249 0.726648 0.865154 0.717984 0.84765 0.720994 0.862675 0.723326 0.85113 0.715452 0.852468 0.709576 0.842809 0.713706 0.852096 0.725687 0.865425 0.72375 0.864111 0.703338 0.83615 0.703087 0.832305 0.705654 0.836616 0.716659 0.857177 0.709525 0.84011 0.706381 0.841479 0.688348 0.820513 0.688496 0.823214 0.677551 0.814897 0.709258 0.84442 0.731023 0.865065 0.726807 0.854317 0.711209 0.849572 0.714446 0.843517 0.71768 0.85965 0.699389 0.835637 0.700856 0.838634 0.708974 0.835674 0.724937 0.849249 0.725749 0.852747 0.67662 0.818071 0.712472 0.839872 0.686273 0.823662 0.706093 0.844766 0.730102 0.85858 0.714631 0.85566 0.69496 0.827199 0.692361 0.828469 0.729096 0.867058 0.697963 0.831599 0.699235 0.830601 0.730793 0.868132 0.721859 0.847199 0.71768 0.84411 0.718717 0.862235 0.724819 0.85147 0.708972 0.847461 0.697684 0.82261 0.703237 0.827786 0.694346 0.831184 0.696851 0.834521 0.723141 0.844876 0.68253 0.826227 0.706928 0.830804 0.709918 0.849458 0.671191 0.817272 0.724753 0.866127 0.733023 0.860527 0.733505 0.867035 0.718695 0.837414 0.69433 0.815884 0.684965 0.811058 0.690924 0.833712 0.699655 0.839198 0.710113 0.85321 0.710608 0.830233 0.730099 0.855033 0.715792 0.83607 0.710001 0.82165 0.676631 0.824851 0.704633 0.845059 0.707835 0.849418 0.720199 0.86598 0.696764 0.810316 0.733673 0.85932 0.72942 0.869479 0.725303 0.846014 0.710359 0.826294 0.715669 0.863658 0.716391 0.829468 0.71377 0.860303 0.736144 0.868616 0.707854 0.811998 0.732453 0.870775 0.730162 0.850388 0.674793 0.82734 0.686526 0.832925 0.698299 0.841968 0.70983 0.857821 0.722373 0.869661 0.726564 0.839571 0.721824 0.839874 0.725304 0.84299 0.728379 0.87089 0.726195 0.869293 0.703704 0.850188 0.70663 0.851614 0.687814 0.838756 0.733793 0.853192 0.665528 0.825317 0.729282 0.846475 0.724099 0.832963 0.734948 0.855553 0.716093 0.821951 0.677192 0.834706 0.734109 0.874975 0.719664 0.827057 0.736305 0.871717 0.734437 0.87311 0.730259 0.844275 0.734045 0.877349 0.701189 0.807228 0.695087 0.848655 0.69275 0.846799 0.73499 0.847993 0.73521 0.850971 0.700593 0.852437 0.735833 0.859323 0.739003 0.861224 0.73764 0.875985 0.739287 0.875835 0.739123 0.866529 0.716045 0.866928 0.732623 0.847275 0.716052 0.815196 0.738648 0.871441 0.71038 0.862146 0.675344 0.840573 0.665684 0.836953 0.720011 0.871605 0.724432 0.826924 0.710769 0.803711 0.704412 0.856914 0.703694 0.859123 0.712221 0.866474 0.683149 0.84921 0.688128 0.853078 0.736774 0.87756 0.658705 0.837876 0.726566 0.87559 0.742821 0.871234 0.697302 0.857087 0.722607 0.818316 0.715344 0.806581 0.730536 0.834972 0.739261 0.856706 0.730047 0.879551 0.721311 0.808166 0.659689 0.850832 0.651237 0.834665 0.737945 0.851682 0.735615 0.840973 0.741665 0.880661 0.729529 0.831391 0.693736 0.856077 0.676445 0.853975 0.725169 0.878375 0.649248 0.842206 0.734133 0.836307 0.743085 0.866105 0.744036 0.879019 0.726092 0.816582 0.730894 0.826133 0.666603 0.847986 0.738635 0.881394 0.735213 0.83054 0.705974 0.864418 0.735212 0.879798 0.649741 0.854761 0.641111 0.842541 0.743447 0.859638 0.708891 0.867402 0.684604 0.858324 0.746133 0.882551 0.743445 0.884992 0.741981 0.855352 0.687873 0.86176 0.747034 0.870582 0.691176 0.864003 0.738926 0.820557 0.701564 0.861827 0.740921 0.830072 0.715989 0.874662 0.743483 0.887435 0.747949 0.877831 0.695268 0.86595 0.745963 0.862991 0.740409 0.844973 0.743891 0.851163 0.721305 0.877252 0.701748 0.866965 0.671737 0.856089 0.740505 0.838478 0.705765 0.870823 0.749832 0.883752 0.75078 0.888239 0.748735 0.892614 0.748374 0.85789 0.660476 0.859113 0.749444 0.866 0.73515 0.805986 0.744081 0.845444 0.746688 0.84974 0.739124 0.887137 0.752259 0.878849 0.67813 0.862463 0.700405 0.871231 0.738977 0.814391 0.684324 0.867355 0.637906 0.8579 0.74588 0.892084 0.752366 0.87136 0.667432 0.86086 0.708437 0.877275 0.741341 0.809224 0.748559 0.81683 0.744142 0.824833 0.65131 0.864428 0.746394 0.834918 0.733672 0.890151 0.730529 0.886614 0.703724 0.879325 0.631176 0.863011 0.626239 0.859791 0.754713 0.878655 0.715086 0.885021 0.75675 0.883054 0.751095 0.853614 0.675033 0.869983 0.646286 0.869968 0.746963 0.821858 0.690982 0.871639 0.737678 0.893855 0.754218 0.860135 0.750186 0.844319 0.665923 0.867325 0.753268 0.893323 0.757484 0.845051 0.682129 0.876325 0.755778 0.891727 0.693644 0.875448 0.752412 0.823574 0.699578 0.878798 0.761801 0.832644 0.755401 0.868717 0.621424 0.875071 0.724708 0.890082 0.659286 0.873149 0.63242 0.870642 0.759235 0.899827 0.688852 0.878033 0.750944 0.899992 0.754268 0.839152 0.744764 0.896898 0.758266 0.862514 0.761471 0.851804 0.730106 0.894751 0.757607 0.855412 0.753628 0.899952 0.756183 0.90222 0.764273 0.891801 0.757848 0.87148 0.756739 0.810846 0.766931 0.818137 0.719383 0.888299 0.759832 0.895618 0.756505 0.906377 0.665421 0.876915 0.709834 0.889455 0.676473 0.880459 0.762833 0.875145 0.760432 0.882473 0.650963 0.877501 0.765469 0.825353 0.761551 0.845764 0.755248 0.907706 0.751108 0.906294 0.631152 0.882078 0.762615 0.905125 0.762461 0.859883 0.737976 0.900763 0.763655 0.869201 0.692891 0.884679 0.700341 0.889459 0.767564 0.904499 0.762761 0.807785 0.74424 0.90407 0.734378 0.898805 0.760563 0.912594 0.688857 0.886858 0.764738 0.856186 0.658835 0.883371 0.768882 0.84194 0.766364 0.836433 0.705372 0.889376 0.763376 0.913996 0.768919 0.861479 0.767541 0.850329 0.715156 0.895804 0.727529 0.902659 0.767998 0.83095 0.767574 0.869344 0.678204 0.887101 0.766506 0.87889 0.768669 0.887531 0.767588 0.912692 0.758919 0.914842 0.625175 0.891213 0.776117 0.817448 0.776547 0.82875 0.684703 0.893559 0.646431 0.888595 0.636732 0.890436 0.769142 0.896353 0.774743 0.845803 0.774539 0.854324 0.668127 0.888501 0.61724 0.893014 0.719252 0.897661 0.710276 0.900187 0.756989 0.916559 0.751075 0.915945 0.743243 0.909286 0.765573 0.926324 0.694125 0.893757 0.785822 0.825925 0.772346 0.873428 0.775347 0.86553 0.771354 0.884967 0.662735 0.890673 0.770365 0.927421 0.778755 0.835583 0.78021 0.841676 0.672743 0.894414 0.698754 0.903181 0.733386 0.911454 0.777751 0.874501 0.787206 0.836814 0.635815 0.896922 0.644954 0.896906 0.773754 0.889531 0.650253 0.899636 0.776279 0.926974 0.611673 0.906163 0.606264 0.895682 0.773449 0.901817 0.777382 0.906892 0.657603 0.893764 0.775503 0.89403 0.764927 0.929302 0.727644 0.909711 0.787172 0.86676 0.748178 0.919868 0.77859 0.912289 0.780168 0.887582 0.808798 0.82054 0.800286 0.817844 0.798702 0.803861 0.763999 0.933174 0.758063 0.927648 0.718821 0.90892 0.661641 0.897289 0.686441 0.902368 0.630663 0.904085 0.639841 0.905407 0.655182 0.901243 0.790878 0.862819 0.781833 0.869022 0.78804 0.843782 0.785345 0.854148 0.78308 0.880194 0.680019 0.90802 0.66301 0.902185 0.796124 0.833878 0.621157 0.907944 0.784311 0.892744 0.780864 0.899217 0.831414 0.818632 0.818823 0.805986 0.670177 0.906782 0.645687 0.909897 0.654724 0.907713 0.773386 0.93693 0.740305 0.919304 0.771983 0.940036 0.661823 0.905744 0.707749 0.909402 0.807754 0.836519 0.79986 0.842925 0.631551 0.913197 0.687298 0.909492 0.797164 0.853858 0.782866 0.920747 0.830841 0.811107 0.756735 0.935111 0.826422 0.82563 0.663774 0.914811 0.790667 0.891158 0.785155 0.898951 0.693149 0.912107 0.819647 0.832548 0.651463 0.912634 0.78484 0.908384 0.792417 0.87213 0.780539 0.938042 0.609105 0.915521 0.792643 0.883043 0.775639 0.94808 0.77963 0.940453 0.620266 0.918004 0.7713 0.943472 0.807909 0.849595 0.728765 0.918124 0.745772 0.931418 0.605052 0.907506 0.796111 0.865982 0.825348 0.839044 0.766289 0.94399 0.645087 0.920402 0.832166 0.826351 0.79108 0.921539 0.59668 0.907157 0.670671 0.915773 0.790669 0.901126 0.840499 0.836653 0.797729 0.871521 0.797187 0.880297 0.782903 0.946175 0.817504 0.846282 0.714395 0.91719 0.723436 0.928403 0.655266 0.918968 0.625948 0.925276 0.74023 0.931317 0.807771 0.855694 0.800811 0.860814 0.844579 0.820035 0.70413 0.921523 0.682566 0.920148 0.792562 0.906894 0.7958 0.89258 0.689689 0.919331 0.792632 0.925901 0.778726 0.957646 0.81184 0.862149 0.652669 0.923836 0.670547 0.923948 0.858051 0.833141 0.661369 0.926768 0.787947 0.938797 0.805647 0.870702 0.859392 0.822446 0.857391 0.847193 0.838568 0.845752 0.597059 0.918689 0.644173 0.92848 0.805339 0.880467 0.791487 0.91186 0.804028 0.893497 0.786625 0.963157 0.784898 0.956031 0.776088 0.962674 0.665305 0.935646 0.868939 0.814118 0.870821 0.828491 0.867602 0.843705 0.681522 0.930229 0.832553 0.854717 0.752756 0.944237 0.823432 0.85384 0.713892 0.929878 0.848909 0.851236 0.801184 0.902336 0.659598 0.94022 0.820293 0.86182 0.639404 0.93833 0.69035 0.929232 0.825638 0.862265 0.759162 0.949224 0.698088 0.926038 0.799044 0.906828 0.7981 0.914613 0.79828 0.921374 0.810266 0.888273 0.78181 0.966984 0.728759 0.936935 0.772369 0.961921 0.850744 0.863364 0.834773 0.862928 0.792946 0.94639 0.815958 0.873055 0.813778 0.878504 0.887052 0.826347 0.878368 0.837083 0.789003 0.961254 0.872602 0.856417 0.737527 0.941617 0.863029 0.863624 0.797582 0.932452 0.682457 0.935764 0.649339 0.943774 0.673369 0.940866 0.822937 0.875185 0.782515 0.972551 0.896146 0.839096 0.887918 0.850051 0.873198 0.864913 0.881782 0.866701 0.804472 0.919555 0.866964 0.876522 0.743561 0.948768 0.849647 0.871961 0.780709 0.983157 0.832911 0.871381 0.824512 0.882028 0.810514 0.907556 0.809063 0.899618 0.895302 0.866699 0.794618 0.970123 0.800094 0.953162 0.791356 0.980067 0.664275 0.953758 0.87586 0.876372 0.895718 0.854366 0.902954 0.835837 0.905802 0.844982 0.69184 0.940725 0.806114 0.929901 0.679102 0.942954 0.809969 0.916045 0.721783 0.937265 0.841606 0.879695 0.784267 0.983427 0.832919 0.884528 0.828828 0.891255 0.81882 0.890149 0.82359 0.896835 0.8952 0.874675 0.702505 0.936359 0.804496 0.938798 0.673438 0.950208 0.917352 0.855141 0.906625 0.858129 0.684766 0.946667 0.786544 0.981604 0.920853 0.874422 0.818907 0.903461 0.80188 0.959264 0.879763 0.890129 0.768685 0.969722 0.811502 0.92476 0.679676 0.955676 0.669684 0.965718 0.799619 0.973973 0.887342 0.885901 0.909531 0.87092 0.808798 0.950353 0.775293 0.983431 0.818796 0.909679 0.813847 0.911762 0.866008 0.892718 0.815817 0.945078 0.843019 0.88709 0.695359 0.95427 0.729885 0.952021 0.914472 0.884544 0.902666 0.897059 0.702292 0.945936 0.679184 0.965971 0.750507 0.956253 0.758819 0.968656 0.820391 0.916735 0.716882 0.945383 0.814435 0.933775 0.852844 0.890183 0.843707 0.897109 0.708477 0.947468 0.896617 0.901839 0.884207 0.899488 0.829969 0.905015 0.827454 0.912077 0.781505 0.9908 0.809858 0.964859 0.819692 0.926435 0.694988 0.961573 0.745135 0.964287 0.722846 0.952513 0.816691 0.960134 0.841993 0.90272 0.931214 0.879241 0.758068 0.978534 0.915144 0.909695 0.823142 0.9371 0.858107 0.899318 0.835964 0.911746 0.831441 0.92057 0.849369 0.902503 0.800578 0.98269 0.736502 0.961836 0.814184 0.977153 0.842615 0.922048 0.855554 0.910614 0.708073 0.959125 0.714295 0.959247 0.890434 0.921734 0.870385 0.912753 0.866636 0.90733 0.692399 0.974124 0.804195 0.984738 0.928687 0.905626 0.768762 0.995217 0.830779 0.929842 0.843879 0.914277 0.915899 0.917207 0.911011 0.922898 0.823227 0.950818 0.850469 0.918506 0.720889 0.969308 0.703933 0.964895 0.862706 0.919827 0.83059 0.947495 0.824277 0.967049 0.935888 0.914496 0.748248 0.987083 0.842143 0.930372 0.83814 0.941552 0.928903 0.923417 0.700291 0.968956 0.859087 0.925014 0.919791 0.933798 0.730452 0.970755 0.739728 0.973325 0.894184 0.92897 0.876304 0.918508 0.876276 0.928572 0.829098 0.953238 0.86909 0.926713 0.861971 0.932946 0.859182 0.941396 0.70246 0.974673 0.850815 0.944174 0.886835 0.934457 0.825059 0.977922 0.871168 0.936584 0.93511 0.937287 0.710313 0.976062 0.837755 0.957303 0.905128 0.941949 0.880365 0.942355 0.868072 0.945441 0.848636 0.960225 0.836148 0.96477 0.877526 0.951325 0.928115 0.950377 0.737087 0.984961 0.887577 0.954248 0.718111 0.98111 0.762037 0.997781 0.902685 0.950727 0.873887 0.961673 0.86434 0.95992 0.879316 0.965069 0.866249 0.969967 0.710598 0.987525 0.848015 0.972831 0.724127 0.99388 0.85834 0.973378 0.749078 0.999931 0.656681 0.144091 0.65208 0.140135 0.658581 0.137234 0.645595 0.127089 0.655318 0.12242 0.642608 0.138529 0.662637 0.151631 0.648494 0.154768 0.653051 0.161465 0.646918 0.118 0.658601 0.168931 0.647085 0.183044 0.644141 0.174996 0.640922 0.14717 0.632822 0.0953428 0.638955 0.0980183 0.620828 0.1034 0.663448 0.1803 0.64887 0.19457 0.64147 0.190462 0.632872 0.119259 0.621197 0.113435 0.640238 0.108312 0.639506 0.165858 0.640296 0.158175 0.657258 0.204173 0.644722 0.205749 0.632452 0.134491 0.617715 0.0910956 0.638657 0.0910759 0.656254 0.216512 0.620853 0.0833524 0.631554 0.0839633 0.627476 0.122879 0.61851 0.0997679 0.637091 0.157103 0.632019 0.0728559 0.629802 0.137767 0.621464 0.0757276 0.638129 0.196905 0.633542 0.185004 0.626072 0.0671272 0.60994 0.0732131 0.626592 0.162211 0.641913 0.215627 0.630584 0.17799 0.651447 0.223881 0.628749 0.200425 0.609231 0.084086 0.621479 0.193809 0.614886 0.0655139 0.627682 0.151332 0.616274 0.127673 0.600291 0.0887969 0.607072 0.102902 0.620238 0.134352 0.601614 0.0977278 0.622869 0.17008 0.608476 0.142841 0.642673 0.231375 0.615804 0.153008 0.605612 0.112244 0.597326 0.0833874 0.612323 0.135358 0.629819 0.208488 0.619112 0.186756 0.635465 0.221809 0.618497 0.179779 0.615046 0.166403 0.603919 0.123571 0.599958 0.0683492 0.609567 0.0281153 0.595026 0.0434298 0.599842 0.034477 0.611616 0.0572884 0.588113 0.0278475 0.618688 0.210879 0.604 0.129901 0.618526 0.203767 0.594789 0.105986 0.619151 0.218608 0.605935 0.141105 0.59473 0.060182 0.593225 0.0782888 0.605037 0.0503349 0.590227 0.0496591 0.61071 0.0448651 0.630862 0.233638 0.590046 0.0905549 0.599797 0.118686 0.610198 0.196785 0.632707 0.241393 0.606542 0.192558 0.608082 0.183814 0.596615 0.13785 0.58557 0.101103 0.582962 0.0815859 0.588376 0.11279 0.583758 0.0452889 0.589003 0.0716158 0.602934 0.169401 0.625554 0.236156 0.614188 0.213556 0.59791 0.150766 0.583604 0.0564741 0.581101 0.0383199 0.588187 0.128841 0.581135 0.117346 0.606634 0.201816 0.614726 0.228125 0.58611 0.0927377 0.592392 0.145574 0.579967 0.0517537 0.592446 0.176019 0.60068 0.199055 0.580307 0.0736081 0.57788 0.0713957 0.602564 0.212267 0.608444 0.237334 0.587325 0.168147 0.622732 0.246457 0.606593 0.221025 0.572664 0.0841166 0.574954 0.0431455 0.565928 0.109846 0.570484 0.0995087 0.568818 0.0887243 0.568098 0.128298 0.597716 0.218779 0.592847 0.20936 0.57265 0.0509683 0.575279 0.0250217 0.584888 0.0160179 0.595095 0.00749702 0.57334 0.00802194 0.580201 0.153423 0.56959 0.0653846 0.569626 0.0585706 0.583021 0.00115512 0.58518 0.182338 0.587441 0.198998 0.571804 0.0296068 0.573281 0.143025 0.558856 0.0791197 0.591433 0.215654 0.586288 0.202081 0.568409 0.0150075 0.56911 0.036457 0.557948 0.104902 0.558272 0.0990851 0.577793 0.195774 0.557429 0.0656273 0.560419 0.0580714 0.559689 0.122978 0.559727 0.0467343 0.57718 0.2133 0.565455 0.170418 0.573517 0.183942 0.57762 0.205951 0.560574 0.0363605 0.58855 0.221635 0.561726 0.0284257 0.562288 0.19475 0.567342 0.152652 0.552282 0.112698 0.569157 0 0.551036 0.0551708 0.548439 0.0443907 0.539864 0.0642335 0.538686 0.0705257 0.555682 0.136324 0.564956 0.209489 0.554622 0.022733 0.558166 0.00532408 0.55345 0.0335609 0.558026 0.146919 0.555923 0.15565 0.544693 0.0746525 0.569255 0.202977 0.568264 0.222655 0.553991 0.000216931 0.555858 0.0140907 0.549759 0.144506 0.538257 0.135148 0.551033 0.171712 0.539806 0.103361 0.537236 0.115921 0.54085 0.0895833 0.559119 0.207066 0.541381 0.124192 0.551284 0.191488 0.542802 0.0385062 0.547168 0.0269184 0.540023 0.157562 0.528131 0.0594684 0.543105 0.183725 0.548169 0.200411 0.528918 0.0801163 0.549944 0.00864595 0.551714 0.222886 0.534273 0.0515627 0.538937 0.146662 0.55881 0.244249 0.53742 0.0429296 0.5352 0.0307814 0.542912 0.0123051 0.530287 0.107967 0.524564 0.0959665 0.551753 0.211122 0.53033 0.134932 0.539523 0.0268097 0.523407 0.0715946 0.523307 0.114696 0.532962 0.0370073 0.521626 0.1244 0.51496 0.0803655 0.539961 0.194503 0.515804 0.0638667 0.516701 0.0516049 0.540433 0.210441 0.52694 0.15149 0.520865 0.0425682 0.532455 0.168014 0.529467 0.0179925 0.515355 0.104471 0.538401 0.217503 0.534562 0.206788 0.514046 0.0730205 0.536686 0.000304088 0.516044 0.0879836 0.510875 0.0575908 0.510415 0.135659 0.525876 0.0300943 0.528328 0.182407 0.525219 0.192533 0.53086 0.0105907 0.50315 0.0929326 0.505733 0.0681314 0.518639 0.160085 0.499336 0.112016 0.515195 0.164495 0.501086 0.0878029 0.510545 0.0345817 0.518261 0.0215725 0.519047 0.0143322 0.502909 0.100874 0.497931 0.0840865 0.5155 0.00641595 0.498129 0.0805286 0.495693 0.0529954 0.514115 0.203572 0.498202 0.0751263 0.49532 0.130587 0.50833 0.182902 0.50533 0.149533 0.5122 0.194097 0.488319 0.100165 0.5007 0.155817 0.494449 0.0594265 0.500542 0.0283645 0.489481 0.121567 0.506125 0.0127365 0.47945 0.10564 0.486371 0.0904589 0.499744 0.0376714 0.486967 0.0795002 0.498857 0.201685 0.504373 0.211061 0.49181 0.163938 0.499399 0.0199762 0.484731 0.0950435 0.482845 0.0853936 0.481188 0.0666363 0.498524 0.191991 0.486897 0.0478258 0.490143 0.181279 0.486782 0.0575244 0.497013 0.0105687 0.488985 0.146314 0.493035 0.0277525 0.480779 0.119138 0.476895 0.131055 0.478544 0.152828 0.4866 0.191711 0.478073 0.0526316 0.485928 0.172511 0.480729 0.0421584 0.48984 0.0180385 0.472929 0.0980983 0.471115 0.0849412 0.471541 0.0794509 0.472478 0.143138 0.471302 0.0693784 0.470733 0.0629398 0.483441 0.0300153 0.468623 0.0938377 0.474961 0.176504 0.465578 0.164114 0.468688 0.105637 0.457217 0.124181 0.470656 0.043689 0.462095 0.154454 0.47582 0.185737 0.455483 0.0796835 0.464156 0.0585769 0.476309 0.0125905 0.479247 0.0215874 0.456841 0.0949332 0.457206 0.135165 0.469414 0.0357934 0.455226 0.104053 0.455235 0.11268 0.461405 0.175686 0.456679 0.0708547 0.452452 0.0870228 0.462697 0.0290704 0.465217 0.0203484 0.457409 0.0505506 0.464899 0.0128457 0.453467 0.0602867 0.458595 0.038383 0.446777 0.105897 0.452174 0.075386 0.45102 0.175406 0.449912 0.123435 0.448516 0.15114 0.445491 0.157862 0.449142 0.0687303 0.447067 0.134829 0.442785 0.0987396 0.441516 0.0922635 0.441704 0.0847328 0.437212 0.11636 0.441937 0.16489 0.440922 0.0768666 0.438419 0.129516 0.444294 0.0584753 0.436999 0.139527 0.437737 0.0697348 0.444183 0.0297851 0.443026 0.0485414 0.442419 0.0392748 0.433314 0.108754 0.433765 0.0993931 0.436534 0.0893228 0.436683 0.173583 0.431656 0.143579 0.444663 0.0186916 0.43715 0.0619207 0.426456 0.124548 0.426882 0.13697 0.43117 0.158849 0.431947 0.0809463 0.431227 0.0731233 0.429042 0.172713 0.434034 0.190154 0.42383 0.106583 0.428135 0.0929596 0.426487 0.144212 0.424229 0.116141 0.426976 0.0840969 0.425917 0.0696929 0.431185 0.0546513 0.420409 0.157159 0.42559 0.0632975 0.425812 0.036491 0.416407 0.146429 0.420846 0.0751298 0.432554 0.0277819 0.4146 0.0913182 0.415104 0.137413 0.41956 0.0996187 0.42041 0.122529 0.414033 0.0823239 0.414899 0.11416 0.430487 0.0210309 0.412163 0.149138 0.421842 0.0458738 0.409559 0.12176 0.413018 0.105395 0.40553 0.134298 0.407218 0.0968254 0.403299 0.145534 0.412996 0.064141 0.406885 0.169358 0.417353 0.0275906 0.404361 0.108901 0.409388 0.0418674 0.407885 0.0863859 0.398985 0.16023 0.398982 0.17005 0.407488 0.0513536 0.40566 0.071101 0.399509 0.0772942 0.396213 0.145911 0.398567 0.124371 0.40898 0.0270277 0.395817 0.108402 0.399856 0.101034 0.400053 0.0912887 0.39892 0.113475 0.400901 0.0319772 0.391539 0.132495 0.398388 0.0584631 0.391615 0.100932 0.392133 0.115157 0.390756 0.0632143 0.388636 0.120256 0.386932 0.149988 0.38933 0.0792035 0.394059 0.0489553 0.393611 0.0395076 0.395471 0.0212404 0.384644 0.107191 0.388549 0.0943192 0.384068 0.0876583 0.378293 0.116219 0.383073 0.137504 0.380199 0.126779 0.386879 0.0295358 0.375388 0.146356 0.386844 0.0579935 0.389119 0.0446 0.379069 0.0700152 0.378643 0.0983943 0.372454 0.132381 0.374606 0.112108 0.375982 0.0516099 0.370672 0.103238 0.376355 0.077217 0.377648 0.0601295 0.370656 0.0842708 0.368723 0.12507 0.378314 0.0450466 0.365971 0.142933 0.362953 0.0946668 0.366904 0.115416 0.371914 0.0721113 0.359436 0.138683 0.368018 0.0623878 0.359734 0.124039 0.365712 0.076753 0.360494 0.0556789 0.354207 0.11056 0.359746 0.087368 0.363462 0.0658832 0.358878 0.102937 0.353673 0.0808561 0.354495 0.134739 0.357244 0.0974335 0.354312 0.118948 0.356777 0.0727135 0.349765 0.0599147 0.354627 0.0469562 0.347625 0.104539 0.350567 0.0909637 0.341682 0.118134 0.346083 0.0715012 0.343178 0.0929765 0.3475 0.0502384 0.337492 0.106075 0.338077 0.0982293 0.339066 0.0779698 0.337051 0.0640175 0.333094 0.0884795 0.330078 0.0683293 0.330831 0.105528 0.0807022 0.580621 0.0952659 0.574745 0.0932835 0.577161 0.0851631 0.581177 0.0934697 0.579787 0.0733128 0.575244 0.0876544 0.56995 0.0875888 0.574262 0.0757305 0.570483 0.0873705 0.584322 0.101805 0.574767 0.104116 0.576018 0.0971894 0.58259 0.107484 0.568089 0.108479 0.573704 0.0969595 0.569549 0.104601 0.581293 0.087501 0.589195 0.0167262 0.486609 0.00518126 0.500346 3.36468e-05 0.487401 0.00370716 0.476756 0.113032 0.571515 0.0981058 0.565487 0.101476 0.5927 0.0127641 0.472903 0.0270345 0.505178 0.017159 0.510207 0 0.510306 0.118727 0.571829 0.114269 0.577562 0.119141 0.569648 0.112035 0.566193 0.100811 0.557802 0.0810787 0.561022 0.00806599 0.455157 0.120083 0.571326 0.123711 0.577305 0.117725 0.579255 0.0278239 0.496038 0.110057 0.588809 0.0136726 0.533266 0.0312268 0.525501 0.0395439 0.53381 0.0142303 0.524512 0.00587291 0.519298 0.029384 0.515442 0.129228 0.57324 0.110867 0.562999 0.0282512 0.469625 0.0609618 0.5605 0.0665444 0.553482 0.0734274 0.560489 0.128149 0.569152 0.0175393 0.45288 0.0204125 0.457515 0.0523134 0.554476 0.12448 0.564056 0.00739095 0.442353 0.0845284 0.5529 0.135842 0.56968 0.0739393 0.540622 0.12098 0.580558 0.118462 0.586342 0.0551404 0.53962 0.0422274 0.541959 0.0396439 0.519423 0.0380175 0.487104 0.0405246 0.508869 0.034126 0.459817 0.13982 0.565304 0.026737 0.445196 0.130292 0.578208 0.0159503 0.432402 0.106719 0.59331 0.0081051 0.42281 0.0395862 0.448928 0.133961 0.563406 0.118719 0.555521 0.127579 0.584658 0.0454451 0.493322 0.0493231 0.481153 0.0963073 0.553989 0.0525296 0.532313 0.0418114 0.467424 0.104354 0.598392 0.129004 0.559761 0.135241 0.580625 0.0220484 0.427099 0.111492 0.598565 0.0161292 0.411796 0.140987 0.56873 0.140105 0.575741 0.144652 0.571793 0.105792 0.601454 0.0352326 0.436723 0.114667 0.59211 0.0477082 0.449823 0.0598756 0.524279 0.148034 0.564461 0.056878 0.510877 0.109999 0.602033 0.0311371 0.424549 0.0282965 0.416938 0.050275 0.459371 0.0584387 0.481283 0.0623441 0.490538 0.0185434 0.410207 0.0115922 0.403771 0.0650933 0.53197 0.14218 0.584575 0.138811 0.602544 0.13739 0.589131 0.0639735 0.469123 0.0422959 0.432776 0.123306 0.590485 0.059578 0.516575 0.119333 0.597453 0.0555192 0.50246 0.151372 0.572799 0.156765 0.577356 0.149569 0.575049 0.152828 0.578474 0.0841183 0.535441 0.152316 0.59271 0.025745 0.396723 0.0272752 0.406643 0.0388102 0.419469 0.147365 0.560384 0.154973 0.566755 0.157288 0.575356 0.143074 0.57662 0.149847 0.57646 0.0655098 0.474608 0.147252 0.578309 0.1407 0.581452 0.0588974 0.456903 0.104375 0.541035 0.130965 0.593586 0.070834 0.524087 0.132711 0.585965 0.157443 0.562626 0.159841 0.567037 0.0507424 0.440661 0.0352656 0.40945 0.141124 0.558069 0.130372 0.590491 0.127861 0.597731 0.124129 0.594237 0.0439956 0.423969 0.0695835 0.48224 0.0779398 0.474655 0.164531 0.565171 0.173156 0.566129 0.160829 0.569938 0.121076 0.551006 0.166988 0.562633 0.0767868 0.50195 0.113652 0.544487 0.0327776 0.396956 0.0782093 0.477713 0.176638 0.562136 0.0306011 0.389142 0.0948436 0.530355 0.0197183 0.390924 0.156146 0.559537 0.0121142 0.389039 0.149519 0.557359 0.139282 0.552391 0.0626851 0.451278 0.0729679 0.459484 0.0425636 0.408641 0.0632845 0.446244 0.0782802 0.493633 0.170326 0.557919 0.0546784 0.438359 0.0721432 0.51007 0.0737666 0.467407 0.0385022 0.383726 0.171274 0.552112 0.135263 0.549861 0.118404 0.536633 0.0225341 0.382924 0.029718 0.38393 0.084212 0.521599 0.154818 0.550359 0.0779386 0.518573 0.0430469 0.391726 0.0872655 0.486029 0.0856729 0.465092 0.0628047 0.434371 0.0615938 0.422248 0.13044 0.545035 0.0869031 0.475783 0.186593 0.562365 0.174795 0.554743 0.0847237 0.509167 0.0539337 0.416283 0.00802283 0.380974 0.0195664 0.374947 0.0927552 0.469422 0.0958495 0.521651 0.124629 0.538191 0.095642 0.491886 0.110287 0.531611 0.0937523 0.515533 0.193966 0.557741 0.0552513 0.403209 0.0953322 0.504821 0.0487478 0.394585 0.153053 0.54439 0.0746798 0.441343 0.00588933 0.37432 0.0947299 0.47907 0.137459 0.535629 0.0368634 0.374767 0.20747 0.562323 0.197242 0.554345 0.0248083 0.370944 0.0464816 0.383325 0.014612 0.369702 0.04418 0.377056 0.206765 0.5522 0.109065 0.523356 0.0845069 0.4529 0.182415 0.550612 0.104814 0.473549 0.122519 0.529221 0.0973448 0.46468 0.0426653 0.371022 0.0606526 0.411825 0.00686227 0.366771 0.018064 0.363522 0.107027 0.479114 0.213261 0.545774 0.217478 0.561246 0.103649 0.510543 0.162375 0.547511 0.051289 0.382247 0.147967 0.533286 0.11402 0.503136 0.0703452 0.429735 0.122405 0.522718 0.101201 0.495242 0.120712 0.518423 0.0151592 0.344817 0.0141244 0.357627 0.00267406 0.351537 0.00935319 0.338103 0.184069 0.54581 0.0926479 0.456735 0.165893 0.541676 0.0235451 0.348676 0.0244369 0.356402 0.219627 0.550224 0.115933 0.508281 0.10412 0.46714 0.0598031 0.389556 0.089058 0.44959 0.131068 0.521902 0.0390403 0.364029 0.118746 0.490623 0.0333572 0.35965 0.19425 0.546504 0.0175419 0.335223 0.0707736 0.402371 0.160833 0.530105 0.0543887 0.369965 0.0852252 0.439971 0.206191 0.541793 0.093432 0.446583 0.0734791 0.414979 0.0323179 0.352697 0.116423 0.471891 0.0507285 0.360083 0.0467846 0.36181 0.103493 0.457047 0.184066 0.537982 0.0766062 0.4243 0.124567 0.476167 0.0591126 0.38033 0.0268871 0.33583 0.115636 0.463752 0.0544562 0.364474 0.128569 0.511819 0.124063 0.503091 0.176426 0.533767 0.0808067 0.424909 0.0592673 0.371795 0.227156 0.55482 0.2235 0.539274 0.131821 0.489522 0.063525 0.37622 0.0684712 0.393013 0.235475 0.552014 0.146366 0.519595 0.034483 0.33906 0.190544 0.539609 0.0671774 0.382143 0.0608253 0.360758 0.108598 0.448266 0.0894079 0.436156 0.0320912 0.32326 0.0449231 0.353491 0.134058 0.506784 0.0403708 0.343066 0.0996775 0.441064 0.0869645 0.419599 0.129998 0.471638 0.235027 0.538421 0.202948 0.535159 0.078185 0.394969 0.19386 0.525697 0.0650063 0.362513 0.0593305 0.35309 0.171835 0.524704 0.0962317 0.430556 0.0518723 0.346489 0.156477 0.52185 0.219807 0.53421 0.0822285 0.40651 0.130001 0.464444 0.125179 0.457242 0.0687633 0.368126 0.139677 0.474672 0.151071 0.51436 0.196871 0.529035 0.182859 0.527268 0.0464976 0.339959 0.144082 0.503082 0.0932214 0.424099 0.0393714 0.330176 0.141896 0.493723 0.14354 0.4683 0.148877 0.509155 0.118129 0.451075 0.0670005 0.348295 0.0488674 0.328336 0.245252 0.541358 0.162569 0.513581 0.217837 0.528592 0.0775572 0.385894 0.11413 0.442547 0.0642043 0.345998 0.215955 0.519851 0.179548 0.518058 0.151263 0.490449 0.255098 0.528624 0.256622 0.541556 0.0563248 0.334113 0.0969612 0.418283 0.0762132 0.37463 0.0700674 0.356051 0.0757265 0.359423 0.236182 0.529047 0.0621859 0.335843 0.162009 0.503615 0.1088 0.436788 0.0696363 0.34051 0.0988963 0.409898 0.228821 0.529091 0.142356 0.45398 0.0898646 0.407975 0.160792 0.499269 0.0783126 0.369122 0.0703442 0.345282 0.176744 0.511446 0.153765 0.479533 0.156081 0.471271 0.146917 0.464962 0.197315 0.520895 0.124757 0.445836 0.101185 0.423554 0.0720716 0.34031 0.0757906 0.353873 0.0753653 0.346041 0.0685744 0.330212 0.131975 0.452433 0.0865687 0.398221 0.106003 0.429549 0.109333 0.429414 0.18224 0.50395 0.257827 0.524879 0.0742153 0.333784 0.0910146 0.390995 0.115267 0.434765 0.276617 0.528389 0.165021 0.485785 0.164423 0.474661 0.153166 0.467511 0.278126 0.539961 0.166749 0.468471 0.171447 0.497392 0.0761941 0.336698 0.0898448 0.383777 0.0848119 0.376959 0.195011 0.505216 0.0833558 0.363546 0.101194 0.416306 0.161593 0.463581 0.237507 0.518898 0.126848 0.440275 0.0935092 0.39505 0.103989 0.412099 0.0812235 0.35005 0.131786 0.440789 0.174646 0.477482 0.0809128 0.336432 0.0808305 0.324042 0.213257 0.511522 0.171209 0.47259 0.151258 0.456161 0.247307 0.516393 0.148136 0.455353 0.178145 0.496118 0.174074 0.489361 0.171381 0.484671 0.116297 0.426389 0.100059 0.400752 0.205115 0.507484 0.0817117 0.326343 0.189098 0.494021 0.140705 0.44165 0.234901 0.511719 0.12463 0.430679 0.184164 0.48408 0.0813347 0.342949 0.108164 0.419115 0.273932 0.519553 0.146068 0.449274 0.132401 0.433722 0.178871 0.481191 0.184619 0.473821 0.176828 0.46859 0.113966 0.420004 0.096567 0.383153 0.102564 0.390318 0.156551 0.456684 0.0850178 0.336956 0.0861052 0.342846 0.190312 0.479322 0.0901208 0.371416 0.0944449 0.37696 0.189521 0.469724 0.107047 0.393858 0.171769 0.461836 0.198996 0.488441 0.137253 0.437713 0.0864912 0.350245 0.0896995 0.359673 0.176093 0.462534 0.154596 0.444745 0.0874708 0.321914 0.13071 0.428026 0.0918556 0.36394 0.210015 0.500238 0.115548 0.415706 0.11044 0.403664 0.198339 0.494104 0.261971 0.51242 0.156944 0.448878 0.241795 0.508775 0.146634 0.440386 0.197931 0.481436 0.222077 0.501036 0.12298 0.420081 0.113817 0.40975 0.0997795 0.370788 0.109105 0.390525 0.197946 0.47414 0.196729 0.466727 0.183187 0.465214 0.208345 0.491166 0.139421 0.42977 0.122218 0.416723 0.23475 0.501752 0.286367 0.506281 0.0931861 0.351228 0.0990316 0.380322 0.0902306 0.345654 0.252295 0.507385 0.0905558 0.33598 0.0895799 0.327501 0.198502 0.464531 0.165552 0.450415 0.0977348 0.366938 0.107727 0.377958 0.146032 0.431342 0.178743 0.455587 0.120203 0.40956 0.218132 0.490367 0.110954 0.400537 0.162091 0.443696 0.206946 0.47936 0.111131 0.384647 0.183477 0.45828 0.274204 0.502525 0.214836 0.472782 0.13348 0.42012 0.126011 0.409172 0.115392 0.403657 0.0964857 0.340694 0.15289 0.439812 0.0975645 0.346022 0.0954217 0.349875 0.229304 0.48364 0.177264 0.450202 0.15705 0.439293 0.0953146 0.334052 0.251173 0.498041 0.100063 0.353391 0.105197 0.366654 0.231208 0.494196 0.182835 0.453139 0.219705 0.480266 0.267809 0.497049 0.251316 0.48929 0.185971 0.45499 0.118086 0.398916 0.113865 0.396465 0.122907 0.405609 0.167084 0.440892 0.174662 0.442351 0.155638 0.434342 0.193281 0.456659 0.199613 0.451995 0.0974399 0.336202 0.104344 0.358007 0.131986 0.410311 0.141883 0.42418 0.208765 0.465639 0.102213 0.347506 0.110026 0.376548 0.161297 0.43539 0.222184 0.465419 0.104652 0.361998 0.201496 0.459855 0.104064 0.340598 0.100326 0.339095 0.123558 0.39371 0.139494 0.417523 0.117332 0.384912 0.221373 0.4718 0.167945 0.432238 0.157358 0.428523 0.266441 0.489176 0.257411 0.488163 0.117413 0.389061 0.110945 0.37366 0.184794 0.446016 0.129664 0.399872 0.12565 0.400246 0.219427 0.460839 0.211719 0.459533 0.188364 0.448778 0.133527 0.402411 0.239875 0.48291 0.228991 0.471743 0.102883 0.335436 0.102337 0.333084 0.152313 0.424797 0.147389 0.419935 0.140407 0.410766 0.236126 0.473325 0.16879 0.429808 0.164548 0.428339 0.195287 0.445687 0.172991 0.43722 0.209832 0.4522 0.106113 0.349093 0.275687 0.477784 0.118878 0.36936 0.106882 0.356558 0.11493 0.375487 0.250696 0.47693 0.182126 0.438932 0.229796 0.46512 0.110052 0.36015 0.138022 0.403431 0.123435 0.388332 0.227887 0.459606 0.156759 0.417023 0.117888 0.379736 0.108108 0.345636 0.159918 0.420153 0.21586 0.453622 0.112549 0.362805 0.241805 0.468261 0.106911 0.330181 0.111529 0.350497 0.281313 0.487353 0.207535 0.445009 0.150978 0.416059 0.146212 0.411942 0.107544 0.335417 0.128874 0.392927 0.141193 0.406043 0.222269 0.453726 0.177709 0.432627 0.122982 0.382752 0.191252 0.438376 0.134711 0.399064 0.131794 0.396574 0.236923 0.461661 0.112767 0.354169 0.294435 0.485268 0.120245 0.374826 0.201945 0.436303 0.264479 0.47706 0.25094 0.468637 0.112392 0.34141 0.171214 0.424238 0.16513 0.417664 0.114866 0.347319 0.291533 0.480979 0.121089 0.362608 0.150088 0.410145 0.262808 0.469291 0.27633 0.468316 0.126004 0.374445 0.125054 0.378354 0.185307 0.430514 0.176908 0.428548 0.11622 0.358607 0.116175 0.351754 0.22854 0.447987 0.284783 0.474332 0.215288 0.444445 0.142413 0.399348 0.129349 0.386321 0.245355 0.464445 0.113718 0.334284 0.17867 0.425493 0.138557 0.39959 0.126901 0.382946 0.134664 0.391312 0.238797 0.456548 0.232193 0.449202 0.119694 0.352217 0.221526 0.442662 0.145884 0.402777 0.250047 0.456305 0.171504 0.415124 0.116889 0.34518 0.123869 0.36903 0.141469 0.393571 0.137371 0.391866 0.176116 0.420158 0.165019 0.41066 0.160082 0.412966 0.123136 0.348584 0.123821 0.360764 0.124827 0.356589 0.217189 0.435714 0.130167 0.383177 0.14816 0.400372 0.1921 0.429002 0.261648 0.459536 0.185468 0.422696 0.241602 0.45106 0.119735 0.340786 0.132158 0.385041 0.129896 0.378525 0.151056 0.405664 0.120156 0.345907 0.159015 0.408598 0.13672 0.386793 0.133805 0.381803 0.311128 0.464154 0.129465 0.373375 0.291372 0.465914 0.156997 0.404281 0.269265 0.458483 0.124203 0.351401 0.152932 0.400129 0.198833 0.42883 0.18135 0.419729 0.176998 0.411664 0.231034 0.439511 0.204845 0.427418 0.191583 0.421521 0.130306 0.365006 0.141487 0.390674 0.251938 0.447539 0.181678 0.414229 0.240451 0.442743 0.198986 0.424158 0.134188 0.378019 0.171958 0.405748 0.123476 0.336883 0.119141 0.331883 0.138167 0.385463 0.148222 0.393364 0.140154 0.386167 0.269945 0.453866 0.264248 0.451705 0.231137 0.434635 0.163872 0.404425 0.159437 0.399868 0.127214 0.346759 0.126612 0.340756 0.285563 0.456839 0.128675 0.358659 0.137749 0.382115 0.136075 0.373093 0.164146 0.402233 0.147354 0.387957 0.14343 0.38574 0.180344 0.409811 0.131606 0.350838 0.141765 0.375339 0.247302 0.437184 0.213538 0.425815 0.16026 0.395207 0.127156 0.333764 0.143024 0.382504 0.187792 0.413501 0.13053 0.353633 0.23778 0.43513 0.19527 0.41301 0.275127 0.445214 0.147809 0.385884 0.145936 0.381745 0.224017 0.425823 0.202397 0.418849 0.282917 0.445504 0.260812 0.442372 0.136225 0.366923 0.152901 0.390337 0.271444 0.441895 0.13976 0.369328 0.261344 0.43642 0.137159 0.357776 0.18606 0.408161 0.242468 0.430797 0.15227 0.386665 0.174196 0.399425 0.167145 0.397919 0.132997 0.34497 0.14576 0.37833 0.215441 0.418557 0.159134 0.389668 0.130342 0.335742 0.141267 0.362093 0.13165 0.328499 0.124081 0.325591 0.279151 0.436639 0.154737 0.382192 0.18114 0.400448 0.167139 0.391383 0.256156 0.430267 0.130574 0.322831 0.169515 0.395113 0.145666 0.370358 0.139617 0.355691 0.15132 0.379932 0.26878 0.425471 0.190185 0.4045 0.188217 0.400901 0.25608 0.425725 0.235195 0.424312 0.146087 0.366768 0.137978 0.34505 0.135196 0.333413 0.149982 0.372559 0.151811 0.375953 0.161306 0.382579 0.143831 0.359382 0.227659 0.413491 0.1789 0.393783 0.17183 0.390388 0.140449 0.347154 0.207863 0.410329 0.143796 0.348635 0.148131 0.354081 0.155709 0.378362 0.249024 0.41608 0.236023 0.414455 0.215883 0.40925 0.20344 0.405132 0.138907 0.337194 0.197101 0.403807 0.143669 0.339804 0.148859 0.359406 0.190738 0.398852 0.150603 0.365533 0.161795 0.378204 0.156114 0.374165 0.254092 0.416174 0.187416 0.393856 0.153641 0.361895 0.154835 0.370545 0.187783 0.389449 0.167201 0.380123 0.148658 0.344071 0.158271 0.374446 0.142842 0.329942 0.218036 0.403978 0.171886 0.383753 0.151334 0.35405 0.202503 0.39595 0.143236 0.334624 0.156284 0.36699 0.23116 0.40543 0.163551 0.375299 0.210207 0.402619 0.25019 0.408259 0.189863 0.390838 0.193605 0.395076 0.160032 0.370562 0.15894 0.368141 0.162661 0.371713 0.148893 0.335493 0.210978 0.395991 0.240308 0.40466 0.146497 0.333407 0.151026 0.339879 0.175934 0.380986 0.184229 0.383279 0.147117 0.328498 0.221929 0.398924 0.165937 0.371614 0.145001 0.323918 0.196205 0.392397 0.157274 0.346928 0.248176 0.396766 0.151973 0.331659 0.156087 0.361668 0.173977 0.373592 0.169257 0.371622 0.156411 0.352682 0.164282 0.366296 0.163553 0.363594 0.158496 0.355643 0.14853 0.323858 0.191827 0.384415 0.230556 0.400501 0.150237 0.329421 0.181018 0.377786 0.167775 0.366784 0.264445 0.401949 0.199035 0.385793 0.161632 0.360384 0.204686 0.390981 0.159508 0.352994 0.155577 0.334286 0.190661 0.381414 0.180679 0.374492 0.165193 0.358834 0.208049 0.384348 0.161282 0.345864 0.187133 0.376591 0.237954 0.396279 0.154355 0.32922 0.170998 0.36828 0.220605 0.388092 0.196868 0.382412 0.212539 0.389436 0.160713 0.341087 0.174017 0.368539 0.163819 0.352904 0.164802 0.349044 0.19942 0.380695 0.227993 0.392188 0.195386 0.377604 0.178066 0.366211 0.166977 0.36299 0.204353 0.383509 0.184768 0.372493 0.170925 0.364481 0.169537 0.361766 0.202281 0.380735 0.190874 0.370994 0.157192 0.327271 0.164448 0.341314 0.161881 0.332923 0.200322 0.377363 0.194524 0.37099 0.173844 0.365346 0.164891 0.338659 0.207972 0.378772 0.169541 0.356177 0.179668 0.36589 0.21293 0.380796 0.163262 0.328052 0.160007 0.325254 0.204854 0.373589 0.230148 0.384548 0.167789 0.343626 0.175751 0.363961 0.223247 0.383319 0.172529 0.362383 0.199963 0.369544 0.187259 0.367395 0.191654 0.365535 0.169211 0.333451 0.170967 0.359201 0.169849 0.353352 0.16534 0.321289 0.174123 0.336375 0.170916 0.356381 0.180153 0.360523 0.215584 0.376816 0.198961 0.360545 0.174375 0.361663 0.213341 0.373774 0.208744 0.368041 0.169761 0.32671 0.17215 0.351501 0.172294 0.346586 0.177658 0.34115 0.176595 0.360369 0.173723 0.357787 0.188539 0.361874 0.184445 0.362001 0.226512 0.37822 0.175873 0.333235 0.174945 0.358424 0.173838 0.326934 0.20544 0.360733 0.176587 0.352784 0.22127 0.372448 0.170794 0.322553 0.178311 0.33661 0.178042 0.330224 0.175915 0.355107 0.176725 0.350674 0.202936 0.357736 0.193755 0.355383 0.185086 0.358956 0.215456 0.368359 0.180259 0.339996 0.188315 0.354744 0.177794 0.357742 0.179965 0.356786 0.209628 0.360417 0.201535 0.354687 0.183327 0.343834 0.230182 0.366653 0.183413 0.356327 0.178503 0.354435 0.213713 0.359569 0.18002 0.346244 0.183427 0.352246 0.209214 0.355989 0.177672 0.350947 0.18265 0.349068 0.18635 0.353264 0.194702 0.348751 0.190661 0.352263 0.185755 0.348295 0.185618 0.33913 0.223122 0.364837 0.190968 0.346779 0.18696 0.345854 0.0102302 0.644558 0.00752524 0.639323 0.0113479 0.639721 0.00612598 0.642649 0.00310598 0.646683 0.0153415 0.633174 0.0189251 0.629514 0.0200278 0.635286 0.0045684 0.658712 0.0166316 0.642736 0.0311494 0.639047 0.0148089 0.650098 0.0189053 0.622113 0.0323305 0.625102 0.010924 0.657893 0.0253197 0.642122 0.0396576 0.637177 0.0195458 0.649976 0.00670133 0.667105 0.0184011 0.655705 0.0139811 0.6631 0.0185883 0.658423 0.0250973 0.651667 0.0366947 0.645849 0.0472418 0.626532 0.0297233 0.647886 0.0353459 0.650785 0.0249064 0.658311 0.0133574 0.669233 0.0128682 0.677402 0.0286751 0.653777 0.0224208 0.668033 0.0503414 0.650099 0.0229901 0.673566 0.0344489 0.657796 0.0448284 0.652961 0.0410545 0.654347 0.0261044 0.668476 0.0305316 0.662824 0.019151 0.684152 0.0393813 0.658455 0.056058 0.635077 0.0341309 0.671067 0.0286823 0.674468 0.0379889 0.664504 0.00848671 0.686353 0.0518682 0.618228 0.0458467 0.669171 0.0477083 0.668235 0.017912 0.696069 0.0431809 0.671844 0.0348931 0.683786 0.0523056 0.663006 0.0434232 0.679337 0.0649095 0.627327 0.0455108 0.683122 0.0298581 0.697403 0.0641435 0.642651 0.0537865 0.675159 0.0483503 0.67927 0.0599931 0.663813 0.0403533 0.691068 0.0154925 0.709184 0.00878352 0.705009 0.00776657 0.714586 0.0242479 0.706192 0.0704753 0.651638 0.0710398 0.631116 0.0834574 0.62685 0.0467335 0.686958 0.0147493 0.722665 0.011695 0.725858 0.00355555 0.724317 0.00475374 0.732338 0.023834 0.71513 0.0873173 0.621764 0.0500396 0.684456 0.0545669 0.684652 0.0474178 0.694808 0.0665674 0.671524 0.0735452 0.643498 0.0535387 0.691474 0.0148632 0.736755 0.0255 0.729722 0.0235489 0.723224 0.0636246 0.680386 0.0529624 0.69821 0.0389858 0.706184 0.0460733 0.703257 0.0741443 0.664375 0.0433768 0.712923 0.0299773 0.717309 0.0203093 0.732551 0.00684416 0.742345 0.0596088 0.696391 0.0924343 0.64079 0.0848286 0.65885 0.0502117 0.706512 0.0410391 0.717872 0.0563903 0.703549 0.036145 0.724366 0.0227839 0.739545 0.0748345 0.687309 0.0558192 0.708427 0.0780648 0.675294 0.0502519 0.714715 0.100889 0.632538 0.0944913 0.649944 0.0365807 0.729658 0.0298461 0.737732 0.0176119 0.747702 0.0264168 0.752422 0.0582553 0.709893 0.0535666 0.724143 0.0976207 0.615345 0.0623085 0.711161 0.0555789 0.724117 0.040016 0.72749 0.0673434 0.697865 0.0454975 0.723262 0.0609462 0.717666 0.0512436 0.727179 0.0402368 0.739565 0.0349745 0.747033 0.0447848 0.73508 0.0227719 0.760722 0.0136514 0.754982 0.00727919 0.755785 0.00130173 0.744724 0.0185339 0.762566 0.005205 0.761483 0.000136575 0.760432 0.107322 0.617998 0.101783 0.64246 0.094178 0.657224 0.0914421 0.669222 0.11172 0.631633 0.108858 0.640997 0.0776114 0.709145 0.0483288 0.737111 0.045486 0.743841 0.0544984 0.737098 0.0662809 0.718649 0.0116781 0.762111 0.0145504 0.766088 0.00090231 0.76639 0.00620971 0.767526 0.0617824 0.728445 0.11558 0.610261 0.0580481 0.732342 0.103133 0.649467 0.101474 0.664127 0.0195288 0.807067 0.0220209 0.801655 0.0240509 0.800969 0.0269092 0.802569 0.0177717 0.805575 0.0209158 0.807469 0.0531362 0.74293 0.0619591 0.735084 0.0326994 0.760432 0.043785 0.751287 0.0858662 0.6962 0.00187831 0.771922 0.0274558 0.76043 0.0165051 0.801744 0.0998512 0.673166 0.0263023 0.804695 0.0248793 0.80718 0.0589716 0.737985 0.129768 0.617459 0.0540759 0.745376 0.0886284 0.682503 0.0663082 0.726832 0.0195322 0.8 0.0221233 0.796742 0.0289137 0.79813 0.0279902 0.79543 0.0312984 0.799628 0.091374 0.695562 0.0164964 0.800172 0.0305849 0.802669 0.0785012 0.721665 0.0197122 0.794459 0.0669917 0.73629 0.0594934 0.743677 0.0292129 0.805718 0.0225694 0.812101 0.0531734 0.751095 0.0465908 0.760931 0.0238185 0.767837 0.0294084 0.770077 0.0328175 0.764764 0.0106302 0.770651 0.00728258 0.772414 0.0131671 0.774478 0.00428435 0.772361 0.0185355 0.772237 0.00337592 0.774807 0.0271441 0.791455 0.0322858 0.794808 0.0320904 0.790265 0.0382135 0.788592 0.0589641 0.750767 0.0303701 0.813043 0.0357651 0.79366 0.112626 0.652687 0.00110149 0.775415 0.00214446 0.775888 0.0516811 0.758481 0.0411906 0.762517 0.00806799 0.777338 0.0211857 0.773537 0.0253102 0.773395 0.0638082 0.746251 0.120783 0.635509 0.0370835 0.786932 0.014318 0.796123 0.0121078 0.799033 0.0369159 0.794719 0.0100284 0.796102 0.0333329 0.786757 0.105168 0.688522 0.0426339 0.786764 0.0232594 0.790065 0.0057749 0.775715 0.0166745 0.778014 0.0222596 0.779014 0.0384076 0.796534 0.0136563 0.792147 0.123174 0.650423 0.0407372 0.782661 0.0347337 0.78382 0.0266901 0.788337 0.0772876 0.735407 0.0446581 0.788658 0.0587033 0.756435 0.0527151 0.763104 0.00914895 0.793364 0.0431145 0.76958 0.00410836 0.776163 0.0855805 0.717979 0.0109455 0.778837 0.0243179 0.779 0.0281255 0.775876 0.0259347 0.786701 0.0271594 0.782801 0.0300202 0.783927 0.0221915 0.787711 0.020368 0.781325 0.11644 0.666226 0.0195981 0.790355 0.100418 0.680806 0.0386484 0.803676 0.095984 0.705271 0.0462539 0.76847 0.0624838 0.756048 0.0330845 0.780642 0.0421679 0.779805 0.0445846 0.780107 0.0454003 0.792716 0.138333 0.627064 0.0192887 0.787438 0.00190404 0.777118 0 0.778266 0.00168543 0.781261 0.00281854 0.782596 0.00115776 0.783301 0.112757 0.680628 0.0706333 0.746845 0.04685 0.775407 0.0113757 0.790392 0.00461339 0.794912 0.00339258 0.776582 0.00474669 0.776912 0.00859867 0.780402 0.00684 0.780018 0.0135191 0.780754 0.0160915 0.78175 0.0320027 0.77746 0.0285666 0.779372 0.000388462 0.781272 0.00103151 0.780224 0.00299315 0.780465 0.00294585 0.776916 0.00543753 0.779135 0.00279588 0.781381 0.0457886 0.795739 0.0047549 0.778384 0.0150754 0.789338 0.0051609 0.781443 0.035654 0.774195 0.0055861 0.78356 0.00387689 0.782328 0.00466683 0.783996 0.0438171 0.773779 0.00401712 0.784864 0.00276415 0.785719 0.0033191 0.784358 0.0503926 0.77746 0.00253765 0.78475 0.0300005 0.781006 0.00019653 0.780449 0.00290173 0.779085 0.00268933 0.777689 0.0090084 0.791018 0.0524597 0.768104 0.0580848 0.765068 0.00199503 0.783398 0.0389004 0.810626 0.00336141 0.78349 0.00544683 0.785598 0.00338827 0.785647 0.0542898 0.771514 0.00460204 0.786911 0.0333657 0.816161 0.0365171 0.776733 0.0299683 0.777832 0.000479163 0.779267 0.00366098 0.776994 0.0331413 0.778511 0.00745385 0.781362 0.00184156 0.778306 0.0307532 0.779631 0.0549917 0.782708 0.0032711 0.777098 0.00573277 0.790826 0.00680384 0.786177 0.00740251 0.788554 0.00562873 0.788243 0.0114803 0.781526 0.067049 0.757242 0.0133783 0.782239 0.0141021 0.784204 0.142486 0.618482 0.0158124 0.786184 0.0161209 0.787968 0.047367 0.797206 0.00253244 0.778003 0.00398044 0.777393 0.00729595 0.785123 0.00417682 0.77797 0.00807204 0.782277 0.0962333 0.715622 0.0585647 0.771696 0.053661 0.778466 0.00362253 0.778342 0.109216 0.694288 0.0891884 0.728773 0.00680001 0.783617 0.0800321 0.739476 0.0091346 0.786835 0.00221083 0.778707 0.0453006 0.814949 0.0378235 0.822874 0.128993 0.663623 0.00330559 0.777216 0.00362207 0.777465 0.0531646 0.78863 0.0122546 0.787816 0.00816938 0.782181 0.00364984 0.77765 0.0089001 0.782411 0.00321353 0.777231 0.0432926 0.80681 0.00883703 0.785461 0.137343 0.640136 0.00307815 0.778075 0.0644723 0.771145 0.010945 0.785699 0.00356906 0.777989 0.00924413 0.783868 0.0137148 0.786171 0.136032 0.655693 0.00984659 0.784777 0.00335609 0.777384 0.119448 0.709989 0.078473 0.751543 0.0443836 0.820771 0.00879371 0.783362 0.00991231 0.783038 0.0130633 0.78397 0.0115008 0.783156 0.0130194 0.78487 0.0106053 0.783849 0.057997 0.796355 0.0120178 0.784184 0.0605824 0.776914 0.128178 0.676638 0.00307216 0.777727 0.0499946 0.808655 0.147988 0.621992 0.0032903 0.777406 0.118986 0.687295 0.00352405 0.777606 0.0935287 0.729094 0.0876245 0.744942 0.0749932 0.762256 0.0615068 0.782765 0.0678599 0.772594 0.117286 0.69823 0.00335885 0.777534 0.00333638 0.77742 0.107102 0.722992 0.064715 0.785815 0.0587885 0.804201 0.056228 0.811308 0.147589 0.632067 0.144732 0.645679 0.14361 0.67386 0.130106 0.683619 0.0714577 0.781886 0.0971202 0.737316 0.0858151 0.752859 0.0629597 0.81138 0.0510391 0.821781 0.0797784 0.772399 0.0652951 0.801915 0.0679575 0.794591 0.0621935 0.817764 0.083354 0.76112 0.0710576 0.787388 0.16649 0.615273 0.098218 0.742342 0.168302 0.622615 0.160639 0.636128 0.0704502 0.809063 0.140825 0.683878 0.10516 0.73186 0.0706221 0.817163 0.150675 0.656271 0.0705375 0.800403 0.0878021 0.76571 0.095959 0.750381 0.0896668 0.759016 0.0749484 0.792841 0.0823979 0.802257 0.105115 0.739841 0.0800171 0.81762 0.0766323 0.823712 0.0793491 0.810955 0.114402 0.724028 0.0859395 0.775145 0.0813016 0.785424 0.0892398 0.822533 0.0996154 0.752497 0.160591 0.651004 0.081481 0.791947 0.138029 0.699065 0.0883349 0.814037 0.157204 0.660622 0.115364 0.746636 0.15919 0.674897 0.125517 0.718822 0.0910073 0.784849 0.0987272 0.776685 0.103095 0.761096 0.0945152 0.769424 0.183195 0.61576 0.136203 0.723474 0.118965 0.733909 0.0973729 0.814289 0.103167 0.819527 0.0940237 0.827423 0.138294 0.716062 0.115948 0.75327 0.0947305 0.791067 0.18095 0.627267 0.152176 0.682636 0.101046 0.803119 0.0939777 0.799252 0.110605 0.766806 0.175119 0.653023 0.1075 0.808927 0.172913 0.648795 0.0948344 0.830915 0.103379 0.822117 0.108802 0.819257 0.100555 0.780973 0.112829 0.809901 0.123874 0.74514 0.108054 0.786907 0.111333 0.819505 0.179603 0.668301 0.109848 0.779991 0.193636 0.628391 0.129832 0.733179 0.11202 0.824281 0.0988091 0.831793 0.154848 0.694688 0.118874 0.771026 0.18652 0.638686 0.114279 0.813772 0.113803 0.796324 0.102877 0.834106 0.154573 0.705022 0.179224 0.676631 0.162935 0.689462 0.112761 0.827187 0.148774 0.714664 0.200231 0.611914 0.125993 0.756247 0.121352 0.760188 0.124835 0.802072 0.122087 0.810743 0.136886 0.742443 0.129456 0.801545 0.120813 0.793373 0.119358 0.781079 0.143421 0.730911 0.189738 0.651194 0.129064 0.762659 0.1517 0.719615 0.124215 0.8182 0.122661 0.826544 0.129015 0.784393 0.171838 0.695888 0.2096 0.615408 0.114614 0.837108 0.12236 0.833127 0.131545 0.805196 0.126802 0.814073 0.131578 0.79327 0.199423 0.648476 0.144317 0.738503 0.130999 0.772487 0.181668 0.687358 0.211305 0.628089 0.157719 0.725178 0.142809 0.74834 0.143694 0.754031 0.135874 0.778647 0.131501 0.815782 0.136668 0.793221 0.13765 0.798963 0.126353 0.826504 0.140255 0.764807 0.130768 0.83267 0.122237 0.840693 0.198961 0.671103 0.144402 0.774026 0.171585 0.703465 0.134177 0.810326 0.156317 0.742737 0.130261 0.822415 0.222842 0.627072 0.171289 0.71187 0.16093 0.734978 0.1422 0.794151 0.14312 0.787163 0.128796 0.840627 0.159112 0.74785 0.152295 0.766253 0.218271 0.655217 0.212051 0.666709 0.154956 0.757278 0.186222 0.701618 0.145919 0.780922 0.217353 0.637682 0.16764 0.731272 0.137442 0.819286 0.133727 0.82768 0.190118 0.691503 0.143099 0.805551 0.144944 0.799171 0.149147 0.775732 0.139768 0.813602 0.137164 0.826147 0.177695 0.728178 0.162316 0.75534 0.204778 0.677941 0.192661 0.706258 0.133905 0.836787 0.13509 0.831215 0.167218 0.740992 0.15545 0.7698 0.150569 0.79632 0.150975 0.787624 0.180934 0.718271 0.155362 0.77814 0.152945 0.803929 0.227384 0.644101 0.143052 0.823929 0.14204 0.82831 0.159385 0.76464 0.177949 0.738487 0.170287 0.747485 0.201902 0.686788 0.133128 0.849525 0.151446 0.809664 0.171454 0.75385 0.146086 0.815192 0.155796 0.794276 0.164933 0.771498 0.141467 0.839922 0.199263 0.697917 0.236663 0.621584 0.23756 0.635834 0.157926 0.787649 0.162483 0.780149 0.169249 0.763949 0.154937 0.799597 0.152033 0.822761 0.199926 0.713176 0.161848 0.792677 0.193225 0.72297 0.161084 0.799143 0.140575 0.850671 0.189283 0.729523 0.180879 0.753755 0.24244 0.603516 0.247302 0.628547 0.163198 0.807972 0.16701 0.781371 0.220272 0.679227 0.160056 0.813457 0.231077 0.656465 0.170443 0.77124 0.254213 0.609946 0.152462 0.833792 0.240189 0.651134 0.228595 0.667702 0.211846 0.689452 0.167928 0.80121 0.189529 0.742916 0.158829 0.824056 0.179198 0.766057 0.2109 0.699187 0.165868 0.793394 0.150232 0.846994 0.176235 0.771868 0.170318 0.788536 0.196135 0.755919 0.188559 0.750486 0.1684 0.823245 0.228313 0.690439 0.260647 0.624191 0.185072 0.763313 0.176308 0.788894 0.261135 0.604662 0.250111 0.650126 0.176661 0.796248 0.168641 0.809748 0.203693 0.7182 0.182095 0.77693 0.16717 0.838018 0.160596 0.840757 0.190208 0.771807 0.261645 0.63543 0.208329 0.735333 0.198919 0.747553 0.186887 0.77584 0.186053 0.782398 0.241641 0.682492 0.278273 0.62522 0.17744 0.80161 0.218329 0.706647 0.199663 0.739077 0.246308 0.67899 0.195454 0.762735 0.170796 0.831763 0.159366 0.848111 0.183176 0.796984 0.261766 0.651101 0.191293 0.776255 0.18079 0.808759 0.18993 0.783518 0.231759 0.71187 0.222439 0.726301 0.179283 0.818156 0.208836 0.749524 0.206123 0.762692 0.231684 0.69534 0.230137 0.704345 0.171238 0.845661 0.172793 0.851018 0.156919 0.855308 0.256902 0.671294 0.219529 0.750258 0.273667 0.638319 0.274568 0.65554 0.221112 0.739065 0.203781 0.772209 0.178717 0.830395 0.157966 0.863258 0.169302 0.863768 0.1976 0.791017 0.24397 0.7018 0.178088 0.837899 0.18764 0.822576 0.283834 0.643855 0.267067 0.66604 0.259133 0.682644 0.287317 0.627639 0.19603 0.804185 0.195819 0.810273 0.179153 0.844427 0.208461 0.778995 0.240989 0.70936 0.189655 0.82778 0.255992 0.694121 0.207024 0.791145 0.213606 0.772059 0.187243 0.840678 0.272326 0.680278 0.240834 0.718792 0.223691 0.761779 0.175408 0.857439 0.231907 0.729205 0.180035 0.85897 0.285579 0.654782 0.234931 0.744653 0.233645 0.757546 0.275347 0.672474 0.253146 0.706139 0.248906 0.72586 0.200418 0.823266 0.202335 0.808153 0.215534 0.79435 0.183528 0.853407 0.226878 0.769553 0.187189 0.857204 0.246762 0.734149 0.24223 0.741181 0.191851 0.844573 0.198541 0.83405 0.249847 0.717832 0.185248 0.86873 0.288923 0.67226 0.268642 0.699071 0.198166 0.839953 0.190008 0.8673 0.196104 0.851952 0.228908 0.783139 0.221706 0.797554 0.203567 0.841336 0.207772 0.830299 0.218847 0.816036 0.262789 0.707097 0.264466 0.714665 0.194835 0.865798 0.201172 0.85773 0.276841 0.689064 0.204172 0.85081 0.259464 0.730628 0.245282 0.754396 0.204052 0.86277 0.276876 0.715057 0.270436 0.726907 0.240237 0.781603 0.257181 0.749255 0.278161 0.701671 0.226428 0.806465 0.255838 0.741311 0.211291 0.833928 0.211835 0.84127 0.208441 0.854972 0.249135 0.791726 0.214642 0.852149 0.227442 0.816474 0.210794 0.867374 0.216554 0.842203 0.223142 0.829363 0.245545 0.803226 0.258334 0.784271 0.261565 0.770654 0.27374 0.740713 0.23328 0.810714 0.224066 0.837493 0.609848 0.345567 0.616412 0.337519 0.633972 0.342891 0.611995 0.355126 0.626211 0.355507 0.600997 0.339897 0.609633 0.321289 0.599832 0.321634 0.591282 0.32733 0.60922 0.363056 0.639231 0.366218 0.633205 0.370739 0.622815 0.364312 0.648044 0.372522 0.599211 0.354242 0.624996 0.382113 0.579302 0.359525 0.599887 0.362448 0.611063 0.374856 0.616808 0.378499 0.635481 0.386067 0.602585 0.371187 0.599634 0.385169 0.607158 0.387606 0.596942 0.382688 0.567635 0.359239 0.579471 0.378029 0.584271 0.368896 0.624 0.396158 0.569353 0.334385 0.559895 0.344532 0.552962 0.340552 0.606715 0.395697 0.548195 0.339738 0.561116 0.32241 0.640063 0.39496 0.548706 0.329012 0.629413 0.40402 0.612898 0.403983 0.537919 0.340382 0.559919 0.368373 0.58191 0.395955 0.558097 0.375279 0.532729 0.354363 0.598636 0.398587 0.604647 0.407513 0.543047 0.359326 0.523351 0.347855 0.536913 0.332621 0.529614 0.331549 0.564537 0.383959 0.624669 0.415466 0.55093 0.366928 0.636551 0.410589 0.508364 0.33757 0.61159 0.420552 0.571212 0.390358 0.542521 0.378773 0.640409 0.418374 0.540922 0.368347 0.634863 0.427497 0.569687 0.39783 0.584593 0.401945 0.58346 0.408423 0.617275 0.432956 0.558127 0.390563 0.552252 0.383781 0.591256 0.413491 0.530992 0.366874 0.520066 0.361046 0.571467 0.407618 0.601013 0.422773 0.509901 0.354253 0.6256 0.439995 0.640339 0.445388 0.547583 0.395322 0.572263 0.420471 0.555964 0.399457 0.526806 0.378075 0.597941 0.433724 0.537501 0.392377 0.502441 0.34934 0.558119 0.406942 0.518406 0.368858 0.604068 0.439404 0.581131 0.422098 0.507339 0.364661 0.610077 0.448563 0.621513 0.455766 0.525063 0.389747 0.494713 0.361692 0.563809 0.414366 0.515297 0.379594 0.544218 0.40571 0.533003 0.404063 0.492584 0.343736 0.480813 0.35274 0.516605 0.389215 0.486985 0.35962 0.476268 0.341457 0.552783 0.41452 0.522765 0.401667 0.495941 0.374387 0.632509 0.463603 0.560918 0.42193 0.575448 0.428326 0.585665 0.435825 0.588673 0.445607 0.539884 0.417609 0.557366 0.432561 0.518021 0.397993 0.507676 0.386468 0.572708 0.433725 0.531714 0.414087 0.459372 0.357996 0.463649 0.342328 0.548926 0.422037 0.573969 0.442187 0.485418 0.371936 0.472509 0.363133 0.604168 0.461481 0.551219 0.431722 0.613843 0.468191 0.626327 0.475302 0.488497 0.380514 0.469871 0.385854 0.496795 0.399104 0.556846 0.440989 0.634012 0.483247 0.639112 0.474194 0.589009 0.454728 0.647519 0.482519 0.520533 0.418472 0.497373 0.39004 0.513075 0.414144 0.507181 0.403635 0.445612 0.342122 0.54031 0.42754 0.540201 0.433801 0.489018 0.393733 0.449679 0.361349 0.615812 0.480356 0.523045 0.421659 0.505163 0.411539 0.575384 0.459814 0.591831 0.468884 0.602249 0.468135 0.436772 0.348182 0.529032 0.426341 0.641206 0.494997 0.612407 0.495958 0.580163 0.467046 0.494969 0.410001 0.452653 0.377059 0.548074 0.440732 0.626042 0.494628 0.477396 0.392725 0.45653 0.388686 0.604814 0.480637 0.514148 0.423185 0.545564 0.443645 0.558163 0.454352 0.554547 0.449405 0.480075 0.399274 0.567867 0.462217 0.483602 0.403175 0.521404 0.430187 0.60228 0.487073 0.498116 0.422548 0.526795 0.435569 0.436273 0.365965 0.532124 0.44589 0.589818 0.487285 0.616182 0.504491 0.635739 0.499807 0.423858 0.355618 0.503295 0.43118 0.511156 0.432424 0.465328 0.397696 0.540862 0.452998 0.553642 0.461882 0.580884 0.480118 0.481047 0.411349 0.469359 0.403883 0.643481 0.51326 0.625436 0.513294 0.490023 0.416663 0.444689 0.379499 0.432339 0.370734 0.523308 0.440626 0.511946 0.439097 0.604582 0.50386 0.531495 0.448542 0.545312 0.459557 0.629116 0.51922 0.434679 0.380455 0.554092 0.466689 0.595073 0.502749 0.483182 0.419908 0.446462 0.391021 0.567122 0.481304 0.636548 0.528113 0.647429 0.523137 0.423029 0.37907 0.497126 0.428348 0.45501 0.400408 0.521095 0.449754 0.503394 0.436468 0.48758 0.426135 0.525316 0.459495 0.438389 0.393264 0.575951 0.486715 0.471121 0.417007 0.511023 0.446914 0.415695 0.361896 0.462053 0.40909 0.585252 0.499142 0.52921 0.464501 0.409039 0.374016 0.61212 0.520115 0.643667 0.533336 0.622602 0.527421 0.461874 0.41633 0.536677 0.469669 0.485189 0.436081 0.552491 0.484848 0.419759 0.385838 0.397827 0.357714 0.519282 0.452196 0.547263 0.473784 0.450232 0.408008 0.601788 0.518005 0.56761 0.493139 0.446591 0.404818 0.47051 0.426135 0.619781 0.53638 0.558257 0.487138 0.474129 0.433065 0.431413 0.400814 0.504358 0.452203 0.580749 0.509473 0.399396 0.376334 0.57639 0.506548 0.588267 0.516836 0.609951 0.528733 0.625298 0.541323 0.64208 0.541742 0.511357 0.454928 0.536772 0.476287 0.595371 0.530193 0.440882 0.411256 0.497969 0.455845 0.491583 0.446223 0.512127 0.465407 0.41943 0.394058 0.520458 0.466198 0.580974 0.52042 0.452889 0.419706 0.459079 0.425974 0.526409 0.47583 0.404377 0.388856 0.443171 0.421376 0.611732 0.538467 0.626399 0.547388 0.416749 0.40672 0.537347 0.48835 0.39516 0.383441 0.48121 0.448681 0.466405 0.434368 0.432307 0.407219 0.50634 0.460908 0.461523 0.430936 0.554932 0.502216 0.561552 0.5095 0.552672 0.496208 0.47166 0.444016 0.612152 0.548785 0.484913 0.455442 0.54319 0.494063 0.517222 0.476985 0.565985 0.51767 0.426047 0.411983 0.522188 0.48204 0.386443 0.378104 0.385791 0.391297 0.449254 0.427017 0.431907 0.421184 0.403118 0.399932 0.446043 0.433313 0.467291 0.44182 0.50039 0.469008 0.610539 0.556276 0.634718 0.555582 0.488326 0.46633 0.576695 0.538776 0.597417 0.545995 0.460466 0.442594 0.456822 0.436653 0.503079 0.480244 0.541476 0.507437 0.371252 0.384035 0.526173 0.493027 0.637666 0.562703 0.582842 0.540298 0.553676 0.521935 0.439453 0.428743 0.546417 0.516182 0.565896 0.529396 0.426595 0.425554 0.391152 0.403364 0.482643 0.462097 0.40365 0.410419 0.532888 0.499247 0.4651 0.453046 0.598238 0.551729 0.381761 0.398637 0.471137 0.454728 0.612353 0.562085 0.414215 0.416895 0.515413 0.494447 0.450187 0.441948 0.592647 0.564749 0.49446 0.473186 0.579064 0.549608 0.439981 0.438231 0.432347 0.433679 0.394046 0.411843 0.37354 0.396957 0.53001 0.506507 0.505255 0.489324 0.456633 0.45439 0.59095 0.559888 0.47744 0.465331 0.541333 0.518127 0.448886 0.454495 0.484075 0.472978 0.383267 0.411321 0.398925 0.420566 0.613088 0.566548 0.362891 0.393372 0.46014 0.465569 0.521593 0.500161 0.578192 0.556136 0.472183 0.464929 0.560691 0.538788 0.411082 0.427484 0.371304 0.407737 0.523524 0.509515 0.48791 0.483949 0.425642 0.438774 0.496956 0.48605 0.418402 0.432602 0.431949 0.445987 0.356217 0.401175 0.545968 0.532187 0.440847 0.449261 0.506873 0.505669 0.39009 0.41783 0.500894 0.493213 0.472376 0.479814 0.47952 0.483214 0.592377 0.572361 0.56265 0.551964 0.462449 0.476697 0.382959 0.424523 0.532272 0.524567 0.452708 0.465268 0.41603 0.44197 0.514243 0.511378 0.372227 0.419228 0.36136 0.412505 0.496559 0.500593 0.407454 0.437175 0.393166 0.430939 0.422684 0.444309 0.491371 0.492667 0.569683 0.564472 0.498848 0.509272 0.444467 0.459956 0.553412 0.546981 0.517071 0.523156 0.538481 0.536629 0.430175 0.453282 0.349968 0.406256 0.479638 0.48917 0.508446 0.516376 0.419174 0.454932 0.413281 0.446048 0.406365 0.443323 0.527693 0.539262 0.356763 0.418678 0.453856 0.476557 0.386283 0.438553 0.414844 0.449499 0.559163 0.561591 0.489201 0.500023 0.444382 0.470314 0.474148 0.487952 0.430207 0.459341 0.520378 0.528393 0.371203 0.433465 0.344707 0.410036 0.439538 0.46374 0.54257 0.554079 0.509946 0.525848 0.445191 0.47814 0.428982 0.462925 0.560268 0.569485 0.462561 0.486186 0.392588 0.452551 0.482877 0.50473 0.428628 0.467652 0.501615 0.520119 0.400996 0.452061 0.466681 0.49393 0.490448 0.513035 0.436042 0.469532 0.516218 0.538232 0.34606 0.425224 0.328868 0.406261 0.336133 0.420922 0.53273 0.553854 0.325658 0.418847 0.417972 0.460512 0.355817 0.430993 0.445853 0.482709 0.45556 0.486081 0.509717 0.536244 0.409877 0.458077 0.483395 0.517474 0.540533 0.562171 0.416855 0.466092 0.380158 0.446337 0.433002 0.47436 0.490584 0.525163 0.498173 0.530448 0.46403 0.50003 0.522222 0.54665 0.361847 0.439152 0.475236 0.50851 0.399144 0.462045 0.370348 0.442529 0.345684 0.43509 0.334015 0.426297 0.436916 0.483423 0.421234 0.470701 0.455133 0.49633 0.426384 0.477907 0.312782 0.421321 0.366361 0.44821 0.510791 0.549939 0.382528 0.455072 0.427348 0.487973 0.500868 0.546799 0.358013 0.447257 0.443337 0.494674 0.464179 0.526614 0.33489 0.433079 0.52221 0.559014 0.325692 0.430156 0.530466 0.564819 0.403551 0.469319 0.464602 0.509145 0.412782 0.479841 0.484094 0.531176 0.349927 0.44415 0.334692 0.447559 0.311523 0.428022 0.434428 0.496698 0.3231 0.447208 0.385779 0.467999 0.420492 0.485058 0.491109 0.536022 0.446541 0.504589 0.366175 0.458218 0.449202 0.519159 0.398333 0.472948 0.510883 0.565093 0.515398 0.570532 0.506593 0.556828 0.351413 0.455091 0.372828 0.465193 0.498887 0.551204 0.442725 0.512779 0.386135 0.474056 0.484757 0.550384 0.493803 0.553572 0.340848 0.456012 0.436787 0.510278 0.414814 0.496981 0.400759 0.481901 0.406122 0.488019 0.472826 0.540003 0.376726 0.475001 0.364191 0.468552 0.455965 0.52625 0.383058 0.487713 0.351176 0.467799 0.418427 0.504813 0.49762 0.565689 0.420533 0.511011 0.463162 0.536891 0.489118 0.563545 0.411321 0.503752 0.454888 0.535177 0.446552 0.529125 0.429858 0.514469 0.435985 0.526247 0.389723 0.496039 0.368129 0.482111 0.474135 0.552966 0.363165 0.48623 0.394007 0.50255 0.461921 0.544301 0.413404 0.522053 0.381179 0.499853 0.46629 0.554744 0.47464 0.567045 0.450713 0.547448 0.443939 0.538459 0.401855 0.514185 0.429806 0.53409 0.389814 0.517441 0.40675 0.529367 0.297222 0.844664 0.315555 0.843294 0.312301 0.851454 0.296783 0.835378 0.32849 0.852967 0.311496 0.859089 0.32384 0.84597 0.33465 0.860646 0.315049 0.834791 0.299767 0.825495 0.307525 0.825113 0.301117 0.816889 0.33854 0.848386 0.320135 0.835084 0.326349 0.840438 0.292647 0.816907 0.303954 0.805046 0.312065 0.815997 0.324115 0.826651 0.299212 0.802105 0.333662 0.840735 0.344332 0.855908 0.317232 0.812448 0.352557 0.849432 0.348566 0.840655 0.345285 0.863869 0.367756 0.853831 0.338399 0.832965 0.307605 0.795343 0.289063 0.794809 0.313615 0.802607 0.363888 0.863173 0.594158 0.666967 0.58394 0.676512 0.573047 0.661457 0.587315 0.659128 0.3368 0.82625 0.326409 0.819507 0.293235 0.785673 0.333088 0.813057 0.575193 0.650911 0.369023 0.846108 0.373795 0.860008 0.34927 0.82053 0.565485 0.648822 0.591529 0.689533 0.589339 0.70207 0.581723 0.696743 0.340472 0.816236 0.332019 0.801712 0.358119 0.827064 0.579079 0.683598 0.32496 0.796116 0.319402 0.789765 0.310975 0.78033 0.387947 0.852282 0.378575 0.849232 0.36763 0.839597 0.581301 0.732702 0.595954 0.734294 0.578487 0.738142 0.592442 0.719905 0.5606 0.657725 0.574111 0.717208 0.561693 0.680721 0.56038 0.670517 0.374295 0.841153 0.55506 0.652807 0.313903 0.770593 0.295312 0.775714 0.549491 0.6465 0.301589 0.764916 0.340435 0.804486 0.293643 0.757207 0.301859 0.75525 0.565783 0.690545 0.543208 0.642758 0.55246 0.634516 0.546132 0.630158 0.53722 0.632641 0.349265 0.805847 0.332242 0.790322 0.324656 0.782536 0.376335 0.830936 0.370715 0.819586 0.560824 0.703388 0.57102 0.708568 0.36075 0.818525 0.581665 0.750072 0.574619 0.758693 0.567015 0.74676 0.565663 0.718252 0.571023 0.765304 0.577899 0.769782 0.548467 0.697231 0.296262 0.741231 0.399826 0.86359 0.393591 0.856627 0.397837 0.846642 0.544721 0.660702 0.3233 0.771492 0.564049 0.771124 0.527717 0.64342 0.570658 0.737683 0.405472 0.852218 0.34473 0.793225 0.39039 0.839911 0.38431 0.835783 0.525376 0.631947 0.55589 0.691498 0.316344 0.746314 0.563271 0.725126 0.339071 0.78593 0.359909 0.805315 0.548829 0.675626 0.536281 0.655765 0.560306 0.758853 0.540294 0.668974 0.543753 0.681985 0.32179 0.758312 0.512729 0.629593 0.516183 0.63921 0.321406 0.633436 0.327287 0.635618 0.324163 0.648401 0.406766 0.844772 0.557298 0.739975 0.414291 0.850785 0.553379 0.717045 0.526854 0.650481 0.551101 0.750158 0.396938 0.828972 0.38558 0.826435 0.317156 0.639121 0.488035 0.62743 0.481223 0.625575 0.484705 0.610352 0.362089 0.795985 0.548924 0.767586 0.331698 0.62766 0.338014 0.620909 0.339737 0.630069 0.348404 0.61027 0.347068 0.619848 0.334045 0.77087 0.533855 0.668359 0.315121 0.735736 0.29836 0.73273 0.541685 0.689263 0.355481 0.613867 0.312843 0.644276 0.548052 0.72264 0.545323 0.78435 0.549507 0.78957 0.534034 0.79256 0.477066 0.613077 0.298675 0.692574 0.315072 0.688106 0.307151 0.693669 0.30072 0.687327 0.333129 0.643399 0.330477 0.651527 0.383302 0.816636 0.362408 0.619039 0.366158 0.608888 0.375419 0.612882 0.374523 0.810962 0.449821 0.852015 0.444534 0.842471 0.455709 0.841886 0.385341 0.617524 0.383014 0.607558 0.393131 0.616823 0.317141 0.652629 0.542666 0.804496 0.546255 0.705787 0.303974 0.683507 0.456664 0.621321 0.470551 0.626786 0.326244 0.748534 0.356798 0.625666 0.350147 0.628966 0.353053 0.785345 0.501294 0.623482 0.500065 0.635173 0.49036 0.635238 0.345629 0.775 0.397831 0.605375 0.42582 0.840851 0.412441 0.836933 0.509313 0.642472 0.321442 0.737516 0.434214 0.852497 0.433969 0.833076 0.439646 0.846391 0.407474 0.826747 0.533506 0.678946 0.307435 0.716058 0.306375 0.701539 0.313498 0.712205 0.541981 0.714568 0.314201 0.707785 0.315822 0.693227 0.525796 0.783183 0.544274 0.735992 0.311427 0.724973 0.407075 0.621159 0.406242 0.608187 0.418867 0.616628 0.367907 0.619823 0.348889 0.638225 0.34631 0.768219 0.528935 0.771062 0.306276 0.657272 0.314205 0.659277 0.312682 0.679063 0.331536 0.664484 0.446333 0.831168 0.307897 0.670155 0.375058 0.61935 0.521002 0.664826 0.53059 0.800633 0.511049 0.805037 0.517556 0.792688 0.365892 0.628396 0.338058 0.757784 0.320766 0.659279 0.341672 0.655207 0.317329 0.672667 0.308307 0.663444 0.532008 0.691952 0.371863 0.792701 0.499931 0.646735 0.527214 0.671819 0.466932 0.84288 0.461136 0.83078 0.431581 0.615669 0.438531 0.603516 0.434367 0.628554 0.442275 0.621641 0.466958 0.828098 0.478833 0.833896 0.543022 0.752212 0.320033 0.665079 0.341546 0.664963 0.482665 0.825211 0.497874 0.825838 0.510635 0.651664 0.397506 0.820849 0.510439 0.81768 0.501822 0.810978 0.314754 0.7166 0.475442 0.634014 0.319213 0.701652 0.494357 0.816579 0.531347 0.759904 0.356711 0.632332 0.352263 0.637415 0.323011 0.685561 0.494722 0.641323 0.421022 0.832307 0.326733 0.664257 0.325322 0.673626 0.387726 0.813259 0.525538 0.68104 0.468755 0.823545 0.427208 0.62875 0.376658 0.626376 0.534205 0.708439 0.537671 0.70182 0.388906 0.62704 0.455059 0.630528 0.487979 0.808837 0.322418 0.72082 0.538931 0.726969 0.516668 0.673302 0.325105 0.697442 0.380709 0.800072 0.40922 0.822378 0.536715 0.742782 0.347309 0.759389 0.331421 0.741114 0.326698 0.728731 0.363871 0.777627 0.500395 0.789559 0.504301 0.785823 0.479574 0.815896 0.529173 0.750934 0.328251 0.724445 0.433096 0.824904 0.322936 0.711109 0.494386 0.802436 0.354086 0.643179 0.358483 0.770504 0.397305 0.810725 0.531384 0.717893 0.516747 0.780305 0.326895 0.702404 0.512904 0.667676 0.33116 0.691179 0.421779 0.821674 0.33301 0.678281 0.339085 0.685098 0.475779 0.644288 0.446134 0.635619 0.340497 0.751679 0.529309 0.732115 0.53042 0.724914 0.40339 0.810778 0.35333 0.760486 0.375113 0.635193 0.390438 0.801133 0.403593 0.628567 0.501845 0.665462 0.344106 0.742932 0.335626 0.674221 0.329109 0.717423 0.517518 0.680001 0.4899 0.652063 0.36828 0.638654 0.330753 0.712664 0.379665 0.785629 0.421026 0.636318 0.441341 0.819258 0.516242 0.766713 0.454428 0.820906 0.522592 0.694286 0.33512 0.734715 0.356726 0.655593 0.365152 0.643948 0.52224 0.706571 0.525584 0.742828 0.453403 0.639991 0.454467 0.816634 0.474201 0.805768 0.411386 0.814898 0.384843 0.636508 0.515871 0.688866 0.385511 0.79293 0.506894 0.775866 0.431796 0.635532 0.460774 0.643327 0.348782 0.750807 0.507036 0.673614 0.337686 0.728475 0.429196 0.815222 0.465721 0.812295 0.333522 0.704742 0.36083 0.654976 0.478989 0.799032 0.407378 0.639826 0.39684 0.638969 0.33833 0.693207 0.369582 0.773407 0.454101 0.807746 0.343205 0.67736 0.397678 0.804664 0.333838 0.717538 0.374123 0.645091 0.360766 0.759859 0.359487 0.75047 0.489506 0.790118 0.419257 0.809544 0.347915 0.674008 0.353229 0.663402 0.362424 0.767689 0.43612 0.639741 0.409695 0.804963 0.359805 0.660415 0.339122 0.723006 0.507759 0.759013 0.392835 0.795841 0.52109 0.712206 0.513593 0.746789 0.508776 0.754006 0.338965 0.711612 0.512596 0.73019 0.340746 0.729054 0.487264 0.658777 0.415476 0.641779 0.44681 0.807245 0.399874 0.796508 0.438627 0.812493 0.471961 0.653512 0.463519 0.651597 0.5168 0.698698 0.4286 0.642571 0.515543 0.726311 0.3467 0.684534 0.507385 0.687013 0.401961 0.645061 0.345712 0.714079 0.515023 0.716533 0.369967 0.649971 0.376656 0.649585 0.355436 0.671737 0.347992 0.733764 0.468622 0.798786 0.345252 0.721179 0.437459 0.646899 0.346316 0.692454 0.425864 0.805397 0.383034 0.781889 0.504717 0.738622 0.353061 0.741841 0.343501 0.703261 0.351246 0.728229 0.392784 0.647624 0.497564 0.768798 0.485101 0.667993 0.390418 0.781602 0.476625 0.661167 0.382785 0.652118 0.452432 0.650085 0.434507 0.803756 0.408545 0.796763 0.493979 0.677689 0.509078 0.702112 0.370769 0.763757 0.366602 0.669403 0.371697 0.663305 0.400438 0.790158 0.379612 0.661484 0.351565 0.694449 0.347416 0.7073 0.357327 0.681187 0.452657 0.798865 0.493436 0.687338 0.411289 0.647393 0.508772 0.707518 0.360887 0.74514 0.417129 0.797736 0.47195 0.790785 0.355751 0.719116 0.430879 0.651514 0.371678 0.759912 0.443535 0.796594 0.352542 0.711779 0.352593 0.702643 0.478522 0.782139 0.423858 0.650342 0.360363 0.685284 0.496708 0.69646 0.486185 0.775382 0.389076 0.655386 0.466973 0.657429 0.38409 0.66262 0.368504 0.673942 0.497811 0.751198 0.39937 0.652023 0.506768 0.717046 0.433337 0.795321 0.414978 0.653095 0.458448 0.793986 0.360544 0.701224 0.502783 0.72812 0.360091 0.739122 0.438661 0.656305 0.367293 0.74751 0.409388 0.653991 0.5031 0.746781 0.382701 0.770654 0.379766 0.671214 0.471189 0.667636 0.49088 0.764822 0.501109 0.712808 0.50088 0.705233 0.410156 0.78946 0.454203 0.658861 0.424233 0.789619 0.372687 0.75236 0.401425 0.77996 0.373084 0.68206 0.405141 0.658332 0.361274 0.712454 0.478094 0.674656 0.392541 0.661654 0.359685 0.726985 0.366479 0.690743 0.470034 0.782393 0.459955 0.665938 0.460269 0.783843 0.49875 0.717275 0.493455 0.74632 0.478328 0.774699 0.482176 0.683246 0.424979 0.656443 0.500686 0.73285 0.440687 0.789812 0.394386 0.77471 0.480129 0.765742 0.385301 0.764009 0.362709 0.719477 0.447938 0.78787 0.366966 0.736073 0.3667 0.701451 0.447674 0.664556 0.467801 0.773882 0.418738 0.660569 0.376445 0.691845 0.371472 0.727196 0.372439 0.743628 0.412382 0.782196 0.483439 0.752738 0.409401 0.661088 0.492627 0.742541 0.489401 0.702865 0.430544 0.662944 0.487496 0.690727 0.407414 0.778651 0.368769 0.714304 0.431441 0.783883 0.493551 0.731301 0.487856 0.71057 0.441337 0.663116 0.442079 0.777331 0.474529 0.686811 0.381921 0.751156 0.49189 0.717265 0.421018 0.665606 0.377606 0.718231 0.3921 0.677672 0.397933 0.770747 0.459572 0.674611 0.399301 0.66919 0.419469 0.776421 0.377585 0.703419 0.479633 0.69601 0.486184 0.742595 0.454653 0.776783 0.466921 0.680552 0.480697 0.707739 0.384444 0.697871 0.374754 0.733522 0.402109 0.76938 0.483706 0.723414 0.462054 0.763141 0.403848 0.672362 0.386902 0.68697 0.484142 0.731618 0.389334 0.753881 0.474956 0.757317 0.446164 0.6731 0.434481 0.677114 0.380482 0.741608 0.43206 0.776288 0.413444 0.773639 0.413585 0.670453 0.477413 0.746509 0.454659 0.679109 0.382225 0.726321 0.451626 0.768729 0.400588 0.757861 0.381307 0.70925 0.423654 0.771526 0.464473 0.692939 0.477906 0.72103 0.394692 0.69221 0.474684 0.699709 0.406347 0.67794 0.414293 0.765273 0.386152 0.73277 0.478183 0.7389 0.40484 0.763732 0.426389 0.673963 0.474449 0.730366 0.400074 0.687852 0.439064 0.767483 0.387102 0.720912 0.399885 0.75114 0.38986 0.741218 0.461084 0.686577 0.432158 0.766186 0.463968 0.755986 0.470701 0.748116 0.474216 0.711104 0.467614 0.709695 0.392343 0.700987 0.448337 0.683676 0.414273 0.683919 0.425642 0.683659 0.392402 0.710715 0.443105 0.762426 0.411435 0.755804 0.457805 0.746795 0.452029 0.760782 0.463032 0.73844 0.400359 0.697081 0.452073 0.754588 0.422184 0.760419 0.469725 0.718124 0.39671 0.723352 0.463743 0.705967 0.403312 0.692018 0.461089 0.701966 0.397331 0.74299 0.401233 0.707307 0.437568 0.757873 0.454225 0.696167 0.463416 0.727661 0.442618 0.689713 0.430515 0.687721 0.409118 0.74915 0.419273 0.693114 0.431521 0.756029 0.408815 0.742922 0.400208 0.736266 0.40868 0.701408 0.451319 0.690259 0.447591 0.744214 0.442724 0.751763 0.436412 0.700418 0.450377 0.712477 0.445952 0.696921 0.459017 0.724473 0.404714 0.709497 0.403327 0.724757 0.454834 0.719046 0.450822 0.735761 0.425098 0.749556 0.438993 0.746475 0.416993 0.749869 0.417298 0.708315 0.451728 0.705205 0.419037 0.699393 0.409762 0.73214 0.442354 0.73654 0.442451 0.701904 0.444793 0.730411 0.429224 0.740572 0.411156 0.717418 0.417623 0.735766 0.41671 0.72344 0.426851 0.702834 0.428382 0.699607 0.431308 0.731808 0.423259 0.714552 0.442136 0.720438 0.437815 0.724709 0.437254 0.712419 0.424466 0.726592 0.432832 0.711071 0.42992 0.718921"/>
   </IndexedFaceSet>
  </Shape>
 </Scene>
</X3D>
